task,reference_method,internal_reference_method,comparison_method,comparison,metric,planned_pairs,valid_pairs,median_difference,q25_difference,q75_difference,minimum_difference,maximum_difference,ci_low,ci_high,interval_status,bootstrap_resamples,bootstrap_resamples_performed,bootstrap_seed,bootstrap_stream_seed,pairing_keys,pairing_detail,sampling_unit
Single,GFE,FE+g,Conventional,GFE minus Conventional,field_concentration_fraction,5,5,0.0008784261755546141,-0.0004907229740292729,0.0023453115499385002,-0.0006754252174633324,0.0032411322907847095,-0.0006754252174633324,0.0032411322907847095,estimated,10000,10000,20260906,7.248742063517334e+18,task + seed + identical target-condition hash,same cold phase for Conventional/FE/FE+g,paired command seed; Triple target outcomes reduced within command
Single,GFE,FE+g,Conventional,GFE minus Conventional,finite_ka_displacement_a,5,5,-0.30812636684832634,-0.43109227960833063,-0.1793879302787145,-0.6828056009552855,-0.08572607073832322,-0.6828056009552855,-0.08572607073832322,estimated,10000,10000,20260906,1.3114826276360753e+18,task + seed + identical target-condition hash,same cold phase for Conventional/FE/FE+g,paired command seed; Triple target outcomes reduced within command
Single,GFE,FE+g,Conventional,GFE minus Conventional,finite_ka_stiffness_min_n_m,5,5,0.0003959656285874194,0.00027541236010747904,0.00042786117602043486,0.00018301586968887291,0.0004625295304868937,0.00018301586968887291,0.0004625295304868937,estimated,10000,10000,20260906,8.902221106716524e+18,task + seed + identical target-condition hash,same cold phase for Conventional/FE/FE+g,paired command seed; Triple target outcomes reduced within command
Single,GFE,FE+g,Conventional,GFE minus Conventional,pressure_abs_at_exact_equilibrium_pa,5,5,-226.4618713663404,-231.28734114416733,-183.78856001866507,-288.9818355404485,-91.07386991535223,-288.9818355404485,-91.07386991535223,estimated,10000,10000,20260906,1.7050722309933778e+18,task + seed + identical target-condition hash,same cold phase for Conventional/FE/FE+g,paired command seed; Triple target outcomes reduced within command
Single,GFE,FE+g,Conventional,GFE minus Conventional,command_time_s,5,5,-34.1465118000051,-34.45516859999043,-33.451500600000145,-38.25934080001025,-30.90107639999769,-38.25934080001025,-30.90107639999769,estimated,10000,10000,20260906,1.318075493570053e+18,task + seed + identical target-condition hash,same cold phase for Conventional/FE/FE+g,paired command seed; Triple target outcomes reduced within command
Single,GFE,FE+g,FE,GFE minus FE,field_concentration_fraction,5,5,8.342354584911504e-10,-7.221661407763591e-09,1.4448450491588716e-09,-4.057279731628505e-08,1.7876199132071946e-09,-4.057279731628505e-08,1.7876199132071946e-09,estimated,10000,10000,20260906,4.79287180402389e+18,task + seed + identical target-condition hash,same cold phase for Conventional/FE/FE+g,paired command seed; Triple target outcomes reduced within command
Single,GFE,FE+g,FE,GFE minus FE,finite_ka_displacement_a,5,5,1.1969769063077673e-06,-3.325520001741522e-06,1.8990515625524895e-06,-1.322403700926289e-05,9.968502034371496e-06,-1.322403700926289e-05,9.968502034371496e-06,estimated,10000,10000,20260906,6.227429475829133e+17,task + seed + identical target-condition hash,same cold phase for Conventional/FE/FE+g,paired command seed; Triple target outcomes reduced within command
Single,GFE,FE+g,FE,GFE minus FE,finite_ka_stiffness_min_n_m,5,5,-5.366257483513381e-09,-8.405830791841096e-09,1.4910203872346012e-08,-4.338894439570584e-08,6.074417814366448e-08,-4.338894439570584e-08,6.074417814366448e-08,estimated,10000,10000,20260906,4.934664588800432e+18,task + seed + identical target-condition hash,same cold phase for Conventional/FE/FE+g,paired command seed; Triple target outcomes reduced within command
Single,GFE,FE+g,FE,GFE minus FE,pressure_abs_at_exact_equilibrium_pa,5,5,-0.00415938580771027,-0.008455122885165239,0.0010656241399833832,-0.009448426552523193,0.0064278481839529205,-0.009448426552523193,0.0064278481839529205,estimated,10000,10000,20260906,2.5226399529727124e+18,task + seed + identical target-condition hash,same cold phase for Conventional/FE/FE+g,paired command seed; Triple target outcomes reduced within command
Single,GFE,FE+g,FE,GFE minus FE,command_time_s,5,5,-0.0008062999986577779,-0.0010246000019833446,0.001392900012433529,-0.010390899988124147,0.0061237000045366585,-0.010390899988124147,0.0061237000045366585,estimated,10000,10000,20260906,4.1711757178024e+18,task + seed + identical target-condition hash,same cold phase for Conventional/FE/FE+g,paired command seed; Triple target outcomes reduced within command
Single,GFE,FE+g,IB,GFE minus IB,field_concentration_fraction,0,0,,,,,,,,not_applicable: deterministic method has no same-seed endpoint population,10000,0,20260906,,task + seed + identical target-condition hash,N/A: no stochastic endpoint population,paired command seed; Triple target outcomes reduced within command
Single,GFE,FE+g,IB,GFE minus IB,finite_ka_displacement_a,0,0,,,,,,,,not_applicable: deterministic method has no same-seed endpoint population,10000,0,20260906,,task + seed + identical target-condition hash,N/A: no stochastic endpoint population,paired command seed; Triple target outcomes reduced within command
Single,GFE,FE+g,IB,GFE minus IB,finite_ka_stiffness_min_n_m,0,0,,,,,,,,not_applicable: deterministic method has no same-seed endpoint population,10000,0,20260906,,task + seed + identical target-condition hash,N/A: no stochastic endpoint population,paired command seed; Triple target outcomes reduced within command
Single,GFE,FE+g,IB,GFE minus IB,pressure_abs_at_exact_equilibrium_pa,0,0,,,,,,,,not_applicable: deterministic method has no same-seed endpoint population,10000,0,20260906,,task + seed + identical target-condition hash,N/A: no stochastic endpoint population,paired command seed; Triple target outcomes reduced within command
Single,GFE,FE+g,IB,GFE minus IB,command_time_s,0,0,,,,,,,,not_applicable: deterministic method has no same-seed endpoint population,10000,0,20260906,,task + seed + identical target-condition hash,N/A: no stochastic endpoint population,paired command seed; Triple target outcomes reduced within command
Single,GFE,FE+g,GS,GFE minus GS,field_concentration_fraction,0,0,,,,,,,,not_applicable: deterministic method has no same-seed endpoint population,10000,0,20260906,,task + seed + identical target-condition hash,N/A: no stochastic endpoint population,paired command seed; Triple target outcomes reduced within command
Single,GFE,FE+g,GS,GFE minus GS,finite_ka_displacement_a,0,0,,,,,,,,not_applicable: deterministic method has no same-seed endpoint population,10000,0,20260906,,task + seed + identical target-condition hash,N/A: no stochastic endpoint population,paired command seed; Triple target outcomes reduced within command
Single,GFE,FE+g,GS,GFE minus GS,finite_ka_stiffness_min_n_m,0,0,,,,,,,,not_applicable: deterministic method has no same-seed endpoint population,10000,0,20260906,,task + seed + identical target-condition hash,N/A: no stochastic endpoint population,paired command seed; Triple target outcomes reduced within command
Single,GFE,FE+g,GS,GFE minus GS,pressure_abs_at_exact_equilibrium_pa,0,0,,,,,,,,not_applicable: deterministic method has no same-seed endpoint population,10000,0,20260906,,task + seed + identical target-condition hash,N/A: no stochastic endpoint population,paired command seed; Triple target outcomes reduced within command
Single,GFE,FE+g,GS,GFE minus GS,command_time_s,0,0,,,,,,,,not_applicable: deterministic method has no same-seed endpoint population,10000,0,20260906,,task + seed + identical target-condition hash,N/A: no stochastic endpoint population,paired command seed; Triple target outcomes reduced within command
Single,GFE,FE+g,AD,GFE minus AD,field_concentration_fraction,5,5,0.001724186440024672,0.0017238470882665613,0.0017247619467324615,0.00172384132554948,0.0017256109888621474,0.00172384132554948,0.0017256109888621474,estimated,10000,10000,20260906,7.783805337517027e+18,task + seed + identical target-condition hash,same base-seed block; AD retains its declared native seed offset,paired command seed; Triple target outcomes reduced within command
Single,GFE,FE+g,AD,GFE minus AD,finite_ka_displacement_a,5,5,-0.3547897515887819,-0.3550592557599054,-0.3534536509541989,-0.35537803014957564,-0.35102892285049303,-0.35537803014957564,-0.35102892285049303,estimated,10000,10000,20260906,8.882120522214945e+18,task + seed + identical target-condition hash,same base-seed block; AD retains its declared native seed offset,paired command seed; Triple target outcomes reduced within command
Single,GFE,FE+g,AD,GFE minus AD,finite_ka_stiffness_min_n_m,5,5,0.00013291598488765878,0.0001321831723680618,0.00013296731916952707,0.00013144882062247985,0.00013325155255333558,0.00013144882062247985,0.00013325155255333558,estimated,10000,10000,20260906,3.7115153972760735e+18,task + seed + identical target-condition hash,same base-seed block; AD retains its declared native seed offset,paired command seed; Triple target outcomes reduced within command
Single,GFE,FE+g,AD,GFE minus AD,pressure_abs_at_exact_equilibrium_pa,5,5,-1.8572490629025513,-5.051996521882758,-1.0030211736895538,-5.101936089393653,-0.14665614852091136,-5.101936089393653,-0.14665614852091136,estimated,10000,10000,20260906,4.54037409199915e+18,task + seed + identical target-condition hash,same base-seed block; AD retains its declared native seed offset,paired command seed; Triple target outcomes reduced within command
Single,GFE,FE+g,AD,GFE minus AD,command_time_s,5,5,-0.09147550001216587,-0.11466129998734687,-0.0907254999910947,-0.6390105000027688,-0.07961009998689406,-0.6390105000027688,-0.07961009998689406,estimated,10000,10000,20260906,4.559544977686126e+18,task + seed + identical target-condition hash,same base-seed block; AD retains its declared native seed offset,paired command seed; Triple target outcomes reduced within command
Triple,GFE,FE+g,Conventional,GFE minus Conventional,field_concentration_fraction,5,5,-0.014156695060386498,-0.015066193467886374,-0.01368762011452615,-0.015183160813950214,-0.009726352183647702,-0.015183160813950214,-0.009726352183647702,estimated,10000,10000,20260906,4.256496626270868e+18,task + seed + identical target-condition hash,same cold phase for Conventional/FE/FE+g,paired command seed; Triple target outcomes reduced within command
Triple,GFE,FE+g,Conventional,GFE minus Conventional,finite_ka_displacement_a,5,5,-0.9579943603206131,-0.9639142291359145,-0.8713482045821986,-0.9695963403339141,-0.8629751700563533,-0.9695963403339141,-0.8629751700563533,estimated,10000,10000,20260906,8.149645042852356e+18,task + seed + identical target-condition hash,same cold phase for Conventional/FE/FE+g,paired command seed; Triple target outcomes reduced within command
Triple,GFE,FE+g,Conventional,GFE minus Conventional,finite_ka_stiffness_min_n_m,5,5,0.00014919019176171588,0.00014238463689562777,0.0001590198359624614,0.0001240160963354739,0.00018129195384601442,0.0001240160963354739,0.00018129195384601442,estimated,10000,10000,20260906,6.371827984986538e+18,task + seed + identical target-condition hash,same cold phase for Conventional/FE/FE+g,paired command seed; Triple target outcomes reduced within command
Triple,GFE,FE+g,Conventional,GFE minus Conventional,pressure_abs_at_exact_equilibrium_pa,5,5,-441.27568469982396,-441.7269954128379,-430.40916198632686,-443.0832763303458,-428.07822946226725,-443.0832763303458,-428.07822946226725,estimated,10000,10000,20260906,3.04975135164916e+18,task + seed + identical target-condition hash,same cold phase for Conventional/FE/FE+g,paired command seed; Triple target outcomes reduced within command
Triple,GFE,FE+g,Conventional,GFE minus Conventional,command_time_s,5,5,-397.07261309998285,-442.92964010000287,-368.18374579999363,-468.9849203000049,-329.6733241000038,-468.9849203000049,-329.6733241000038,estimated,10000,10000,20260906,4.877399397647364e+18,task + seed + identical target-condition hash,same cold phase for Conventional/FE/FE+g,paired command seed; Triple target outcomes reduced within command
Triple,GFE,FE+g,FE,GFE minus FE,field_concentration_fraction,5,5,-0.003797240035680577,-0.004854666976825156,-0.002927827233586505,-0.004863595311236868,0.0005567111389007118,-0.004863595311236868,0.0005567111389007118,estimated,10000,10000,20260906,3.3982399971050906e+18,task + seed + identical target-condition hash,same cold phase for Conventional/FE/FE+g,paired command seed; Triple target outcomes reduced within command
Triple,GFE,FE+g,FE,GFE minus FE,finite_ka_displacement_a,5,5,-0.48778795918346596,-0.4878402415562027,-0.48692300141469763,-0.4891290210988424,-0.4109307972245253,-0.4891290210988424,-0.4109307972245253,estimated,10000,10000,20260906,2.5164638500813563e+18,task + seed + identical target-condition hash,same cold phase for Conventional/FE/FE+g,paired command seed; Triple target outcomes reduced within command
Triple,GFE,FE+g,FE,GFE minus FE,finite_ka_stiffness_min_n_m,5,5,-5.005478676258098e-05,-5.038260453220627e-05,-4.980020837104331e-05,-6.810027448671653e-05,-4.9618237363118715e-05,-6.810027448671653e-05,-4.9618237363118715e-05,estimated,10000,10000,20260906,4.516461932034049e+18,task + seed + identical target-condition hash,same cold phase for Conventional/FE/FE+g,paired command seed; Triple target outcomes reduced within command
Triple,GFE,FE+g,FE,GFE minus FE,pressure_abs_at_exact_equilibrium_pa,5,5,-9.960589651851409,-9.963510938103019,-9.926557361161143,-10.01452243210072,4.4377519604733315,-10.01452243210072,4.4377519604733315,estimated,10000,10000,20260906,6.850787345012877e+18,task + seed + identical target-condition hash,same cold phase for Conventional/FE/FE+g,paired command seed; Triple target outcomes reduced within command
Triple,GFE,FE+g,FE,GFE minus FE,command_time_s,5,5,-0.2945593999902485,-4.321050599988666,0.4673317999986466,-4.346694700012449,1.236281900011818,-4.346694700012449,1.236281900011818,estimated,10000,10000,20260906,3.2841739210863657e+18,task + seed + identical target-condition hash,same cold phase for Conventional/FE/FE+g,paired command seed; Triple target outcomes reduced within command
Triple,GFE,FE+g,IB,GFE minus IB,field_concentration_fraction,0,0,,,,,,,,not_applicable: deterministic method has no same-seed endpoint population,10000,0,20260906,,task + seed + identical target-condition hash,N/A: no stochastic endpoint population,paired command seed; Triple target outcomes reduced within command
Triple,GFE,FE+g,IB,GFE minus IB,finite_ka_displacement_a,0,0,,,,,,,,not_applicable: deterministic method has no same-seed endpoint population,10000,0,20260906,,task + seed + identical target-condition hash,N/A: no stochastic endpoint population,paired command seed; Triple target outcomes reduced within command
Triple,GFE,FE+g,IB,GFE minus IB,finite_ka_stiffness_min_n_m,0,0,,,,,,,,not_applicable: deterministic method has no same-seed endpoint population,10000,0,20260906,,task + seed + identical target-condition hash,N/A: no stochastic endpoint population,paired command seed; Triple target outcomes reduced within command
Triple,GFE,FE+g,IB,GFE minus IB,pressure_abs_at_exact_equilibrium_pa,0,0,,,,,,,,not_applicable: deterministic method has no same-seed endpoint population,10000,0,20260906,,task + seed + identical target-condition hash,N/A: no stochastic endpoint population,paired command seed; Triple target outcomes reduced within command
Triple,GFE,FE+g,IB,GFE minus IB,command_time_s,0,0,,,,,,,,not_applicable: deterministic method has no same-seed endpoint population,10000,0,20260906,,task + seed + identical target-condition hash,N/A: no stochastic endpoint population,paired command seed; Triple target outcomes reduced within command
Triple,GFE,FE+g,GS,GFE minus GS,field_concentration_fraction,0,0,,,,,,,,not_applicable: deterministic method has no same-seed endpoint population,10000,0,20260906,,task + seed + identical target-condition hash,N/A: no stochastic endpoint population,paired command seed; Triple target outcomes reduced within command
Triple,GFE,FE+g,GS,GFE minus GS,finite_ka_displacement_a,0,0,,,,,,,,not_applicable: deterministic method has no same-seed endpoint population,10000,0,20260906,,task + seed + identical target-condition hash,N/A: no stochastic endpoint population,paired command seed; Triple target outcomes reduced within command
Triple,GFE,FE+g,GS,GFE minus GS,finite_ka_stiffness_min_n_m,0,0,,,,,,,,not_applicable: deterministic method has no same-seed endpoint population,10000,0,20260906,,task + seed + identical target-condition hash,N/A: no stochastic endpoint population,paired command seed; Triple target outcomes reduced within command
Triple,GFE,FE+g,GS,GFE minus GS,pressure_abs_at_exact_equilibrium_pa,0,0,,,,,,,,not_applicable: deterministic method has no same-seed endpoint population,10000,0,20260906,,task + seed + identical target-condition hash,N/A: no stochastic endpoint population,paired command seed; Triple target outcomes reduced within command
Triple,GFE,FE+g,GS,GFE minus GS,command_time_s,0,0,,,,,,,,not_applicable: deterministic method has no same-seed endpoint population,10000,0,20260906,,task + seed + identical target-condition hash,N/A: no stochastic endpoint population,paired command seed; Triple target outcomes reduced within command
Triple,GFE,FE+g,AD,GFE minus AD,field_concentration_fraction,5,5,-0.028273702365472275,-0.03346619310731924,-0.021484593458396067,-0.035506833245143615,-0.008401741109562266,-0.035506833245143615,-0.008401741109562266,estimated,10000,10000,20260906,6.201648554662733e+18,task + seed + identical target-condition hash,same base-seed block; AD retains its declared native seed offset,paired command seed; Triple target outcomes reduced within command
Triple,GFE,FE+g,AD,GFE minus AD,finite_ka_displacement_a,5,5,-0.39043360625596957,-0.49179519286495227,-0.040156909889701,-0.8029602336306656,-0.018311383806702386,-0.8029602336306656,-0.018311383806702386,estimated,10000,10000,20260906,2.607000656072277e+18,task + seed + identical target-condition hash,same base-seed block; AD retains its declared native seed offset,paired command seed; Triple target outcomes reduced within command
Triple,GFE,FE+g,AD,GFE minus AD,finite_ka_stiffness_min_n_m,5,5,0.00017569092037806005,-6.926460590795085e-06,0.00027028181249780345,-1.9532348498929424e-05,0.0003437360828244568,-1.9532348498929424e-05,0.0003437360828244568,estimated,10000,10000,20260906,6.755934544578618e+18,task + seed + identical target-condition hash,same base-seed block; AD retains its declared native seed offset,paired command seed; Triple target outcomes reduced within command
Triple,GFE,FE+g,AD,GFE minus AD,pressure_abs_at_exact_equilibrium_pa,5,5,-750.9231932064405,-936.336467272728,-405.85040391633913,-963.7245992877246,-390.11561206227935,-963.7245992877246,-390.11561206227935,estimated,10000,10000,20260906,4.1707186150345405e+18,task + seed + identical target-condition hash,same base-seed block; AD retains its declared native seed offset,paired command seed; Triple target outcomes reduced within command
Triple,GFE,FE+g,AD,GFE minus AD,command_time_s,5,5,7.986401699992712,6.507157800006098,8.942587400000775,6.354165800003102,9.925339099994744,6.354165800003102,9.925339099994744,estimated,10000,10000,20260906,1.632166605670715e+17,task + seed + identical target-condition hash,same base-seed block; AD retains its declared native seed offset,paired command seed; Triple target outcomes reduced within command
