seed,gamma_uniformity,std_scale_multiplier,ablation,sweep,run_id,nominal,task,method,alpha,alpha_factor,phase_content_id,initial_phase_content_id,native_success,native_status,native_message,iterations,evaluations,cap,gtol,terminal_gradient_l2,terminal_gradient_inf,command_time_s,command_timing_scope,local_loss_std_n_m,common_nominal_loss_std_n_m,common_nominal_loss_mean_n_m,terminal_uniformity_penalty_n_m,terminal_force_epsilon_n,terminal_uniformity_epsilon_n_m,initial_force_scale_n,initial_loss_std_scale_n_m,config_json,stages_json,cache_status,cache_source,evidence_status,reference_run_id,reference_phase_content_id,command_cosine_to_fixed_GFE,field_cosine_to_fixed_GFE,pressure_amplitude_cosine_to_fixed_GFE,command_projective_distance_to_fixed_GFE,field_point_count,all_roots,all_locally_restoring,target_count,worst_displacement_a,median_target_displacement_a,minimum_stiffness_n_m,worst_displacement_m,median_target_displacement_m
260869,1.0,1.0,GFE,gamma,STD_GFE_gamma1_eps1_seed260869,True,Triple,GFE,3000.0,1.0,000000000000080f41d566cd4e7b05fe,000000000000080f2d7b5efbd5a31fd5,True,0,Optimization terminated successfully.,2482,2570,30000,1e-08,2.9214223606335652e-08,8.046987238502506e-09,14.202243399995496,native run_multitrap end-to-end; no pooled benchmark claim,3.618998813753253e-06,3.618998813753253e-06,-0.0496489903773201,5.810905366887824e-08,1.2934929155139225e-08,0.0001126655394049,1.2934929155139224e-06,0.0112665539404947,"{""method"": ""Regularized-FE"", ""components"": {""force_smoothing"": true, ""pressure_retention"": true, ""uniformity"": true}, ""alpha_force"": 3000.0, ""beta_pressure"": 5e-05, ""gamma_uniformity"": 1.0, ""curvature_weight_override"": [[1.0, 0.0, 0.0], [0.0, 1.0, 0.0], [0.0, 0.0, 10.0]], ""pressure_epsilon_rel"": 0.001, ""smooth_stage_factors"": [0.05, 0.01], ""smooth_stage_maxiters"": [250, 29750], ""smooth_scale_floor"": 1e-20, ""gtol"": 1e-08, ""report_gradient_tol"": 0.001, ""compensate_effective_gravity"": true}","[{""stage_index"": 0, ""stage_factor"": 0.05, ""maxiter"": 250, ""iterations"": 250, ""nfev"": 287, ""njev"": 287, ""runtime_sec"": 1.5092451999953482, ""objective"": -0.025263699702974096, ""gradient_norm"": 0.012892523244950379, ""success"": false, ""status"": 1, ""message"": ""Maximum number of iterations has been exceeded."", ""force_epsilon"": 6.467464577569612e-08, ""uniformity_epsilon"": 0.0005633276970247384, ""gradient_inf_norm"": 0.0036548613415339753}, {""stage_index"": 1, ""stage_factor"": 0.01, ""maxiter"": 29750, ""iterations"": 2232, ""nfev"": 2283, ""njev"": 2283, ""runtime_sec"": 12.575450400006957, ""objective"": -0.049648932268266825, ""gradient_norm"": 2.921422150885048e-08, ""success"": true, ""status"": 0, ""message"": ""Optimization terminated successfully."", ""force_epsilon"": 1.2934929155139225e-08, ""uniformity_epsilon"": 0.00011266553940494768, ""gradient_inf_norm"": 8.04698555354391e-09}]",new,appendix_outputs\C_GFE\std_sensitivity\cache\C_STD_commands\00000000000004762c10e54b6a5a77cf.pkl,SMOKE,STD_GFE_gamma1_eps1_seed260869,000000000000080f41d566cd4e7b05fe,1.0,1.0,1.0,0.0,2187,True,True,3,0.4579685216638543,0.3529942432839029,0.0013121838540063,0.0002976795390815053,0.00022944625813453687
260869,1.0,1.0,FE,ablation,STD_FE_gamma1_eps1_seed260869,False,Triple,FE,3000.0,1.0,000000000000080ffa85ea9a82131d42,000000000000080f2d7b5efbd5a31fd5,True,0,Optimization terminated successfully.,3669,3810,30000,1e-08,3.7937351684391696e-08,9.860952200319395e-09,21.156465899999603,native run_multitrap end-to-end; no pooled benchmark claim,3.2411620635660087e-06,3.3584020773065663e-06,-0.0471758087441942,4.593958491020496e-08,3.047519613778552e-09,0.0001143134085491,3.047519613778552e-07,0.0114313408549159,"{""method"": ""Regularized-FE"", ""components"": {""force_smoothing"": true, ""pressure_retention"": true, ""uniformity"": true}, ""alpha_force"": 3000.0, ""beta_pressure"": 5e-05, ""gamma_uniformity"": 1.0, ""curvature_weight_override"": [[1.0, 0.0, 0.0], [0.0, 1.0, 0.0], [0.0, 0.0, 10.0]], ""pressure_epsilon_rel"": 0.001, ""smooth_stage_factors"": [0.05, 0.01], ""smooth_stage_maxiters"": [250, 29750], ""smooth_scale_floor"": 1e-20, ""gtol"": 1e-08, ""report_gradient_tol"": 0.001}","[{""stage_index"": 0, ""stage_factor"": 0.05, ""maxiter"": 250, ""iterations"": 250, ""nfev"": 293, ""njev"": 293, ""runtime_sec"": 1.4553802000009455, ""objective"": -0.019101220912277207, ""gradient_norm"": 0.011316669851080718, ""success"": false, ""status"": 1, ""message"": ""Maximum number of iterations has been exceeded."", ""force_epsilon"": 1.523759806889276e-08, ""uniformity_epsilon"": 0.0005715670427457971, ""gradient_inf_norm"": 0.004017088400458547}, {""stage_index"": 1, ""stage_factor"": 0.01, ""maxiter"": 29750, ""iterations"": 3419, ""nfev"": 3517, ""njev"": 3517, ""runtime_sec"": 19.563461500001722, ""objective"": -0.05047948340067951, ""gradient_norm"": 3.793737215887195e-08, ""success"": true, ""status"": 0, ""message"": ""Optimization terminated successfully."", ""force_epsilon"": 3.047519613778552e-09, ""uniformity_epsilon"": 0.0001143134085491594, ""gradient_inf_norm"": 9.860947602826153e-09}]",new,appendix_outputs\C_GFE\std_sensitivity\cache\C_STD_commands\0000000000000452c8d8a429bde169c1.pkl,SMOKE,STD_GFE_gamma1_eps1_seed260869,000000000000080f41d566cd4e7b05fe,0.992083758174579,0.994526921754758,0.9970134126025224,0.1255779310476311,2187,True,True,3,0.9534037067244512,0.8408344848401056,0.0013625664585385,0.0006197124093708932,0.0005465424151460686
260869,0.3,1.0,GFE,gamma,STD_GFE_gamma0.3_eps1_seed260869,False,Triple,GFE,3000.0,1.0,000000000000080f499b4fe370c91a33,000000000000080f2d7b5efbd5a31fd5,True,0,Optimization terminated successfully.,2247,2331,30000,1e-08,2.8540151501713183e-08,8.774950740938472e-09,12.95824690000154,native run_multitrap end-to-end; no pooled benchmark claim,1.2092500206296084e-05,1.2092500206296084e-05,-0.0496492620415284,6.470915355043645e-07,1.2934929155139225e-08,0.0001126655394049,1.2934929155139224e-06,0.0112665539404947,"{""method"": ""Regularized-FE"", ""components"": {""force_smoothing"": true, ""pressure_retention"": true, ""uniformity"": true}, ""alpha_force"": 3000.0, ""beta_pressure"": 5e-05, ""gamma_uniformity"": 0.3, ""curvature_weight_override"": [[1.0, 0.0, 0.0], [0.0, 1.0, 0.0], [0.0, 0.0, 10.0]], ""pressure_epsilon_rel"": 0.001, ""smooth_stage_factors"": [0.05, 0.01], ""smooth_stage_maxiters"": [250, 29750], ""smooth_scale_floor"": 1e-20, ""gtol"": 1e-08, ""report_gradient_tol"": 0.001, ""compensate_effective_gravity"": true}","[{""stage_index"": 0, ""stage_factor"": 0.05, ""maxiter"": 250, ""iterations"": 250, ""nfev"": 293, ""njev"": 293, ""runtime_sec"": 1.5017006999987643, ""objective"": -0.03005368860115605, ""gradient_norm"": 0.013062378534892978, ""success"": false, ""status"": 1, ""message"": ""Maximum number of iterations has been exceeded."", ""force_epsilon"": 6.467464577569612e-08, ""uniformity_epsilon"": 0.0005633276970247384, ""gradient_inf_norm"": 0.0041304817365226155}, {""stage_index"": 1, ""stage_factor"": 0.01, ""maxiter"": 29750, ""iterations"": 1997, ""nfev"": 2038, ""njev"": 2038, ""runtime_sec"": 11.337597999998252, ""objective"": -0.049649067914067764, ""gradient_norm"": 2.854015092515441e-08, ""success"": true, ""status"": 0, ""message"": ""Optimization terminated successfully."", ""force_epsilon"": 1.2934929155139225e-08, ""uniformity_epsilon"": 0.00011266553940494768, ""gradient_inf_norm"": 8.774949029996293e-09}]",new,appendix_outputs\C_GFE\std_sensitivity\cache\C_STD_commands\00000000000004769583b2616fa477d1.pkl,SMOKE,STD_GFE_gamma1_eps1_seed260869,000000000000080f41d566cd4e7b05fe,0.9999999862719968,0.9999999911364172,0.9999999939960004,0.000165698539261,2187,True,True,3,0.458015128621633,0.3529907420351477,0.0013118972476437,0.00029770983360406144,0.000229443982322846
260869,1.0,0.1,GFE,epsilon_std,STD_GFE_gamma1_eps0.1_seed260869,False,Triple,GFE,3000.0,1.0,000000000000080f41f3b10d58b71424,000000000000080f2d7b5efbd5a31fd5,True,0,Optimization terminated successfully.,3473,3641,30000,1e-08,3.776021827910022e-08,8.887531448268271e-09,20.19731829999364,native run_multitrap end-to-end; no pooled benchmark claim,3.6230613738969337e-07,3.6230613738969337e-07,-0.0496488857627898,5.82395555132081e-09,1.2934929155139225e-08,1.1266553940494767e-05,1.2934929155139224e-06,0.0112665539404947,"{""method"": ""Regularized-FE"", ""components"": {""force_smoothing"": true, ""pressure_retention"": true, ""uniformity"": true}, ""alpha_force"": 3000.0, ""beta_pressure"": 5e-05, ""gamma_uniformity"": 1.0, ""curvature_weight_override"": [[1.0, 0.0, 0.0], [0.0, 1.0, 0.0], [0.0, 0.0, 10.0]], ""pressure_epsilon_rel"": 0.001, ""smooth_stage_factors"": [0.05, 0.01], ""smooth_stage_maxiters"": [250, 29750], ""smooth_scale_floor"": 1e-20, ""gtol"": 1e-08, ""report_gradient_tol"": 0.001, ""compensate_effective_gravity"": true}","[{""stage_index"": 0, ""stage_factor"": 0.05, ""maxiter"": 250, ""iterations"": 250, ""nfev"": 304, ""njev"": 304, ""runtime_sec"": 1.5281824999983655, ""objective"": -0.023672946802825785, ""gradient_norm"": 0.028594150133408453, ""success"": false, ""status"": 1, ""message"": ""Maximum number of iterations has been exceeded."", ""force_epsilon"": 6.467464577569612e-08, ""uniformity_epsilon"": 5.633276970247384e-05, ""gradient_inf_norm"": 0.00878413565886233}, {""stage_index"": 1, ""stage_factor"": 0.01, ""maxiter"": 29750, ""iterations"": 3223, ""nfev"": 3337, ""njev"": 3337, ""runtime_sec"": 18.564042600002722, ""objective"": -0.049648879938834344, ""gradient_norm"": 3.776022368164293e-08, ""success"": true, ""status"": 0, ""message"": ""Optimization terminated successfully."", ""force_epsilon"": 1.2934929155139225e-08, ""uniformity_epsilon"": 1.1266553940494769e-05, ""gradient_inf_norm"": 8.887479876782474e-09}]",new,appendix_outputs\C_GFE\std_sensitivity\cache\C_STD_commands\000000000000047610b2a6cc6a5877cf.pkl,SMOKE,STD_GFE_gamma1_eps1_seed260869,000000000000080f41d566cd4e7b05fe,0.9999999981413792,0.9999999987427854,0.9999999991372928,6.096918404881261e-05,2187,True,True,3,0.457951403230671,0.3529958175668738,0.0013122965433907,0.00029766841209993616,0.00022944728141846796
260869,1.0,0.0,GFE,epsilon_std,STD_GFE_gamma1_eps0_seed260869,False,Triple,GFE,3000.0,1.0,000000000000080faec5cd2ec71e1b85,000000000000080f2d7b5efbd5a31fd5,False,2,Desired error not necessarily achieved due to precision loss.,25727,28466,30000,1e-08,0.0054584795181877,0.0017416100635272,157.24779520000448,native run_multitrap end-to-end; no pooled benchmark claim,1.3464364140845984e-14,1.3464364140845984e-14,-0.0496370001302793,1.3464364140845984e-14,1.2934929155139225e-08,0.0,1.2934929155139224e-06,0.0112665539404947,"{""method"": ""Regularized-FE"", ""components"": {""force_smoothing"": true, ""pressure_retention"": true, ""uniformity"": true}, ""alpha_force"": 3000.0, ""beta_pressure"": 5e-05, ""gamma_uniformity"": 1.0, ""curvature_weight_override"": [[1.0, 0.0, 0.0], [0.0, 1.0, 0.0], [0.0, 0.0, 10.0]], ""pressure_epsilon_rel"": 0.001, ""smooth_stage_factors"": [0.05, 0.01], ""smooth_stage_maxiters"": [250, 29750], ""smooth_scale_floor"": 1e-20, ""gtol"": 1e-08, ""report_gradient_tol"": 0.001, ""compensate_effective_gravity"": true}","[{""stage_index"": 0, ""stage_factor"": 0.05, ""maxiter"": 250, ""iterations"": 250, ""nfev"": 339, ""njev"": 339, ""runtime_sec"": 1.5927653999970062, ""objective"": -0.02127670887720705, ""gradient_norm"": 0.026819426896374184, ""success"": false, ""status"": 1, ""message"": ""Maximum number of iterations has been exceeded."", ""force_epsilon"": 6.467464577569612e-08, ""uniformity_epsilon"": 0.0, ""gradient_inf_norm"": 0.00939536130157724}, {""stage_index"": 1, ""stage_factor"": 0.01, ""maxiter"": 29750, ""iterations"": 25477, ""nfev"": 28127, ""njev"": 28116, ""runtime_sec"": 155.51992409999366, ""objective"": -0.04963700013026554, ""gradient_norm"": 0.005458508161479429, ""success"": false, ""status"": 2, ""message"": ""Desired error not necessarily achieved due to precision loss."", ""force_epsilon"": 1.2934929155139225e-08, ""uniformity_epsilon"": 0.0, ""gradient_inf_norm"": 0.0017416202171686493}]",new,appendix_outputs\C_GFE\std_sensitivity\cache\C_STD_commands\00000000000004761170ccfb6a5577ce.pkl,SMOKE,STD_GFE_gamma1_eps1_seed260869,000000000000080f41d566cd4e7b05fe,0.997144355396728,0.999573275371062,0.9998396860513392,0.0755191002359279,2187,True,True,3,0.4587473278729888,0.3530489796478109,0.0013149615965924,0.0002981857631174427,0.00022948183677107706
260869,1.0,10.0,GFE,epsilon_std,STD_GFE_gamma1_eps10_seed260869,False,Triple,GFE,3000.0,1.0,000000000000080f516a2ad7f2d318ec,000000000000080f2d7b5efbd5a31fd5,True,0,Optimization terminated successfully.,2609,2714,30000,1e-08,3.3431205336364995e-08,9.468425381568645e-09,15.13995789999899,native run_multitrap end-to-end; no pooled benchmark claim,3.5803605535625165e-05,3.5803605535625165e-05,-0.0496500181703992,5.687518550244724e-07,1.2934929155139225e-08,0.0011266553940494,1.2934929155139224e-06,0.0112665539404947,"{""method"": ""Regularized-FE"", ""components"": {""force_smoothing"": true, ""pressure_retention"": true, ""uniformity"": true}, ""alpha_force"": 3000.0, ""beta_pressure"": 5e-05, ""gamma_uniformity"": 1.0, ""curvature_weight_override"": [[1.0, 0.0, 0.0], [0.0, 1.0, 0.0], [0.0, 0.0, 10.0]], ""pressure_epsilon_rel"": 0.001, ""smooth_stage_factors"": [0.05, 0.01], ""smooth_stage_maxiters"": [250, 29750], ""smooth_scale_floor"": 1e-20, ""gtol"": 1e-08, ""report_gradient_tol"": 0.001, ""compensate_effective_gravity"": true}","[{""stage_index"": 0, ""stage_factor"": 0.05, ""maxiter"": 250, ""iterations"": 250, ""nfev"": 290, ""njev"": 290, ""runtime_sec"": 1.5392977000010433, ""objective"": -0.025991862418667914, ""gradient_norm"": 0.014896717579577692, ""success"": false, ""status"": 1, ""message"": ""Maximum number of iterations has been exceeded."", ""force_epsilon"": 6.467464577569612e-08, ""uniformity_epsilon"": 0.005633276970247384, ""gradient_inf_norm"": 0.003970104532156258}, {""stage_index"": 1, ""stage_factor"": 0.01, ""maxiter"": 29750, ""iterations"": 2359, ""nfev"": 2424, ""njev"": 2424, ""runtime_sec"": 13.487944399996195, ""objective"": -0.04964944941854467, ""gradient_norm"": 3.3431207598429154e-08, ""success"": true, ""status"": 0, ""message"": ""Optimization terminated successfully."", ""force_epsilon"": 1.2934929155139225e-08, ""uniformity_epsilon"": 0.0011266553940494767, ""gradient_inf_norm"": 9.468428049254867e-09}]",new,appendix_outputs\C_GFE\std_sensitivity\cache\C_STD_commands\00000000000004770ac07d2de1c177ff.pkl,SMOKE,STD_GFE_gamma1_eps1_seed260869,000000000000080f41d566cd4e7b05fe,0.999999804791501,0.9999998722983862,0.9999999132135352,0.000624833545821,2187,True,True,3,0.4581449395112753,0.3529796825671627,0.0013111170060647,0.00029779421068232894,0.00022943679366865577
260869,3.0,1.0,GFE,gamma,STD_GFE_gamma3_eps1_seed260869,False,Triple,GFE,3000.0,1.0,000000000000080f4f4bda39090c1957,000000000000080f2d7b5efbd5a31fd5,True,0,Optimization terminated successfully.,2920,3054,30000,1e-08,3.721465209146688e-08,9.135959958487389e-09,16.814902600002824,native run_multitrap end-to-end; no pooled benchmark claim,1.2068085773953292e-06,1.2068085773953292e-06,-0.0496489129015958,6.4631349481569875e-09,1.2934929155139225e-08,0.0001126655394049,1.2934929155139224e-06,0.0112665539404947,"{""method"": ""Regularized-FE"", ""components"": {""force_smoothing"": true, ""pressure_retention"": true, ""uniformity"": true}, ""alpha_force"": 3000.0, ""beta_pressure"": 5e-05, ""gamma_uniformity"": 3.0, ""curvature_weight_override"": [[1.0, 0.0, 0.0], [0.0, 1.0, 0.0], [0.0, 0.0, 10.0]], ""pressure_epsilon_rel"": 0.001, ""smooth_stage_factors"": [0.05, 0.01], ""smooth_stage_maxiters"": [250, 29750], ""smooth_scale_floor"": 1e-20, ""gtol"": 1e-08, ""report_gradient_tol"": 0.001, ""compensate_effective_gravity"": true}","[{""stage_index"": 0, ""stage_factor"": 0.05, ""maxiter"": 250, ""iterations"": 250, ""nfev"": 297, ""njev"": 297, ""runtime_sec"": 1.5327378999936627, ""objective"": -0.02269323403575982, ""gradient_norm"": 0.02379127879223195, ""success"": false, ""status"": 1, ""message"": ""Maximum number of iterations has been exceeded."", ""force_epsilon"": 6.467464577569612e-08, ""uniformity_epsilon"": 0.0005633276970247384, ""gradient_inf_norm"": 0.00697713989542647}, {""stage_index"": 1, ""stage_factor"": 0.01, ""maxiter"": 29750, ""iterations"": 2670, ""nfev"": 2757, ""njev"": 2757, ""runtime_sec"": 15.166085299992119, ""objective"": -0.04964889351219079, ""gradient_norm"": 3.721463410088803e-08, ""success"": true, ""status"": 0, ""message"": ""Optimization terminated successfully."", ""force_epsilon"": 1.2934929155139225e-08, ""uniformity_epsilon"": 0.00011266553940494768, ""gradient_inf_norm"": 9.135959796978535e-09}]",new,appendix_outputs\C_GFE\std_sensitivity\cache\C_STD_commands\0000000000000476ce5ac4ab6faa77d1.pkl,SMOKE,STD_GFE_gamma1_eps1_seed260869,000000000000080f41d566cd4e7b05fe,0.9999999989211832,0.99999999930632,0.9999999995298386,4.645033506143858e-05,2187,True,True,3,0.457954922256311,0.3529951005653951,0.0013122655642893,0.00029767069946660214,0.00022944681536750681
260869,1.0,1.0,No force smoothing,ablation,STD_No_force_smoothing_gamma1_eps1_seed260869,False,Triple,GFE,3000.0,1.0,000000000000080fec7413b214c51959,000000000000080f2d7b5efbd5a31fd5,False,2,Desired error not necessarily achieved due to precision loss.,9293,9773,30000,1e-08,0.0081267164604182,0.0014865048514795,54.73316519999935,native run_multitrap end-to-end; no pooled benchmark claim,3.5878722077295152e-06,3.587858699951993e-06,-0.0496409671246486,5.7114025437884914e-08,0.0,0.0001126655394049,1.2934929155139224e-06,0.0112665539404947,"{""method"": ""Regularized-FE"", ""components"": {""force_smoothing"": false, ""pressure_retention"": true, ""uniformity"": true}, ""alpha_force"": 3000.0, ""beta_pressure"": 5e-05, ""gamma_uniformity"": 1.0, ""curvature_weight_override"": [[1.0, 0.0, 0.0], [0.0, 1.0, 0.0], [0.0, 0.0, 10.0]], ""pressure_epsilon_rel"": 0.001, ""smooth_stage_factors"": [0.05, 0.01], ""smooth_stage_maxiters"": [250, 29750], ""smooth_scale_floor"": 1e-20, ""gtol"": 1e-08, ""report_gradient_tol"": 0.001, ""compensate_effective_gravity"": true}","[{""stage_index"": 0, ""stage_factor"": 0.05, ""maxiter"": 250, ""iterations"": 250, ""nfev"": 310, ""njev"": 310, ""runtime_sec"": 1.5664227999950526, ""objective"": -0.024156415499044414, ""gradient_norm"": 0.008379054779219582, ""success"": false, ""status"": 1, ""message"": ""Maximum number of iterations has been exceeded."", ""force_epsilon"": 0.0, ""uniformity_epsilon"": 0.0005633276970247384, ""gradient_inf_norm"": 0.0024411210150210635}, {""stage_index"": 1, ""stage_factor"": 0.01, ""maxiter"": 29750, ""iterations"": 9043, ""nfev"": 9463, ""njev"": 9451, ""runtime_sec"": 53.04619660000026, ""objective"": -0.04964090992964736, ""gradient_norm"": 0.008126733359969709, ""success"": false, ""status"": 2, ""message"": ""Desired error not necessarily achieved due to precision loss."", ""force_epsilon"": 0.0, ""uniformity_epsilon"": 0.00011266553940494768, ""gradient_inf_norm"": 0.0014865090467459966}]",new,appendix_outputs\C_GFE\std_sensitivity\cache\C_STD_commands\00000000000004770a7e38acd065781a.pkl,SMOKE,STD_GFE_gamma1_eps1_seed260869,000000000000080f41d566cd4e7b05fe,0.9999495388064048,0.9999886972804628,0.9999956096557384,0.0100458867631663,2187,True,True,3,0.4636952739265412,0.3643067243633525,0.0013178590277972,0.00030140192805225177,0.00023679937083617911
260869,1.0,1.0,No pressure,ablation,STD_No_pressure_gamma1_eps1_seed260869,False,Triple,GFE,3000.0,1.0,000000000000080f62fb89723689171a,000000000000080f2d7b5efbd5a31fd5,True,0,Optimization terminated successfully.,1949,2034,30000,1e-08,5.103638034411174e-08,9.829220495436353e-09,11.44140999999945,native run_multitrap end-to-end; no pooled benchmark claim,5.22710252164771e-07,0.015748603380449,-0.0202947828700565,9.845221028583048e-09,1.2934929155139225e-08,1.3871150203134686e-05,1.2934929155139224e-06,0.0013871150203134,"{""method"": ""Regularized-FE"", ""components"": {""force_smoothing"": true, ""pressure_retention"": false, ""uniformity"": true}, ""alpha_force"": 3000.0, ""beta_pressure"": 5e-05, ""gamma_uniformity"": 1.0, ""curvature_weight_override"": [[1.0, 0.0, 0.0], [0.0, 1.0, 0.0], [0.0, 0.0, 10.0]], ""pressure_epsilon_rel"": 0.001, ""smooth_stage_factors"": [0.05, 0.01], ""smooth_stage_maxiters"": [250, 29750], ""smooth_scale_floor"": 1e-20, ""gtol"": 1e-08, ""report_gradient_tol"": 0.001, ""compensate_effective_gravity"": true}","[{""stage_index"": 0, ""stage_factor"": 0.05, ""maxiter"": 250, ""iterations"": 250, ""nfev"": 277, ""njev"": 277, ""runtime_sec"": 1.5248540000029607, ""objective"": -0.031702353529649556, ""gradient_norm"": 0.004220503474235003, ""success"": false, ""status"": 1, ""message"": ""Maximum number of iterations has been exceeded."", ""force_epsilon"": 6.467464577569612e-08, ""uniformity_epsilon"": 6.935575101567343e-05, ""gradient_inf_norm"": 0.0008036824086520413}, {""stage_index"": 1, ""stage_factor"": 0.01, ""maxiter"": 29750, ""iterations"": 1699, ""nfev"": 1757, ""njev"": 1757, ""runtime_sec"": 9.805736800000886, ""objective"": -0.05095068656398968, ""gradient_norm"": 5.103636150589008e-08, ""success"": true, ""status"": 0, ""message"": ""Optimization terminated successfully."", ""force_epsilon"": 1.2934929155139225e-08, ""uniformity_epsilon"": 1.3871150203134686e-05, ""gradient_inf_norm"": 9.829222724860951e-09}]",new,appendix_outputs\C_GFE\std_sensitivity\cache\C_STD_commands\0000000000000477306b6425d2e1781a.pkl,SMOKE,STD_GFE_gamma1_eps1_seed260869,000000000000080f41d566cd4e7b05fe,0.9183768576131456,0.9332264702594416,0.9836932003995748,0.3957068958213947,2187,True,True,3,0.5452900807141168,0.5274037796282836,0.0013192085441452,0.0003544385524641759,0.00034281245675838427
260869,1.0,1.0,No uniformity,ablation,STD_No_uniformity_gamma1_eps1_seed260869,False,Triple,GFE,3000.0,1.0,000000000000080ffe5131e9bb57190e,000000000000080f2d7b5efbd5a31fd5,True,0,Optimization terminated successfully.,2317,2424,30000,1e-08,2.4548354204895327e-08,6.307672809560914e-09,13.454325600003358,native run_multitrap end-to-end; no pooled benchmark claim,0.0028257959432201,0.0028257959432201,-0.0496950411365657,0.0,1.2934929155139225e-08,0.0,1.2934929155139224e-06,0.0112665539404947,"{""method"": ""Regularized-FE"", ""components"": {""force_smoothing"": true, ""pressure_retention"": true, ""uniformity"": false}, ""alpha_force"": 3000.0, ""beta_pressure"": 5e-05, ""gamma_uniformity"": 1.0, ""curvature_weight_override"": [[1.0, 0.0, 0.0], [0.0, 1.0, 0.0], [0.0, 0.0, 10.0]], ""pressure_epsilon_rel"": 0.001, ""smooth_stage_factors"": [0.05, 0.01], ""smooth_stage_maxiters"": [250, 29750], ""smooth_scale_floor"": 1e-20, ""gtol"": 1e-08, ""report_gradient_tol"": 0.001, ""compensate_effective_gravity"": true}","[{""stage_index"": 0, ""stage_factor"": 0.05, ""maxiter"": 250, ""iterations"": 250, ""nfev"": 291, ""njev"": 291, ""runtime_sec"": 1.4913860999949975, ""objective"": -0.030239857167863652, ""gradient_norm"": 0.012611838380667711, ""success"": false, ""status"": 1, ""message"": ""Maximum number of iterations has been exceeded."", ""force_epsilon"": 6.467464577569612e-08, ""uniformity_epsilon"": 0.0, ""gradient_inf_norm"": 0.003647142756609744}, {""stage_index"": 1, ""stage_factor"": 0.01, ""maxiter"": 29750, ""iterations"": 2067, ""nfev"": 2133, ""njev"": 2133, ""runtime_sec"": 11.853528399995412, ""objective"": -0.04969504113656593, ""gradient_norm"": 2.4548353139962334e-08, ""success"": true, ""status"": 0, ""message"": ""Optimization terminated successfully."", ""force_epsilon"": 1.2934929155139225e-08, ""uniformity_epsilon"": 0.0, ""gradient_inf_norm"": 6.307674659932622e-09}]",new,appendix_outputs\C_GFE\std_sensitivity\cache\C_STD_commands\00000000000004779d7ef478d45b781a.pkl,SMOKE,STD_GFE_gamma1_eps1_seed260869,000000000000080f41d566cd4e7b05fe,0.9986826723047982,0.9990659434387498,0.9993590139103904,0.0513119872753625,2187,True,True,3,0.467516207105646,0.3515206146787745,0.0012155483357245,0.0003038855346186699,0.0002284883995412034
260870,1.0,1.0,GFE,gamma,STD_GFE_gamma1_eps1_seed260870,True,Triple,GFE,3000.0,1.0,000000000000080f9ce305b1153f0604,000000000000080f65c048ed9e7206a6,True,0,Optimization terminated successfully.,3342,3492,30000,1e-08,3.04385103967114e-08,9.355239889426748e-09,19.973323199999868,native run_multitrap end-to-end; no pooled benchmark claim,2.0068215389332545e-06,2.0068215389332545e-06,-0.045548353601581,5.327944804660626e-08,1.023970712512416e-08,3.776778980538683e-05,1.023970712512416e-06,0.0037767789805386,"{""method"": ""Regularized-FE"", ""components"": {""force_smoothing"": true, ""pressure_retention"": true, ""uniformity"": true}, ""alpha_force"": 3000.0, ""beta_pressure"": 5e-05, ""gamma_uniformity"": 1.0, ""curvature_weight_override"": [[1.0, 0.0, 0.0], [0.0, 1.0, 0.0], [0.0, 0.0, 10.0]], ""pressure_epsilon_rel"": 0.001, ""smooth_stage_factors"": [0.05, 0.01], ""smooth_stage_maxiters"": [250, 29750], ""smooth_scale_floor"": 1e-20, ""gtol"": 1e-08, ""report_gradient_tol"": 0.001, ""compensate_effective_gravity"": true}","[{""stage_index"": 0, ""stage_factor"": 0.05, ""maxiter"": 250, ""iterations"": 250, ""nfev"": 300, ""njev"": 300, ""runtime_sec"": 1.577341800002614, ""objective"": -0.0186250765423094, ""gradient_norm"": 0.018959832563659098, ""success"": false, ""status"": 1, ""message"": ""Maximum number of iterations has been exceeded."", ""force_epsilon"": 5.1198535625620806e-08, ""uniformity_epsilon"": 0.00018883894902693417, ""gradient_inf_norm"": 0.007383634858624122}, {""stage_index"": 1, ""stage_factor"": 0.01, ""maxiter"": 29750, ""iterations"": 3092, ""nfev"": 3192, ""njev"": 3192, ""runtime_sec"": 18.278646500009927, ""objective"": -0.04554830032213315, ""gradient_norm"": 3.0438500456076246e-08, ""success"": true, ""status"": 0, ""message"": ""Optimization terminated successfully."", ""force_epsilon"": 1.023970712512416e-08, ""uniformity_epsilon"": 3.776778980538683e-05, ""gradient_inf_norm"": 9.35523497127817e-09}]",new,appendix_outputs\C_GFE\std_sensitivity\cache\C_STD_commands\0000000000000476312c176b59387710.pkl,SMOKE,STD_GFE_gamma1_eps1_seed260870,000000000000080f9ce305b1153f0604,1.0,0.9999999999999998,1.0,0.0,2187,True,True,3,0.5121394604719285,0.4305588233212384,0.001294566726151,0.0003328906493067535,0.00027986323515880496
260870,1.0,1.0,FE,ablation,STD_FE_gamma1_eps1_seed260870,False,Triple,FE,3000.0,1.0,000000000000080f3975e09ebbb9086a,000000000000080f65c048ed9e7206a6,True,0,Optimization terminated successfully.,4775,4914,30000,1e-08,3.3520265219830084e-08,9.231713736473129e-09,30.75819920000504,native run_multitrap end-to-end; no pooled benchmark claim,1.22291980327767e-06,1.8714520797436635e-06,-0.0471686217987808,1.7352871406963615e-08,5.516991734638986e-09,4.308312117447739e-05,5.516991734638986e-07,0.0043083121174477,"{""method"": ""Regularized-FE"", ""components"": {""force_smoothing"": true, ""pressure_retention"": true, ""uniformity"": true}, ""alpha_force"": 3000.0, ""beta_pressure"": 5e-05, ""gamma_uniformity"": 1.0, ""curvature_weight_override"": [[1.0, 0.0, 0.0], [0.0, 1.0, 0.0], [0.0, 0.0, 10.0]], ""pressure_epsilon_rel"": 0.001, ""smooth_stage_factors"": [0.05, 0.01], ""smooth_stage_maxiters"": [250, 29750], ""smooth_scale_floor"": 1e-20, ""gtol"": 1e-08, ""report_gradient_tol"": 0.001}","[{""stage_index"": 0, ""stage_factor"": 0.05, ""maxiter"": 250, ""iterations"": 250, ""nfev"": 285, ""njev"": 285, ""runtime_sec"": 1.6045548999973107, ""objective"": -0.019598208789111227, ""gradient_norm"": 0.0231459600511021, ""success"": false, ""status"": 1, ""message"": ""Maximum number of iterations has been exceeded."", ""force_epsilon"": 2.758495867319493e-08, ""uniformity_epsilon"": 0.00021541560587238695, ""gradient_inf_norm"": 0.006109712196108416}, {""stage_index"": 1, ""stage_factor"": 0.01, ""maxiter"": 29750, ""iterations"": 4525, ""nfev"": 4629, ""njev"": 4629, ""runtime_sec"": 28.99913959999685, ""objective"": -0.050479879294609294, ""gradient_norm"": 3.3520265053770327e-08, ""success"": true, ""status"": 0, ""message"": ""Optimization terminated successfully."", ""force_epsilon"": 5.516991734638986e-09, ""uniformity_epsilon"": 4.308312117447739e-05, ""gradient_inf_norm"": 9.23170942529735e-09}]",new,appendix_outputs\C_GFE\std_sensitivity\cache\C_STD_commands\0000000000000452d5e45609acbf6902.pkl,SMOKE,STD_GFE_gamma1_eps1_seed260870,000000000000080f9ce305b1153f0604,0.2840418971589876,0.3017595126874484,0.8210427248122604,0.9588118692727594,2187,True,True,3,0.9533568053134552,0.8414896205457637,0.0013626670006377,0.0006196819234537458,0.0005469682533547464
260870,0.3,1.0,GFE,gamma,STD_GFE_gamma0.3_eps1_seed260870,False,Triple,GFE,3000.0,1.0,000000000000080f69ea8d55f4351023,000000000000080f65c048ed9e7206a6,False,2,Desired error not necessarily achieved due to precision loss.,4181,4375,30000,1e-08,3.60789999847552e-08,1.384112221397118e-08,24.442731000002823,native run_multitrap end-to-end; no pooled benchmark claim,4.061315036944665e-06,4.061315036944665e-06,-0.0496473799287383,2.177367358261286e-07,1.023970712512416e-08,3.776778980538683e-05,1.023970712512416e-06,0.0037767789805386,"{""method"": ""Regularized-FE"", ""components"": {""force_smoothing"": true, ""pressure_retention"": true, ""uniformity"": true}, ""alpha_force"": 3000.0, ""beta_pressure"": 5e-05, ""gamma_uniformity"": 0.3, ""curvature_weight_override"": [[1.0, 0.0, 0.0], [0.0, 1.0, 0.0], [0.0, 0.0, 10.0]], ""pressure_epsilon_rel"": 0.001, ""smooth_stage_factors"": [0.05, 0.01], ""smooth_stage_maxiters"": [250, 29750], ""smooth_scale_floor"": 1e-20, ""gtol"": 1e-08, ""report_gradient_tol"": 0.001, ""compensate_effective_gravity"": true}","[{""stage_index"": 0, ""stage_factor"": 0.05, ""maxiter"": 250, ""iterations"": 250, ""nfev"": 298, ""njev"": 298, ""runtime_sec"": 1.5004230000049574, ""objective"": -0.021997475883166175, ""gradient_norm"": 0.012715975040646785, ""success"": false, ""status"": 1, ""message"": ""Maximum number of iterations has been exceeded."", ""force_epsilon"": 5.1198535625620806e-08, ""uniformity_epsilon"": 0.00018883894902693417, ""gradient_inf_norm"": 0.004764445530420309}, {""stage_index"": 1, ""stage_factor"": 0.01, ""maxiter"": 29750, ""iterations"": 3931, ""nfev"": 4077, ""njev"": 4067, ""runtime_sec"": 22.83576180000091, ""objective"": -0.04964731460771823, ""gradient_norm"": 3.607901741569357e-08, ""success"": false, ""status"": 2, ""message"": ""Desired error not necessarily achieved due to precision loss."", ""force_epsilon"": 1.023970712512416e-08, ""uniformity_epsilon"": 3.776778980538683e-05, ""gradient_inf_norm"": 1.3841130999224115e-08}]",new,appendix_outputs\C_GFE\std_sensitivity\cache\C_STD_commands\000000000000047688bf40415e827712.pkl,SMOKE,STD_GFE_gamma1_eps1_seed260870,000000000000080f9ce305b1153f0604,0.1368606875861334,0.148826098190634,0.8160880100415567,0.990590304915938,2187,True,True,3,0.4593221276515336,0.3546040092738067,0.0013142657379751,0.0002985593829734968,0.00023049260602797433
260870,1.0,0.1,GFE,epsilon_std,STD_GFE_gamma1_eps0.1_seed260870,False,Triple,GFE,3000.0,1.0,000000000000080f89c14b4f737f065e,000000000000080f65c048ed9e7206a6,True,0,Optimization terminated successfully.,5130,5361,30000,1e-08,3.088425252095408e-08,9.197325171782716e-09,31.164740200008964,native run_multitrap end-to-end; no pooled benchmark claim,2.588648902176611e-07,2.588648902176611e-07,-0.0455429790150272,8.861057714586333e-09,1.023970712512416e-08,3.776778980538683e-06,1.023970712512416e-06,0.0037767789805386,"{""method"": ""Regularized-FE"", ""components"": {""force_smoothing"": true, ""pressure_retention"": true, ""uniformity"": true}, ""alpha_force"": 3000.0, ""beta_pressure"": 5e-05, ""gamma_uniformity"": 1.0, ""curvature_weight_override"": [[1.0, 0.0, 0.0], [0.0, 1.0, 0.0], [0.0, 0.0, 10.0]], ""pressure_epsilon_rel"": 0.001, ""smooth_stage_factors"": [0.05, 0.01], ""smooth_stage_maxiters"": [250, 29750], ""smooth_scale_floor"": 1e-20, ""gtol"": 1e-08, ""report_gradient_tol"": 0.001, ""compensate_effective_gravity"": true}","[{""stage_index"": 0, ""stage_factor"": 0.05, ""maxiter"": 250, ""iterations"": 250, ""nfev"": 313, ""njev"": 313, ""runtime_sec"": 1.6713561999931699, ""objective"": -0.018250182050349006, ""gradient_norm"": 0.02830730777019549, ""success"": false, ""status"": 1, ""message"": ""Maximum number of iterations has been exceeded."", ""force_epsilon"": 5.1198535625620806e-08, ""uniformity_epsilon"": 1.8883894902693418e-05, ""gradient_inf_norm"": 0.009980902218489171}, {""stage_index"": 1, ""stage_factor"": 0.01, ""maxiter"": 29750, ""iterations"": 4880, ""nfev"": 5048, ""njev"": 5047, ""runtime_sec"": 29.373429700004635, ""objective"": -0.045542970153969665, ""gradient_norm"": 3.088414486020814e-08, ""success"": true, ""status"": 0, ""message"": ""Optimization terminated successfully."", ""force_epsilon"": 1.023970712512416e-08, ""uniformity_epsilon"": 3.776778980538683e-06, ""gradient_inf_norm"": 9.197283075573385e-09}]",new,appendix_outputs\C_GFE\std_sensitivity\cache\C_STD_commands\00000000000004760d8e54ec59367710.pkl,SMOKE,STD_GFE_gamma1_eps1_seed260870,000000000000080f9ce305b1153f0604,0.7241986001637247,0.7974542821544439,0.9394050852703648,0.6895914642169678,2187,True,True,3,0.4838712754072633,0.417454176201522,0.0012930798829738,0.00031451632901472116,0.00027134521453098926
260870,1.0,0.0,GFE,epsilon_std,STD_GFE_gamma1_eps0_seed260870,False,Triple,GFE,3000.0,1.0,000000000000080fed95e26472a60d7b,000000000000080f65c048ed9e7206a6,False,1,Maximum number of iterations has been exceeded.,30000,32993,30000,1e-08,0.0059333234187782,0.0015149375718821,206.6205925999966,native run_multitrap end-to-end; no pooled benchmark claim,4.872886302520994e-08,4.872886302520994e-08,-0.0482023896583793,4.872886302520994e-08,1.023970712512416e-08,0.0,1.023970712512416e-06,0.0037767789805386,"{""method"": ""Regularized-FE"", ""components"": {""force_smoothing"": true, ""pressure_retention"": true, ""uniformity"": true}, ""alpha_force"": 3000.0, ""beta_pressure"": 5e-05, ""gamma_uniformity"": 1.0, ""curvature_weight_override"": [[1.0, 0.0, 0.0], [0.0, 1.0, 0.0], [0.0, 0.0, 10.0]], ""pressure_epsilon_rel"": 0.001, ""smooth_stage_factors"": [0.05, 0.01], ""smooth_stage_maxiters"": [250, 29750], ""smooth_scale_floor"": 1e-20, ""gtol"": 1e-08, ""report_gradient_tol"": 0.001, ""compensate_effective_gravity"": true}","[{""stage_index"": 0, ""stage_factor"": 0.05, ""maxiter"": 250, ""iterations"": 250, ""nfev"": 345, ""njev"": 345, ""runtime_sec"": 1.6858457000053022, ""objective"": -0.017654761026161394, ""gradient_norm"": 0.01955722951177088, ""success"": false, ""status"": 1, ""message"": ""Maximum number of iterations has been exceeded."", ""force_epsilon"": 5.1198535625620806e-08, ""uniformity_epsilon"": 0.0, ""gradient_inf_norm"": 0.007006527013838004}, {""stage_index"": 1, ""stage_factor"": 0.01, ""maxiter"": 29750, ""iterations"": 29750, ""nfev"": 32648, ""njev"": 32648, ""runtime_sec"": 204.7814425000106, ""objective"": -0.04820234092951611, ""gradient_norm"": 0.005933323418564803, ""success"": false, ""status"": 1, ""message"": ""Maximum number of iterations has been exceeded."", ""force_epsilon"": 1.023970712512416e-08, ""uniformity_epsilon"": 0.0, ""gradient_inf_norm"": 0.001514937572613654}]",new,appendix_outputs\C_GFE\std_sensitivity\cache\C_STD_commands\00000000000004760c4c3edb5933770f.pkl,SMOKE,STD_GFE_gamma1_eps1_seed260870,000000000000080f9ce305b1153f0604,0.0938594307459916,0.1271424214808188,0.8455090014749319,0.9955854595463104,2187,True,True,3,0.4509635707870961,0.3445935312579911,0.0011895639232414,0.0002931263210116124,0.0002239857953176942
260870,1.0,10.0,GFE,epsilon_std,STD_GFE_gamma1_eps10_seed260870,False,Triple,GFE,3000.0,1.0,000000000000080f439f787cb4260aad,000000000000080f65c048ed9e7206a6,True,0,Optimization terminated successfully.,2999,3101,30000,1e-08,3.2087689719539255e-08,8.010466734299031e-09,18.547503199995845,native run_multitrap end-to-end; no pooled benchmark claim,1.2087465600050014e-05,1.2087465600050014e-05,-0.0496476370172195,1.9337831286020838e-07,1.023970712512416e-08,0.0003776778980538,1.023970712512416e-06,0.0037767789805386,"{""method"": ""Regularized-FE"", ""components"": {""force_smoothing"": true, ""pressure_retention"": true, ""uniformity"": true}, ""alpha_force"": 3000.0, ""beta_pressure"": 5e-05, ""gamma_uniformity"": 1.0, ""curvature_weight_override"": [[1.0, 0.0, 0.0], [0.0, 1.0, 0.0], [0.0, 0.0, 10.0]], ""pressure_epsilon_rel"": 0.001, ""smooth_stage_factors"": [0.05, 0.01], ""smooth_stage_maxiters"": [250, 29750], ""smooth_scale_floor"": 1e-20, ""gtol"": 1e-08, ""report_gradient_tol"": 0.001, ""compensate_effective_gravity"": true}","[{""stage_index"": 0, ""stage_factor"": 0.05, ""maxiter"": 250, ""iterations"": 250, ""nfev"": 294, ""njev"": 294, ""runtime_sec"": 1.633805299992673, ""objective"": -0.021036761611527715, ""gradient_norm"": 0.012881308366454063, ""success"": false, ""status"": 1, ""message"": ""Maximum number of iterations has been exceeded."", ""force_epsilon"": 5.1198535625620806e-08, ""uniformity_epsilon"": 0.0018883894902693417, ""gradient_inf_norm"": 0.004241622075070953}, {""stage_index"": 1, ""stage_factor"": 0.01, ""maxiter"": 29750, ""iterations"": 2749, ""nfev"": 2807, ""njev"": 2807, ""runtime_sec"": 16.77972229999432, ""objective"": -0.04964744363890608, ""gradient_norm"": 3.208769856543325e-08, ""success"": true, ""status"": 0, ""message"": ""Optimization terminated successfully."", ""force_epsilon"": 1.023970712512416e-08, ""uniformity_epsilon"": 0.0003776778980538683, ""gradient_inf_norm"": 8.010468256497704e-09}]",new,appendix_outputs\C_GFE\std_sensitivity\cache\C_STD_commands\000000000000047731b36117cfe07740.pkl,SMOKE,STD_GFE_gamma1_eps1_seed260870,000000000000080f9ce305b1153f0604,0.1368616123151683,0.1488264170933553,0.8160703905679114,0.990590177154252,2187,True,True,3,0.4593593359544877,0.3545995825486934,0.0013139794321384,0.00029858356837041697,0.0002304897286566507
260870,3.0,1.0,GFE,gamma,STD_GFE_gamma3_eps1_seed260870,False,Triple,GFE,3000.0,1.0,000000000000080fc71386d2d1750807,000000000000080f65c048ed9e7206a6,True,0,Optimization terminated successfully.,4846,5077,30000,1e-08,3.0205999962713834e-08,9.852146733675749e-09,29.20427099999506,native run_multitrap end-to-end; no pooled benchmark claim,4.0431019803692897e-07,4.0431019803692897e-07,-0.049647262562287,2.1640404959875053e-09,1.023970712512416e-08,3.776778980538683e-05,1.023970712512416e-06,0.0037767789805386,"{""method"": ""Regularized-FE"", ""components"": {""force_smoothing"": true, ""pressure_retention"": true, ""uniformity"": true}, ""alpha_force"": 3000.0, ""beta_pressure"": 5e-05, ""gamma_uniformity"": 3.0, ""curvature_weight_override"": [[1.0, 0.0, 0.0], [0.0, 1.0, 0.0], [0.0, 0.0, 10.0]], ""pressure_epsilon_rel"": 0.001, ""smooth_stage_factors"": [0.05, 0.01], ""smooth_stage_maxiters"": [250, 29750], ""smooth_scale_floor"": 1e-20, ""gtol"": 1e-08, ""report_gradient_tol"": 0.001, ""compensate_effective_gravity"": true}","[{""stage_index"": 0, ""stage_factor"": 0.05, ""maxiter"": 250, ""iterations"": 250, ""nfev"": 297, ""njev"": 297, ""runtime_sec"": 1.606956799994805, ""objective"": -0.0130513075380334, ""gradient_norm"": 0.032678623585070135, ""success"": false, ""status"": 1, ""message"": ""Maximum number of iterations has been exceeded."", ""force_epsilon"": 5.1198535625620806e-08, ""uniformity_epsilon"": 0.00018883894902693417, ""gradient_inf_norm"": 0.012964722893705358}, {""stage_index"": 1, ""stage_factor"": 0.01, ""maxiter"": 29750, ""iterations"": 4596, ""nfev"": 4780, ""njev"": 4779, ""runtime_sec"": 27.418361300005927, ""objective"": -0.049647256070165895, ""gradient_norm"": 3.0205971147392785e-08, ""success"": true, ""status"": 0, ""message"": ""Optimization terminated successfully."", ""force_epsilon"": 1.023970712512416e-08, ""uniformity_epsilon"": 3.776778980538683e-05, ""gradient_inf_norm"": 9.852132405764467e-09}]",new,appendix_outputs\C_GFE\std_sensitivity\cache\C_STD_commands\0000000000000476d366368b5e887712.pkl,SMOKE,STD_GFE_gamma1_eps1_seed260870,000000000000080f9ce305b1153f0604,0.2792799302952365,0.2939368834618204,0.8239518719961562,0.960209727369124,2187,True,True,3,0.4593072924854148,0.3546055862120604,0.0013144012948435,0.0002985497401155196,0.00023049363103783924
260870,1.0,1.0,No force smoothing,ablation,STD_No_force_smoothing_gamma1_eps1_seed260870,False,Triple,GFE,3000.0,1.0,000000000000080ff528c722a63a10e4,000000000000080f65c048ed9e7206a6,False,1,Maximum number of iterations has been exceeded.,30000,30980,30000,1e-08,0.0073382706406609,0.0013723545376651,205.53561139998783,native run_multitrap end-to-end; no pooled benchmark claim,1.17298866957251e-06,1.170503889064433e-06,-0.0495056326737153,1.821089861500397e-08,0.0,3.776778980538683e-05,1.023970712512416e-06,0.0037767789805386,"{""method"": ""Regularized-FE"", ""components"": {""force_smoothing"": false, ""pressure_retention"": true, ""uniformity"": true}, ""alpha_force"": 3000.0, ""beta_pressure"": 5e-05, ""gamma_uniformity"": 1.0, ""curvature_weight_override"": [[1.0, 0.0, 0.0], [0.0, 1.0, 0.0], [0.0, 0.0, 10.0]], ""pressure_epsilon_rel"": 0.001, ""smooth_stage_factors"": [0.05, 0.01], ""smooth_stage_maxiters"": [250, 29750], ""smooth_scale_floor"": 1e-20, ""gtol"": 1e-08, ""report_gradient_tol"": 0.001, ""compensate_effective_gravity"": true}","[{""stage_index"": 0, ""stage_factor"": 0.05, ""maxiter"": 250, ""iterations"": 250, ""nfev"": 293, ""njev"": 293, ""runtime_sec"": 1.641118200001074, ""objective"": -0.019290675244072016, ""gradient_norm"": 0.013934334569397591, ""success"": false, ""status"": 1, ""message"": ""Maximum number of iterations has been exceeded."", ""force_epsilon"": 0.0, ""uniformity_epsilon"": 0.00018883894902693417, ""gradient_inf_norm"": 0.004850559219581079}, {""stage_index"": 1, ""stage_factor"": 0.01, ""maxiter"": 29750, ""iterations"": 29750, ""nfev"": 30687, ""njev"": 30687, ""runtime_sec"": 203.7700041000062, ""objective"": -0.049505608465675505, ""gradient_norm"": 0.007338270544428395, ""success"": false, ""status"": 1, ""message"": ""Maximum number of iterations has been exceeded."", ""force_epsilon"": 0.0, ""uniformity_epsilon"": 3.776778980538683e-05, ""gradient_inf_norm"": 0.0013723545159687529}]",new,appendix_outputs\C_GFE\std_sensitivity\cache\C_STD_commands\00000000000004771742ca8cbf43775b.pkl,SMOKE,STD_GFE_gamma1_eps1_seed260870,000000000000080f9ce305b1153f0604,0.1617184478549146,0.1791029592506601,0.8138444636060563,0.9868369387205758,2187,True,True,3,0.4585715291397509,0.3581561500386416,0.0013280313724716,0.00029807149394083806,0.00023280149752511703
260870,1.0,1.0,No pressure,ablation,STD_No_pressure_gamma1_eps1_seed260870,False,Triple,GFE,3000.0,1.0,000000000000080fcb89a16acc86fa54,000000000000080f65c048ed9e7206a6,True,0,Optimization terminated successfully.,3586,3737,30000,1e-08,4.8231082707701834e-08,9.875297295763756e-09,22.14608920000319,native run_multitrap end-to-end; no pooled benchmark claim,4.6131971034652294e-07,0.0157540801580525,-0.0202969413361578,8.681459874832775e-09,1.023970712512416e-08,1.225257678292971e-05,1.023970712512416e-06,0.0012252576782929,"{""method"": ""Regularized-FE"", ""components"": {""force_smoothing"": true, ""pressure_retention"": false, ""uniformity"": true}, ""alpha_force"": 3000.0, ""beta_pressure"": 5e-05, ""gamma_uniformity"": 1.0, ""curvature_weight_override"": [[1.0, 0.0, 0.0], [0.0, 1.0, 0.0], [0.0, 0.0, 10.0]], ""pressure_epsilon_rel"": 0.001, ""smooth_stage_factors"": [0.05, 0.01], ""smooth_stage_maxiters"": [250, 29750], ""smooth_scale_floor"": 1e-20, ""gtol"": 1e-08, ""report_gradient_tol"": 0.001, ""compensate_effective_gravity"": true}","[{""stage_index"": 0, ""stage_factor"": 0.05, ""maxiter"": 250, ""iterations"": 250, ""nfev"": 280, ""njev"": 280, ""runtime_sec"": 1.5308912000036798, ""objective"": -0.023488758464415282, ""gradient_norm"": 0.004474753752674633, ""success"": false, ""status"": 1, ""message"": ""Maximum number of iterations has been exceeded."", ""force_epsilon"": 5.1198535625620806e-08, ""uniformity_epsilon"": 6.126288391464856e-05, ""gradient_inf_norm"": 0.0013120876718696727}, {""stage_index"": 1, ""stage_factor"": 0.01, ""maxiter"": 29750, ""iterations"": 3336, ""nfev"": 3457, ""njev"": 3457, ""runtime_sec"": 20.48445439999341, ""objective"": -0.05094907856128744, ""gradient_norm"": 4.823104273330661e-08, ""success"": true, ""status"": 0, ""message"": ""Optimization terminated successfully."", ""force_epsilon"": 1.023970712512416e-08, ""uniformity_epsilon"": 1.225257678292971e-05, ""gradient_inf_norm"": 9.875251852005677e-09}]",new,appendix_outputs\C_GFE\std_sensitivity\cache\C_STD_commands\00000000000004772d579605c1bf775b.pkl,SMOKE,STD_GFE_gamma1_eps1_seed260870,000000000000080f9ce305b1153f0604,0.3475014917030609,0.3866820215372902,0.8287728120479133,0.9376794299034972,2187,True,True,3,0.5461080259338641,0.5296429243352979,0.0013174904944658,0.00035497021685701165,0.0003442679008179436
260870,1.0,1.0,No uniformity,ablation,STD_No_uniformity_gamma1_eps1_seed260870,False,Triple,GFE,3000.0,1.0,000000000000080f86643a8f210a1c13,000000000000080f65c048ed9e7206a6,False,2,Desired error not necessarily achieved due to precision loss.,3247,3384,30000,1e-08,4.627137227369792e-08,1.287461648034026e-08,20.975607300002597,native run_multitrap end-to-end; no pooled benchmark claim,0.0028215352599442,0.0028215352599442,-0.0496933113413657,0.0,1.023970712512416e-08,0.0,1.023970712512416e-06,0.0037767789805386,"{""method"": ""Regularized-FE"", ""components"": {""force_smoothing"": true, ""pressure_retention"": true, ""uniformity"": false}, ""alpha_force"": 3000.0, ""beta_pressure"": 5e-05, ""gamma_uniformity"": 1.0, ""curvature_weight_override"": [[1.0, 0.0, 0.0], [0.0, 1.0, 0.0], [0.0, 0.0, 10.0]], ""pressure_epsilon_rel"": 0.001, ""smooth_stage_factors"": [0.05, 0.01], ""smooth_stage_maxiters"": [250, 29750], ""smooth_scale_floor"": 1e-20, ""gtol"": 1e-08, ""report_gradient_tol"": 0.001, ""compensate_effective_gravity"": true}","[{""stage_index"": 0, ""stage_factor"": 0.05, ""maxiter"": 250, ""iterations"": 250, ""nfev"": 296, ""njev"": 296, ""runtime_sec"": 1.6506634000106715, ""objective"": -0.025624536460935154, ""gradient_norm"": 0.010109169968144939, ""success"": false, ""status"": 1, ""message"": ""Maximum number of iterations has been exceeded."", ""force_epsilon"": 5.1198535625620806e-08, ""uniformity_epsilon"": 0.0, ""gradient_inf_norm"": 0.0031573961294308673}, {""stage_index"": 1, ""stage_factor"": 0.01, ""maxiter"": 29750, ""iterations"": 2997, ""nfev"": 3088, ""njev"": 3079, ""runtime_sec"": 19.18428019998828, ""objective"": -0.049693311341365655, ""gradient_norm"": 4.627137051577686e-08, ""success"": false, ""status"": 2, ""message"": ""Desired error not necessarily achieved due to precision loss."", ""force_epsilon"": 1.023970712512416e-08, ""uniformity_epsilon"": 0.0, ""gradient_inf_norm"": 1.2874615376839288e-08}]",new,appendix_outputs\C_GFE\std_sensitivity\cache\C_STD_commands\000000000000047780420658c339775b.pkl,SMOKE,STD_GFE_gamma1_eps1_seed260870,000000000000080f9ce305b1153f0604,0.2776027849685206,0.2901285031200161,0.8175804141849925,0.960695942417642,2187,True,True,3,0.4682798430664648,0.3533254574316383,0.0012166661894977,0.0003043818979932021,0.00022966154733056489
260871,1.0,1.0,GFE,gamma,STD_GFE_gamma1_eps1_seed260871,True,Triple,GFE,3000.0,1.0,000000000000080f29f0359371651085,000000000000080fb2ba3a6fe7ab1052,True,0,Optimization terminated successfully.,2063,2170,30000,1e-08,3.5614781688798925e-08,9.691950958539656e-09,14.132278699995368,native run_multitrap end-to-end; no pooled benchmark claim,1.176225412674594e-05,1.176225412674594e-05,-0.0496488185578965,1.8830898595388048e-07,1.2216110525870408e-08,0.0003672558724888,1.2216110525870408e-06,0.0367255872488873,"{""method"": ""Regularized-FE"", ""components"": {""force_smoothing"": true, ""pressure_retention"": true, ""uniformity"": true}, ""alpha_force"": 3000.0, ""beta_pressure"": 5e-05, ""gamma_uniformity"": 1.0, ""curvature_weight_override"": [[1.0, 0.0, 0.0], [0.0, 1.0, 0.0], [0.0, 0.0, 10.0]], ""pressure_epsilon_rel"": 0.001, ""smooth_stage_factors"": [0.05, 0.01], ""smooth_stage_maxiters"": [250, 29750], ""smooth_scale_floor"": 1e-20, ""gtol"": 1e-08, ""report_gradient_tol"": 0.001, ""compensate_effective_gravity"": true}","[{""stage_index"": 0, ""stage_factor"": 0.05, ""maxiter"": 250, ""iterations"": 250, ""nfev"": 306, ""njev"": 306, ""runtime_sec"": 1.884585199994035, ""objective"": -0.03517958382726689, ""gradient_norm"": 0.011539097675938945, ""success"": false, ""status"": 1, ""message"": ""Maximum number of iterations has been exceeded."", ""force_epsilon"": 6.108055262935204e-08, ""uniformity_epsilon"": 0.0018362793624443652, ""gradient_inf_norm"": 0.005643837836448303}, {""stage_index"": 1, ""stage_factor"": 0.01, ""maxiter"": 29750, ""iterations"": 1813, ""nfev"": 1864, ""njev"": 1864, ""runtime_sec"": 12.098141300011775, ""objective"": -0.04964863024891083, ""gradient_norm"": 3.5614781226631975e-08, ""success"": true, ""status"": 0, ""message"": ""Optimization terminated successfully."", ""force_epsilon"": 1.2216110525870408e-08, ""uniformity_epsilon"": 0.00036725587248887307, ""gradient_inf_norm"": 9.691951344881547e-09}]",new,appendix_outputs\C_GFE\std_sensitivity\cache\C_STD_commands\0000000000000476c7a576d40ce67788.pkl,SMOKE,STD_GFE_gamma1_eps1_seed260871,000000000000080f29f0359371651085,1.0,1.0,1.0,0.0,2187,True,True,3,0.4583926728321303,0.3534411681742816,0.0013121721956807,0.0002979552373408847,0.00022973675931328304
260871,1.0,1.0,FE,ablation,STD_FE_gamma1_eps1_seed260871,False,Triple,FE,3000.0,1.0,000000000000080f42ff90d2b9380bed,000000000000080fb2ba3a6fe7ab1052,True,0,Optimization terminated successfully.,2382,2482,30000,1e-08,3.339344757689992e-08,9.657981278138545e-09,15.63343580000219,native run_multitrap end-to-end; no pooled benchmark claim,1.063512475118312e-05,1.0711503850603471e-05,-0.0471740996744319,1.5040803612651054e-07,3.6510849816433085e-09,0.0003759215890592,3.651084981643308e-07,0.0375921589059208,"{""method"": ""Regularized-FE"", ""components"": {""force_smoothing"": true, ""pressure_retention"": true, ""uniformity"": true}, ""alpha_force"": 3000.0, ""beta_pressure"": 5e-05, ""gamma_uniformity"": 1.0, ""curvature_weight_override"": [[1.0, 0.0, 0.0], [0.0, 1.0, 0.0], [0.0, 0.0, 10.0]], ""pressure_epsilon_rel"": 0.001, ""smooth_stage_factors"": [0.05, 0.01], ""smooth_stage_maxiters"": [250, 29750], ""smooth_scale_floor"": 1e-20, ""gtol"": 1e-08, ""report_gradient_tol"": 0.001}","[{""stage_index"": 0, ""stage_factor"": 0.05, ""maxiter"": 250, ""iterations"": 250, ""nfev"": 296, ""njev"": 296, ""runtime_sec"": 1.689792999997735, ""objective"": -0.026059734836822605, ""gradient_norm"": 0.011639160587090525, ""success"": false, ""status"": 1, ""message"": ""Maximum number of iterations has been exceeded."", ""force_epsilon"": 1.8255424908216542e-08, ""uniformity_epsilon"": 0.0018796079452960439, ""gradient_inf_norm"": 0.004830971830384791}, {""stage_index"": 1, ""stage_factor"": 0.01, ""maxiter"": 29750, ""iterations"": 2132, ""nfev"": 2186, ""njev"": 2186, ""runtime_sec"": 13.779172900001868, ""objective"": -0.05047969206715773, ""gradient_norm"": 3.3393382323347174e-08, ""success"": true, ""status"": 0, ""message"": ""Optimization terminated successfully."", ""force_epsilon"": 3.6510849816433085e-09, ""uniformity_epsilon"": 0.0003759215890592087, ""gradient_inf_norm"": 9.65797580038664e-09}]",new,appendix_outputs\C_GFE\std_sensitivity\cache\C_STD_commands\0000000000000452236d37b6606d697a.pkl,SMOKE,STD_GFE_gamma1_eps1_seed260871,000000000000080f29f0359371651085,0.9920744775592102,0.9945208698940609,0.9970105674929268,0.1256512275133841,2187,True,True,3,0.9535528850546006,0.8412291273577476,0.0013617904330438,0.0006198093752854903,0.0005467989327825359
260871,0.3,1.0,GFE,gamma,STD_GFE_gamma0.3_eps1_seed260871,False,Triple,GFE,3000.0,1.0,000000000000080f80b193fc5f0f0129,000000000000080fb2ba3a6fe7ab1052,True,0,Optimization terminated successfully.,1930,2023,30000,1e-08,3.3636406893054035e-08,9.761872000799193e-09,12.446494399991934,native run_multitrap end-to-end; no pooled benchmark claim,3.90516428250462e-05,3.90516428250462e-05,-0.0496496881760951,2.0704150738976284e-06,1.2216110525870408e-08,0.0003672558724888,1.2216110525870408e-06,0.0367255872488873,"{""method"": ""Regularized-FE"", ""components"": {""force_smoothing"": true, ""pressure_retention"": true, ""uniformity"": true}, ""alpha_force"": 3000.0, ""beta_pressure"": 5e-05, ""gamma_uniformity"": 0.3, ""curvature_weight_override"": [[1.0, 0.0, 0.0], [0.0, 1.0, 0.0], [0.0, 0.0, 10.0]], ""pressure_epsilon_rel"": 0.001, ""smooth_stage_factors"": [0.05, 0.01], ""smooth_stage_maxiters"": [250, 29750], ""smooth_scale_floor"": 1e-20, ""gtol"": 1e-08, ""report_gradient_tol"": 0.001, ""compensate_effective_gravity"": true}","[{""stage_index"": 0, ""stage_factor"": 0.05, ""maxiter"": 250, ""iterations"": 250, ""nfev"": 288, ""njev"": 288, ""runtime_sec"": 1.6635859999951208, ""objective"": -0.0388981302746738, ""gradient_norm"": 0.018343813313412925, ""success"": false, ""status"": 1, ""message"": ""Maximum number of iterations has been exceeded."", ""force_epsilon"": 6.108055262935204e-08, ""uniformity_epsilon"": 0.0018362793624443652, ""gradient_inf_norm"": 0.004966388416466144}, {""stage_index"": 1, ""stage_factor"": 0.01, ""maxiter"": 29750, ""iterations"": 1680, ""nfev"": 1735, ""njev"": 1735, ""runtime_sec"": 10.627696800002013, ""objective"": -0.049649067051573084, ""gradient_norm"": 3.3636403785332894e-08, ""success"": true, ""status"": 0, ""message"": ""Optimization terminated successfully."", ""force_epsilon"": 1.2216110525870408e-08, ""uniformity_epsilon"": 0.00036725587248887307, ""gradient_inf_norm"": 9.761871590189754e-09}]",new,appendix_outputs\C_GFE\std_sensitivity\cache\C_STD_commands\00000000000004767e3621fe1230778a.pkl,SMOKE,STD_GFE_gamma1_eps1_seed260871,000000000000080f29f0359371651085,0.9999998588265162,0.9999999071076257,0.9999999373005,0.0005313632915434,2187,True,True,3,0.4585427462094472,0.3534278993394201,0.0013112505676431,0.0002980527850361407,0.00022972813457062304
260871,1.0,0.1,GFE,epsilon_std,STD_GFE_gamma1_eps0.1_seed260871,False,Triple,GFE,3000.0,1.0,000000000000080f4b974bbd517e043e,000000000000080fb2ba3a6fe7ab1052,True,0,Optimization terminated successfully.,2285,2427,30000,1e-08,2.1118113424560942e-08,8.523550178834158e-09,18.863000500001363,native run_multitrap end-to-end; no pooled benchmark claim,1.1804001693685375e-06,1.1804001693685375e-06,-0.0496484792194542,1.8964773629975843e-08,1.2216110525870408e-08,3.672558724888731e-05,1.2216110525870408e-06,0.0367255872488873,"{""method"": ""Regularized-FE"", ""components"": {""force_smoothing"": true, ""pressure_retention"": true, ""uniformity"": true}, ""alpha_force"": 3000.0, ""beta_pressure"": 5e-05, ""gamma_uniformity"": 1.0, ""curvature_weight_override"": [[1.0, 0.0, 0.0], [0.0, 1.0, 0.0], [0.0, 0.0, 10.0]], ""pressure_epsilon_rel"": 0.001, ""smooth_stage_factors"": [0.05, 0.01], ""smooth_stage_maxiters"": [250, 29750], ""smooth_scale_floor"": 1e-20, ""gtol"": 1e-08, ""report_gradient_tol"": 0.001, ""compensate_effective_gravity"": true}","[{""stage_index"": 0, ""stage_factor"": 0.05, ""maxiter"": 250, ""iterations"": 250, ""nfev"": 305, ""njev"": 305, ""runtime_sec"": 2.2232714999991003, ""objective"": -0.03182500038935615, ""gradient_norm"": 0.01673437341733493, ""success"": false, ""status"": 1, ""message"": ""Maximum number of iterations has been exceeded."", ""force_epsilon"": 6.108055262935204e-08, ""uniformity_epsilon"": 0.00018362793624443653, ""gradient_inf_norm"": 0.006686484886410173}, {""stage_index"": 1, ""stage_factor"": 0.01, ""maxiter"": 29750, ""iterations"": 2035, ""nfev"": 2122, ""njev"": 2122, ""runtime_sec"": 16.449981700003264, ""objective"": -0.04964846025468048, ""gradient_norm"": 2.1118116846428607e-08, ""success"": true, ""status"": 0, ""message"": ""Optimization terminated successfully."", ""force_epsilon"": 1.2216110525870408e-08, ""uniformity_epsilon"": 3.672558724888731e-05, ""gradient_inf_norm"": 8.523542772296752e-09}]",new,appendix_outputs\C_GFE\std_sensitivity\cache\C_STD_commands\0000000000000476fb0735530ce47788.pkl,SMOKE,STD_GFE_gamma1_eps1_seed260871,000000000000080f29f0359371651085,0.9999999792760628,0.9999999863975614,0.9999999906975036,0.0002035875094936,2187,True,True,3,0.458335769570844,0.3534459884453357,0.0013125343549366,0.00029791825022104857,0.0002297398924894682
260871,1.0,0.0,GFE,epsilon_std,STD_GFE_gamma1_eps0_seed260871,False,Triple,GFE,3000.0,1.0,000000000000080f2dc79f10d7b616c7,000000000000080fb2ba3a6fe7ab1052,False,2,Desired error not necessarily achieved due to precision loss.,23632,26110,30000,1e-08,0.0050678282575998,0.0017891023208438,146.5010065999959,native run_multitrap end-to-end; no pooled benchmark claim,3.2571256926045465e-14,3.2571256926045465e-14,-0.0496459854545924,3.2571256926045465e-14,1.2216110525870408e-08,0.0,1.2216110525870408e-06,0.0367255872488873,"{""method"": ""Regularized-FE"", ""components"": {""force_smoothing"": true, ""pressure_retention"": true, ""uniformity"": true}, ""alpha_force"": 3000.0, ""beta_pressure"": 5e-05, ""gamma_uniformity"": 1.0, ""curvature_weight_override"": [[1.0, 0.0, 0.0], [0.0, 1.0, 0.0], [0.0, 0.0, 10.0]], ""pressure_epsilon_rel"": 0.001, ""smooth_stage_factors"": [0.05, 0.01], ""smooth_stage_maxiters"": [250, 29750], ""smooth_scale_floor"": 1e-20, ""gtol"": 1e-08, ""report_gradient_tol"": 0.001, ""compensate_effective_gravity"": true}","[{""stage_index"": 0, ""stage_factor"": 0.05, ""maxiter"": 250, ""iterations"": 250, ""nfev"": 342, ""njev"": 342, ""runtime_sec"": 1.8306564999948023, ""objective"": -0.028934999696672913, ""gradient_norm"": 0.02656073391815821, ""success"": false, ""status"": 1, ""message"": ""Maximum number of iterations has been exceeded."", ""force_epsilon"": 6.108055262935204e-08, ""uniformity_epsilon"": 0.0, ""gradient_inf_norm"": 0.010069792781618285}, {""stage_index"": 1, ""stage_factor"": 0.01, ""maxiter"": 29750, ""iterations"": 23382, ""nfev"": 25768, ""njev"": 25756, ""runtime_sec"": 144.58810009999434, ""objective"": -0.04964598545456007, ""gradient_norm"": 0.005070377999494176, ""success"": false, ""status"": 2, ""message"": ""Desired error not necessarily achieved due to precision loss."", ""force_epsilon"": 1.2216110525870408e-08, ""uniformity_epsilon"": 0.0, ""gradient_inf_norm"": 0.0017891708969269473}]",new,appendix_outputs\C_GFE\std_sensitivity\cache\C_STD_commands\0000000000000476fac55f640ce17787.pkl,SMOKE,STD_GFE_gamma1_eps1_seed260871,000000000000080f29f0359371651085,0.999438174394488,0.9999130657635378,0.9999693567085852,0.0335161985167309,2187,True,True,3,0.4585494384242788,0.353456623894641,0.0013122324079385,0.0002980571349757812,0.00022974680553151664
260871,1.0,10.0,GFE,epsilon_std,STD_GFE_gamma1_eps10_seed260871,False,Triple,GFE,3000.0,1.0,000000000000080f2796e6cd228b197b,000000000000080fb2ba3a6fe7ab1052,True,0,Optimization terminated successfully.,1935,2050,30000,1e-08,3.7254649702075364e-08,9.612951623436422e-09,15.854191100006574,native run_multitrap end-to-end; no pooled benchmark claim,0.0001136270085062,0.0001136270085062,-0.0496520240971783,1.7573590673594132e-06,1.2216110525870408e-08,0.0036725587248887,1.2216110525870408e-06,0.0367255872488873,"{""method"": ""Regularized-FE"", ""components"": {""force_smoothing"": true, ""pressure_retention"": true, ""uniformity"": true}, ""alpha_force"": 3000.0, ""beta_pressure"": 5e-05, ""gamma_uniformity"": 1.0, ""curvature_weight_override"": [[1.0, 0.0, 0.0], [0.0, 1.0, 0.0], [0.0, 0.0, 10.0]], ""pressure_epsilon_rel"": 0.001, ""smooth_stage_factors"": [0.05, 0.01], ""smooth_stage_maxiters"": [250, 29750], ""smooth_scale_floor"": 1e-20, ""gtol"": 1e-08, ""report_gradient_tol"": 0.001, ""compensate_effective_gravity"": true}","[{""stage_index"": 0, ""stage_factor"": 0.05, ""maxiter"": 250, ""iterations"": 250, ""nfev"": 296, ""njev"": 296, ""runtime_sec"": 1.969101700000465, ""objective"": -0.04163041604268715, ""gradient_norm"": 0.011453108763176964, ""success"": false, ""status"": 1, ""message"": ""Maximum number of iterations has been exceeded."", ""force_epsilon"": 6.108055262935204e-08, ""uniformity_epsilon"": 0.018362793624443652, ""gradient_inf_norm"": 0.0032986381738720053}, {""stage_index"": 1, ""stage_factor"": 0.01, ""maxiter"": 29750, ""iterations"": 1685, ""nfev"": 1754, ""njev"": 1754, ""runtime_sec"": 13.696190399990883, ""objective"": -0.04965026673811054, ""gradient_norm"": 3.725464773777373e-08, ""success"": true, ""status"": 0, ""message"": ""Optimization terminated successfully."", ""force_epsilon"": 1.2216110525870408e-08, ""uniformity_epsilon"": 0.003672558724888731, ""gradient_inf_norm"": 9.612951593604133e-09}]",new,appendix_outputs\C_GFE\std_sensitivity\cache\C_STD_commands\00000000000004776a9b466b840677b8.pkl,SMOKE,STD_GFE_gamma1_eps1_seed260871,000000000000080f29f0359371651085,0.9999980548262354,0.9999987207444994,0.9999991315182748,0.0019723954333456,2187,True,True,3,0.4589175644464268,0.3533916495512917,0.0013086704699765,0.0002982964168901774,0.0002297045722083396
260871,3.0,1.0,GFE,gamma,STD_GFE_gamma3_eps1_seed260871,False,Triple,GFE,3000.0,1.0,000000000000080fc5d34464a577038c,000000000000080fb2ba3a6fe7ab1052,True,0,Optimization terminated successfully.,1922,2027,30000,1e-08,2.7406062440534365e-08,9.846994259870871e-09,14.679062800001702,native run_multitrap end-to-end; no pooled benchmark claim,3.929257496169514e-06,3.929257496169514e-06,-0.0496485674841793,2.1018891505769632e-08,1.2216110525870408e-08,0.0003672558724888,1.2216110525870408e-06,0.0367255872488873,"{""method"": ""Regularized-FE"", ""components"": {""force_smoothing"": true, ""pressure_retention"": true, ""uniformity"": true}, ""alpha_force"": 3000.0, ""beta_pressure"": 5e-05, ""gamma_uniformity"": 3.0, ""curvature_weight_override"": [[1.0, 0.0, 0.0], [0.0, 1.0, 0.0], [0.0, 0.0, 10.0]], ""pressure_epsilon_rel"": 0.001, ""smooth_stage_factors"": [0.05, 0.01], ""smooth_stage_maxiters"": [250, 29750], ""smooth_scale_floor"": 1e-20, ""gtol"": 1e-08, ""report_gradient_tol"": 0.001, ""compensate_effective_gravity"": true}","[{""stage_index"": 0, ""stage_factor"": 0.05, ""maxiter"": 250, ""iterations"": 250, ""nfev"": 294, ""njev"": 294, ""runtime_sec"": 1.784916599994176, ""objective"": -0.030854977452525145, ""gradient_norm"": 0.01037067232449202, ""success"": false, ""status"": 1, ""message"": ""Maximum number of iterations has been exceeded."", ""force_epsilon"": 6.108055262935204e-08, ""uniformity_epsilon"": 0.0018362793624443652, ""gradient_inf_norm"": 0.003012247438284809}, {""stage_index"": 1, ""stage_factor"": 0.01, ""maxiter"": 29750, ""iterations"": 1672, ""nfev"": 1733, ""njev"": 1733, ""runtime_sec"": 12.721829800007981, ""objective"": -0.049648504427504896, ""gradient_norm"": 2.740606157888747e-08, ""success"": true, ""status"": 0, ""message"": ""Optimization terminated successfully."", ""force_epsilon"": 1.2216110525870408e-08, ""uniformity_epsilon"": 0.00036725587248887307, ""gradient_inf_norm"": 9.846993278159687e-09}]",new,appendix_outputs\C_GFE\std_sensitivity\cache\C_STD_commands\000000000000047625ef57341236778a.pkl,SMOKE,STD_GFE_gamma1_eps1_seed260871,000000000000080f29f0359371651085,0.9999999887838402,0.999999992606252,0.9999999949200248,0.0001497742282451,2187,True,True,3,0.4583498332086231,0.3534446695158538,0.0013124406849847,0.000297927391585605,0.00022973903518530496
260871,1.0,1.0,No force smoothing,ablation,STD_No_force_smoothing_gamma1_eps1_seed260871,False,Triple,GFE,3000.0,1.0,000000000000080f4a6c5abc6467175d,000000000000080fb2ba3a6fe7ab1052,False,2,Desired error not necessarily achieved due to precision loss.,12546,13236,30000,1e-08,0.0053992876812007,0.0008913760287505,84.71240210000542,native run_multitrap end-to-end; no pooled benchmark claim,1.2066629037486946e-05,1.2066291106138822e-05,-0.0496387930386509,1.9817826290695906e-07,0.0,0.0003672558724888,1.2216110525870408e-06,0.0367255872488873,"{""method"": ""Regularized-FE"", ""components"": {""force_smoothing"": false, ""pressure_retention"": true, ""uniformity"": true}, ""alpha_force"": 3000.0, ""beta_pressure"": 5e-05, ""gamma_uniformity"": 1.0, ""curvature_weight_override"": [[1.0, 0.0, 0.0], [0.0, 1.0, 0.0], [0.0, 0.0, 10.0]], ""pressure_epsilon_rel"": 0.001, ""smooth_stage_factors"": [0.05, 0.01], ""smooth_stage_maxiters"": [250, 29750], ""smooth_scale_floor"": 1e-20, ""gtol"": 1e-08, ""report_gradient_tol"": 0.001, ""compensate_effective_gravity"": true}","[{""stage_index"": 0, ""stage_factor"": 0.05, ""maxiter"": 250, ""iterations"": 250, ""nfev"": 307, ""njev"": 307, ""runtime_sec"": 2.025061000007554, ""objective"": -0.035768931962568244, ""gradient_norm"": 0.014033593331399417, ""success"": false, ""status"": 1, ""message"": ""Maximum number of iterations has been exceeded."", ""force_epsilon"": 0.0, ""uniformity_epsilon"": 0.0018362793624443652, ""gradient_inf_norm"": 0.0053991778567508055}, {""stage_index"": 1, ""stage_factor"": 0.01, ""maxiter"": 29750, ""iterations"": 12296, ""nfev"": 12929, ""njev"": 12918, ""runtime_sec"": 82.57036009999865, ""objective"": -0.049638593735061486, ""gradient_norm"": 0.005399286877941098, ""success"": false, ""status"": 2, ""message"": ""Desired error not necessarily achieved due to precision loss."", ""force_epsilon"": 0.0, ""uniformity_epsilon"": 0.00036725587248887307, ""gradient_inf_norm"": 0.0008913759159208204}]",new,appendix_outputs\C_GFE\std_sensitivity\cache\C_STD_commands\0000000000000477e1cbab3372f177d3.pkl,SMOKE,STD_GFE_gamma1_eps1_seed260871,000000000000080f29f0359371651085,0.999396151042788,0.9999335318793608,0.9999747702233872,0.0347467017263634,2187,True,True,3,0.4637818750566992,0.3635493796332314,0.0013185080388685,0.00030145821878685446,0.0002363070967616004
260871,1.0,1.0,No pressure,ablation,STD_No_pressure_gamma1_eps1_seed260871,False,Triple,GFE,3000.0,1.0,000000000000080fc779d540dad62554,000000000000080fb2ba3a6fe7ab1052,True,0,Optimization terminated successfully.,1581,1660,30000,1e-08,2.8173095703181508e-08,6.455932026341541e-09,10.817704000000958,native run_multitrap end-to-end; no pooled benchmark claim,1.1193484412267982e-06,0.0157499529631799,-0.0202953732988407,2.107393471526193e-08,1.2216110525870408e-08,2.9716729198308914e-05,1.2216110525870408e-06,0.0029716729198308,"{""method"": ""Regularized-FE"", ""components"": {""force_smoothing"": true, ""pressure_retention"": false, ""uniformity"": true}, ""alpha_force"": 3000.0, ""beta_pressure"": 5e-05, ""gamma_uniformity"": 1.0, ""curvature_weight_override"": [[1.0, 0.0, 0.0], [0.0, 1.0, 0.0], [0.0, 0.0, 10.0]], ""pressure_epsilon_rel"": 0.001, ""smooth_stage_factors"": [0.05, 0.01], ""smooth_stage_maxiters"": [250, 29750], ""smooth_scale_floor"": 1e-20, ""gtol"": 1e-08, ""report_gradient_tol"": 0.001, ""compensate_effective_gravity"": true}","[{""stage_index"": 0, ""stage_factor"": 0.05, ""maxiter"": 250, ""iterations"": 250, ""nfev"": 276, ""njev"": 276, ""runtime_sec"": 1.6392560999956913, ""objective"": -0.044735376401457666, ""gradient_norm"": 0.004667713942562355, ""success"": false, ""status"": 1, ""message"": ""Maximum number of iterations has been exceeded."", ""force_epsilon"": 6.108055262935204e-08, ""uniformity_epsilon"": 0.00014858364599154458, ""gradient_inf_norm"": 0.0011967106942578308}, {""stage_index"": 1, ""stage_factor"": 0.01, ""maxiter"": 29750, ""iterations"": 1331, ""nfev"": 1384, ""njev"": 1384, ""runtime_sec"": 9.032385600003181, ""objective"": -0.05095026978218575, ""gradient_norm"": 2.8173101461809737e-08, ""success"": true, ""status"": 0, ""message"": ""Optimization terminated successfully."", ""force_epsilon"": 1.2216110525870408e-08, ""uniformity_epsilon"": 2.9716729198308914e-05, ""gradient_inf_norm"": 6.4559384190414945e-09}]",new,appendix_outputs\C_GFE\std_sensitivity\cache\C_STD_commands\0000000000000477dbdef7ba756d77d3.pkl,SMOKE,STD_GFE_gamma1_eps1_seed260871,000000000000080f29f0359371651085,0.918378072155425,0.933224847106944,0.983693021277364,0.3957040770374814,2187,True,True,3,0.545496420538469,0.5278894564953834,0.0013189880394234,0.00035457267335000487,0.00034312814672199924
260871,1.0,1.0,No uniformity,ablation,STD_No_uniformity_gamma1_eps1_seed260871,False,Triple,GFE,3000.0,1.0,000000000000080f3a7226e5028e307a,000000000000080fb2ba3a6fe7ab1052,True,0,Optimization terminated successfully.,1824,1919,30000,1e-08,2.6888930858003266e-08,9.775496345413906e-09,12.671664900000906,native run_multitrap end-to-end; no pooled benchmark claim,0.0028245877208443,0.0028245877208443,-0.0496945802872924,0.0,1.2216110525870408e-08,0.0,1.2216110525870408e-06,0.0367255872488873,"{""method"": ""Regularized-FE"", ""components"": {""force_smoothing"": true, ""pressure_retention"": true, ""uniformity"": false}, ""alpha_force"": 3000.0, ""beta_pressure"": 5e-05, ""gamma_uniformity"": 1.0, ""curvature_weight_override"": [[1.0, 0.0, 0.0], [0.0, 1.0, 0.0], [0.0, 0.0, 10.0]], ""pressure_epsilon_rel"": 0.001, ""smooth_stage_factors"": [0.05, 0.01], ""smooth_stage_maxiters"": [250, 29750], ""smooth_scale_floor"": 1e-20, ""gtol"": 1e-08, ""report_gradient_tol"": 0.001, ""compensate_effective_gravity"": true}","[{""stage_index"": 0, ""stage_factor"": 0.05, ""maxiter"": 250, ""iterations"": 250, ""nfev"": 297, ""njev"": 297, ""runtime_sec"": 1.7305756999994628, ""objective"": -0.03617805790716833, ""gradient_norm"": 0.017199714846055536, ""success"": false, ""status"": 1, ""message"": ""Maximum number of iterations has been exceeded."", ""force_epsilon"": 6.108055262935204e-08, ""uniformity_epsilon"": 0.0, ""gradient_inf_norm"": 0.004972299749634539}, {""stage_index"": 1, ""stage_factor"": 0.01, ""maxiter"": 29750, ""iterations"": 1574, ""nfev"": 1622, ""njev"": 1622, ""runtime_sec"": 10.785089999990305, ""objective"": -0.04969458028729268, ""gradient_norm"": 2.688893047644524e-08, ""success"": true, ""status"": 0, ""message"": ""Optimization terminated successfully."", ""force_epsilon"": 1.2216110525870408e-08, ""uniformity_epsilon"": 0.0, ""gradient_inf_norm"": 9.77549622803095e-09}]",new,appendix_outputs\C_GFE\std_sensitivity\cache\C_STD_commands\000000000000047776cb67e776e777d3.pkl,SMOKE,STD_GFE_gamma1_eps1_seed260871,000000000000080f29f0359371651085,0.9986918621525656,0.9990721412733792,0.9993632995580674,0.0511328120705384,2187,True,True,3,0.467718159598191,0.3520875078939346,0.001215888017579,0.00030401680373882414,0.0002288568801310575
