case_id,levels,command_key,source_model,validator_model,source_strength_pa_m_peak,validation_workers,root_found,locally_restoring,absolute_target_error_um,root_residual_scaled,root_residual_n,on_search_boundary,stiffness_min_n_m,validation_wall_s,target_x_m,root_x_m,displacement_x_um,stiffness_eigenvalue_1_n_m,target_y_m,root_y_m,displacement_y_um,stiffness_eigenvalue_2_n_m,target_z_m,root_z_m,displacement_z_um,stiffness_eigenvalue_3_n_m,additional_equilibrium_shift_um,stiffness_retention_pct,additional_equilibrium_shift_m,absolute_target_error_m
X+0_Y+0_Z45,0,continuous_FE,compact corrected-Rayleigh FE,current finite-ka elastic bead + effective gravity,8.48528137423857,2,True,True,235.06100450835373,6.605460085393176e-12,7.36036693652814e-18,False,0.0014156176755985054,11.02673079998931,0.0,3.082832853102088e-12,3.0828328531020882e-06,0.0014156176755985054,0.0,-3.0684151191271033e-12,-3.0684151191271032e-06,0.020257322142414616,0.045,0.044764938995491645,-235.0610045083537,0.02025732292149352,0.0,100.0,0.0,0.0002350610045083537
X+0_Y+0_Z45,4,Xp0_Yp0_Z45__Q0004,compact corrected-Rayleigh FE,current finite-ka elastic bead + effective gravity,8.48528137423857,2,True,True,416.2620279576992,1.236531027851692e-11,1.3778483218022524e-17,False,0.0011575797221053889,10.993688300004578,0.0,6.248076623638439e-16,6.248076623638439e-10,0.0011575797221053889,0.0,-2.0547564847399917e-16,-2.0547564847399917e-10,0.016081571570594307,0.045,0.0445837379720423,-416.2620279576992,0.016336461815889998,181.20102344934557,81.77205908480754,0.00018120102344934555,0.0004162620279576992
X+0_Y+0_Z45,8,Xp0_Yp0_Z45__Q0008,compact corrected-Rayleigh FE,current finite-ka elastic bead + effective gravity,8.48528137423857,2,True,True,265.48144285842153,7.099486230339847e-12,7.910852997459276e-18,False,0.001377933713936151,10.643413199999486,0.0,1.0193462098130989e-16,1.019346209813099e-10,0.001377933713936151,0.0,7.083771335148749e-17,7.083771335148749e-11,0.019241565563448613,0.045,0.04473451855714158,-265.48144285842153,0.019241565563562286,30.420438350068114,97.33798451997839,3.0420438350068114e-05,0.0002654814428584215
X+0_Y+0_Z45,10,Xp0_Yp0_Z45__Q0010,compact corrected-Rayleigh FE,current finite-ka elastic bead + effective gravity,8.48528137423857,2,True,True,265.3655936963595,1.6142227210897906e-11,1.798704615712559e-17,False,0.0013773534515988117,10.355367699987255,0.0,1.8339513772379195e-16,1.8339513772379194e-10,0.0013773534515988117,0.0,-4.721244348644125e-16,-4.721244348644125e-10,0.019043279625558723,0.045,0.04473463440630364,-265.3655936963595,0.020164056354402438,30.304589188006084,97.29699447391287,3.0304589188006082e-05,0.0002653655936963595
X+0_Y+0_Z45,16,Xp0_Yp0_Z45__Q0016,compact corrected-Rayleigh FE,current finite-ka elastic bead + effective gravity,8.48528137423857,2,True,True,240.7209853815262,1.2196929240631542e-11,1.3590858706184139e-17,False,0.0014152285532373877,10.397549600005732,0.0,-1.4544130283180724e-16,-1.4544130283180725e-10,0.0014152285532373877,0.0,2.2192676710421848e-16,2.2192676710421848e-10,0.019994029848812846,0.045,0.04475927901461847,-240.7209853815262,0.020055432844443166,5.659980873174159,99.97251218547032,5.659980873174159e-06,0.00024072098538152617
X+0_Y+0_Z45,32,Xp0_Yp0_Z45__Q0032,compact corrected-Rayleigh FE,current finite-ka elastic bead + effective gravity,8.48528137423857,2,True,True,236.90467693607968,1.052946427716817e-11,1.1732827043554786e-17,False,0.0014113210221588038,10.545097100010025,0.0,3.112839012714781e-16,3.112839012714781e-10,0.0014113210221588038,0.0,-3.127006749992786e-16,-3.127006749992786e-10,0.020173279358475908,0.045,0.04476309532306392,-236.90467693607968,0.020207447260132787,1.843672427731114,99.69648207183589,1.843672427731114e-06,0.00023690467693607967
X+0_Y+0_Z45,128,Xp0_Yp0_Z45__Q0128,compact corrected-Rayleigh FE,current finite-ka elastic bead + effective gravity,8.48528137423857,2,True,True,234.18614798298432,7.432982634705327e-12,8.282463131561932e-18,False,0.0014175814822147527,10.913959700003034,0.0,1.351711269293815e-16,1.3517112692938152e-10,0.0014175814822147527,0.0,-3.686734215486925e-16,-3.686734215486925e-10,0.02025282470838948,0.045,0.044765813852017014,-234.18614798298432,0.02025282470851921,0.8748565253802049,100.13872436393655,8.748565253802049e-07,0.00023418614798298432
X+0_Y+0_Z45,2048,Xp0_Yp0_Z45__Q2048,compact corrected-Rayleigh FE,current finite-ka elastic bead + effective gravity,8.48528137423857,2,True,True,235.06871902553848,1.1848801996040065e-11,1.3202945642193043e-17,False,0.0014156190332179977,10.408618099987507,0.0,2.457475351417109e-16,2.457475351417109e-10,0.0014156190332179977,0.0,2.3620269368430385e-17,2.3620269368430386e-11,0.020257317029246113,0.045,0.04476493128097446,-235.06871902553848,0.020257317029301107,0.007714518410894708,100.0000959029769,7.714518410894708e-09,0.00023506871902553847
X+10_Y+0_Z45,0,continuous_FE,compact corrected-Rayleigh FE,current finite-ka elastic bead + effective gravity,8.48528137423857,2,True,True,285.46820658216717,7.434983913141255e-12,8.284693126662979e-18,False,0.0013886773325205155,10.78911959999823,0.01,0.00998624640948614,-13.753590513860061,0.0013886773325205155,0.0,-2.2042099030457653e-07,-0.22042099030457654,0.01973981996862404,0.045,0.044714863388650626,-285.13661134937223,0.020134039664760836,0.0,99.99999999999999,0.0,0.00028546820658216716
X+10_Y+0_Z45,4,Xp10_Yp0_Z45__Q0004,compact corrected-Rayleigh FE,current finite-ka elastic bead + effective gravity,8.48528137423857,2,True,True,474.44717193301585,8.96584943617208e-12,9.990514043650059e-18,False,0.0011251250921085203,10.985819400011678,0.01,0.009991090028781548,-8.909971218452537,0.0011251250921085203,0.0,-8.169493493638024e-06,-8.169493493638024,0.015607010471414605,0.045,0.04452570685146823,-474.29314853177084,0.01631508094542273,189.385437561546,81.02134785093415,0.000189385437561546,0.0004744471719330158
X+10_Y+0_Z45,8,Xp10_Yp0_Z45__Q0008,compact corrected-Rayleigh FE,current finite-ka elastic bead + effective gravity,8.48528137423857,2,True,True,326.94781536861603,1.0919303350559353e-11,1.2167218984352418e-17,False,0.0013409355653455062,10.51190850000421,0.01,0.009996674060000576,-3.325939999423988,0.0013409355653455062,0.0,8.929091233518418e-06,8.929091233518418,0.018691872086583294,0.045,0.044673191059750234,-326.8089402497648,0.019131080033173455,43.920752101570386,96.56206909575202,4.392075210157039e-05,0.000326947815368616
X+10_Y+0_Z45,10,Xp10_Yp0_Z45__Q0010,compact corrected-Rayleigh FE,current finite-ka elastic bead + effective gravity,8.48528137423857,2,True,True,295.9633367411083,2.1471839252811792e-11,2.392575440010943e-17,False,0.0013511193615712346,10.880919799994444,0.01,0.009996601941463734,-3.398058536266055,0.0013511193615712346,0.0,8.684844732864732e-07,0.8684844732864733,0.019207267147407753,0.045,0.044704057445392124,-295.94255460787394,0.019408517791172288,15.006370892176728,97.29541412754888,1.5006370892176727e-05,0.0002959633367411083
X+10_Y+0_Z45,16,Xp10_Yp0_Z45__Q0016,compact corrected-Rayleigh FE,current finite-ka elastic bead + effective gravity,8.48528137423857,2,True,True,289.80234359994336,9.903741127199098e-12,1.1035592948591898e-17,False,0.0013693282158127765,10.568070099994657,0.01,0.009984355060495607,-15.644939504393108,0.0013693282158127765,0.0,2.423506302957973e-06,2.423506302957973,0.019467133148917657,0.045,0.04471063040788444,-289.36959211555563,0.019934982589545968,5.337197645106234,98.60665136136272,5.337197645106233e-06,0.00028980234359994334
X+10_Y+0_Z45,32,Xp10_Yp0_Z45__Q0032,compact corrected-Rayleigh FE,current finite-ka elastic bead + effective gravity,8.48528137423857,2,True,True,285.8679842135409,1.273445573968079e-11,1.4189816571338556e-17,False,0.001383321284341433,10.5215074000007,0.01,0.009982505934928375,-17.494065071625016,0.001383321284341433,0.0,4.904832756612271e-06,4.9048327566122705,0.019673498148851127,0.045,0.04471470996389426,-285.290036105737,0.02006812726168527,6.346882308932292,99.61430578193705,6.346882308932292e-06,0.0002858679842135409
X+10_Y+0_Z45,128,Xp10_Yp0_Z45__Q0128,compact corrected-Rayleigh FE,current finite-ka elastic bead + effective gravity,8.48528137423857,2,True,True,285.52138006045266,1.0916656116992618e-11,1.2164269210957988e-17,False,0.0013879864925663656,10.966781900002388,0.01,0.00998485885978486,-15.141140215139611,0.0013879864925663656,0.0,1.5214117167950584e-07,0.15214117167950583,0.019749927735035446,0.045,0.044714880408954986,-285.1195910450119,0.020117030202162357,1.4367972817428845,99.95025194564846,1.4367972817428845e-06,0.0002855213800604526
X+10_Y+0_Z45,2048,Xp10_Yp0_Z45__Q2048,compact corrected-Rayleigh FE,current finite-ka elastic bead + effective gravity,8.48528137423857,2,True,True,285.44106258338815,1.881257033438448e-11,2.0962570190456564e-17,False,0.001388705176978438,10.57113960001152,0.01,0.009986250864831202,-13.749135168798428,0.001388705176978438,0.0,-1.823411379330141e-07,-0.1823411379330141,0.019739065721229403,0.045,0.04471489032243266,-285.1096775673412,0.0201347798208769,0.046854603517207716,100.0020051063894,4.6854603517207715e-08,0.0002854410625833881
X-10_Y+0_Z45,0,continuous_FE,compact corrected-Rayleigh FE,current finite-ka elastic bead + effective gravity,8.48528137423857,2,True,True,298.74192174377885,1.3073752814088724e-11,1.456789030667992e-17,False,0.0013888217524250374,10.55490769998869,-0.01,-0.009985580607839594,14.419392160406469,0.0013888217524250374,0.0,-1.4527438247794452e-07,-0.14527438247794452,0.019742804299126927,0.045,0.04470160630731826,-298.3936926817393,0.020137005974846755,0.0,100.0,0.0,0.00029874192174377884
X-10_Y+0_Z45,4,Xm10_Yp0_Z45__Q0004,compact corrected-Rayleigh FE,current finite-ka elastic bead + effective gravity,8.48528137423857,2,True,True,474.44717193674217,1.3119107233185753e-11,1.461842806823349e-17,False,0.0011251250921303863,11.157706900004996,-0.01,-0.009991090028781997,8.909971218003243,0.0011251250921303863,0.0,-8.169493493401316e-06,-8.169493493401315,0.015607010471326298,0.045,0.04452570685146449,-474.2931485355109,0.016315080945555793,176.16855673222065,81.01292265661829,0.00017616855673222064,0.00047444717193674215
X-10_Y+0_Z45,8,Xm10_Yp0_Z45__Q0008,compact corrected-Rayleigh FE,current finite-ka elastic bead + effective gravity,8.48528137423857,2,True,True,326.9478153683952,9.089769531824786e-12,1.0128596382052273e-17,False,0.001340935565479302,10.489879999993718,-0.01,-0.009996674059999818,3.325940000182062,0.001340935565479302,0.0,8.92909123404066e-06,8.929091234040659,0.018691872086566592,0.045,0.044673191059750476,-326.8089402495219,0.01913108003307978,31.82507009437402,96.55202787095459,3.182507009437402e-05,0.00032694781536839516
X-10_Y+0_Z45,10,Xm10_Yp0_Z45__Q0010,compact corrected-Rayleigh FE,current finite-ka elastic bead + effective gravity,8.48528137423857,2,True,True,317.3366918918315,1.2843945954450979e-11,1.431181990589052e-17,False,0.0013437118337563142,10.384248899994418,-0.01,-0.009962093845396387,37.90615460361364,0.0013437118337563142,0.0,-6.539599090304136e-07,-0.6539599090304136,0.01909878608350767,0.045,0.04468493608299195,-315.0639170080502,0.019527579908993443,28.80595685128508,96.75192884976374,2.880595685128508e-05,0.00031733669189183147
X-10_Y+0_Z45,16,Xm10_Yp0_Z45__Q0016,compact corrected-Rayleigh FE,current finite-ka elastic bead + effective gravity,8.48528137423857,2,True,True,309.64920225707726,8.563750873306067e-12,9.542461534198203e-18,False,0.001370791957031164,10.101812900000368,-0.01,-0.0099820906916804,17.909308319600733,0.001370791957031164,0.0,3.447453967392027e-06,3.4474539673920273,0.0194430914533991,0.045,0.04469088836936294,-309.11163063705726,0.01996657570922162,11.830528551514918,98.70179197853207,1.1830528551514919e-05,0.00030964920225707725
X-10_Y+0_Z45,32,Xm10_Yp0_Z45__Q0032,compact corrected-Rayleigh FE,current finite-ka elastic bead + effective gravity,8.48528137423857,2,True,True,303.10339407339086,8.979269055636671e-12,1.0005467328074013e-17,False,0.001384001007392713,10.5288572999998,-0.01,-0.009990343648857258,9.656351142741867,0.001384001007392713,0.0,1.7629184027276862e-06,1.762918402727686,0.019599154676812818,0.045,0.0446970555917332,-302.94440826680176,0.020159489332080914,6.858335933562625,99.65288957896094,6.8583359335626245e-06,0.0003031033940733908
X-10_Y+0_Z45,128,Xm10_Yp0_Z45__Q0128,compact corrected-Rayleigh FE,current finite-ka elastic bead + effective gravity,8.48528137423857,2,True,True,298.84308106724984,1.592363701504204e-11,1.7743474319671826e-17,False,0.001388859989575556,10.517360800004099,-0.01,-0.0099844839825843,15.516017415700967,0.001388859989575556,0.0,-7.241807748217033e-07,-0.7241807748217033,0.01975063102544391,0.045,0.04470156086739918,-298.4391326008168,0.02012230794034942,1.240880472846581,100.00275320792261,1.240880472846581e-06,0.00029884308106724984
X-10_Y+0_Z45,2048,Xm10_Yp0_Z45__Q2048,compact corrected-Rayleigh FE,current finite-ka elastic bead + effective gravity,8.48528137423857,2,True,True,298.71343591790855,1.1024067132936543e-11,1.228395572486499e-17,False,0.001388900382083171,10.974905399998534,-0.01,-0.009985502070309562,14.49792969043795,0.001388900382083171,0.0,-2.2377043857417078e-07,-0.22377043857417078,0.01974301336561307,0.045,0.04470163868085932,-298.36131914067613,0.02013673843974275,0.1156625289671477,100.00566160905792,1.1566252896714769e-07,0.0002987134359179085
X+0_Y+10_Z45,0,continuous_FE,compact corrected-Rayleigh FE,current finite-ka elastic bead + effective gravity,8.48528137423857,2,True,True,265.83417395784045,1.2484938306714405e-11,1.3911782968841382e-17,False,0.0013884641168828457,10.839777100001811,0.0,-3.074350412075001e-07,-0.3074350412075001,0.0013884641168828457,0.01,0.009987206346359884,-12.793653640116517,0.01973539121799447,0.045,0.04473447403902051,-265.52596097948606,0.02012963792254368,0.0,100.0,0.0,0.00026583417395784043
X+0_Y+10_Z45,4,Xp0_Yp10_Z45__Q0004,compact corrected-Rayleigh FE,current finite-ka elastic bead + effective gravity,8.48528137423857,2,True,True,399.38958000754957,8.259103775676317e-12,9.2029977579108e-18,False,0.0011623937170004023,10.772832000002381,0.0,-1.645758091947735e-05,-16.457580919477348,0.0011623937170004023,0.01,0.009984711928343198,-15.288071656802474,0.016586803990374568,0.045,0.04460124260569376,-398.75739430624003,0.017011534692880845,134.2298929427892,83.71795157443607,0.0001342298929427892,0.0003993895800075495
X+0_Y+10_Z45,8,Xp0_Yp10_Z45__Q0008,compact corrected-Rayleigh FE,current finite-ka elastic bead + effective gravity,8.48528137423857,2,True,True,296.50004168748865,8.810550122437516e-12,9.817466304461523e-18,False,0.0013402921012461463,10.330713499992271,0.0,-6.03940697148088e-06,-6.03940697148088,0.0013402921012461463,0.01,0.009987575765457663,-12.424234542337404,0.01873772754977813,0.045,0.044703821947673104,-296.1780523268939,0.019208088410790213,31.18561650262958,96.53055379314755,3.118561650262958e-05,0.00029650004168748864
X+0_Y+10_Z45,10,Xp0_Yp10_Z45__Q0010,compact corrected-Rayleigh FE,current finite-ka elastic bead + effective gravity,8.48528137423857,2,True,True,285.21620092003013,1.6837518688105213e-11,1.8761799215039474e-17,False,0.0013416042593334056,10.382628100007423,0.0,4.670283656400133e-06,4.670283656400133,0.0013416042593334056,0.01,0.009968705715572734,-31.294284427265882,0.01903391544514948,0.045,0.0447165442936189,-283.4557063811013,0.0195713737614041,26.239794075443434,96.62505807822804,2.623979407544343e-05,0.0002852162009200301
X+0_Y+10_Z45,16,Xp0_Yp10_Z45__Q0016,compact corrected-Rayleigh FE,current finite-ka elastic bead + effective gravity,8.48528137423857,2,True,True,278.12522388586063,2.0697207012112903e-12,2.3062593097384e-18,False,0.0013701951683879482,10.293756499988376,0.0,2.113169913320641e-06,2.113169913320641,0.0013701951683879482,0.01,0.009989513355523921,-10.48664447607893,0.019515763270385737,0.045,0.04472208057829272,-277.9194217072817,0.019882513206418876,12.836646308138745,98.68423329974765,1.2836646308138744e-05,0.00027812522388586064
X+0_Y+10_Z45,32,Xp0_Yp10_Z45__Q0032,compact corrected-Rayleigh FE,current finite-ka elastic bead + effective gravity,8.48528137423857,2,True,True,267.92223552493465,6.528023307924426e-12,7.274080275313934e-18,False,0.0013823918945190226,10.71406470000511,0.0,1.020258749579864e-06,1.0202587495798638,0.0013823918945190226,0.01,0.00998185214898874,-18.147851011261068,0.019675628555564532,0.045,0.04473269504519288,-267.30495480711824,0.02005818988830376,5.796121058951406,99.5626662374642,5.7961210589514054e-06,0.00026792223552493465
X+0_Y+10_Z45,128,Xp0_Yp10_Z45__Q0128,compact corrected-Rayleigh FE,current finite-ka elastic bead + effective gravity,8.48528137423857,2,True,True,265.52135940575096,4.31309885119361e-12,4.8060225582929e-18,False,0.0013882920499465004,10.537332399995648,0.0,-3.792043959435766e-07,-0.37920439594357663,0.0013882920499465004,0.01,0.00998813537197805,-11.864628021950734,0.019741277042167014,0.045,0.044734744125217545,-265.25587478245376,0.020115781834173094,0.9701474080339068,99.98760739047894,9.701474080339068e-07,0.00026552135940575094
X+0_Y+10_Z45,2048,Xp0_Yp10_Z45__Q2048,compact corrected-Rayleigh FE,current finite-ka elastic bead + effective gravity,8.48528137423857,2,True,True,265.8193234593298,1.471929806410545e-11,1.6401497155287972e-17,False,0.001388484648769906,10.868018200009828,0.0,-3.028781699316847e-07,-0.3028781699316847,0.001388484648769906,0.01,0.009987241835954456,-12.758164045544376,0.019736403650958443,0.045,0.044734487193831676,-265.5128061683221,0.020128584506391115,0.03812250589191897,100.00147874812252,3.812250589191897e-08,0.0002658193234593298
X+0_Y-10_Z45,0,continuous_FE,compact corrected-Rayleigh FE,current finite-ka elastic bead + effective gravity,8.48528137423857,2,True,True,241.1203709811581,1.4608710142427806e-11,1.627827066208798e-17,False,0.0013881962458577306,10.371389000007184,0.0,3.938543544260017e-07,0.3938543544260017,0.0013881962458577306,-0.01,-0.00998839097073083,11.609029269169651,0.019729789975810742,0.045,0.04475915957851667,-240.8404214833265,0.020124073088566966,0.0,100.0,0.0,0.0002411203709811581
X+0_Y-10_Z45,4,Xp0_Ym10_Z45__Q0004,compact corrected-Rayleigh FE,current finite-ka elastic bead + effective gravity,8.48528137423857,2,True,True,416.49802287813424,1.2100675069871267e-11,1.3483604100629332e-17,False,0.0011386826320388028,11.131581800000276,0.0,-1.0904106713914927e-05,-10.904106713914928,0.0011386826320388028,-0.01,-0.009993236670071962,6.763329928037923,0.015456389216031737,0.045,0.044583699674650076,-416.300325349922,0.0165398569508918,175.89002982341358,82.02605614563093,0.00017589002982341357,0.00041649802287813424
X+0_Y-10_Z45,8,Xp0_Ym10_Z45__Q0008,compact corrected-Rayleigh FE,current finite-ka elastic bead + effective gravity,8.48528137423857,2,True,True,283.13460789779424,1.0088652072203135e-11,1.1241636492601728e-17,False,0.0013407113217545747,10.403657500006375,0.0,-4.838417678096347e-06,-4.838417678096347,0.0013407113217545747,-0.01,-0.009983249500751015,16.750499248985307,0.01868855043602791,0.045,0.044717402730588704,-282.59726941129435,0.01926477821990266,42.39629385990118,96.57937959097302,4.2396293859901174e-05,0.0002831346078977942
X+0_Y-10_Z45,10,Xp0_Ym10_Z45__Q0010,compact corrected-Rayleigh FE,current finite-ka elastic bead + effective gravity,8.48528137423857,2,True,True,268.4090838132396,6.251392870451413e-12,6.965835051015908e-18,False,0.001340560292655719,10.362852600010228,0.0,-1.1067559346390365e-05,-11.067559346390365,0.001340560292655719,-0.01,-0.009973461129162205,26.538870837795532,0.019058433925393085,0.045,0.044733135551752894,-266.8644482471047,0.019535481257357875,32.11719387317911,96.56850007020597,3.211719387317911e-05,0.0002684090838132396
X+0_Y-10_Z45,16,Xp0_Ym10_Z45__Q0016,compact corrected-Rayleigh FE,current finite-ka elastic bead + effective gravity,8.48528137423857,2,True,True,249.32601631321197,9.001490204987526e-12,1.0030228027686045e-17,False,0.0013731061331701787,10.914622100011911,0.0,-4.983650370491242e-06,-4.983650370491242,0.0013731061331701787,-0.01,-0.009992448504035134,7.551495964866136,0.019477350636591003,0.045,0.044750838204075556,-249.16179592444215,0.019904666745065455,10.706372222713538,98.9129697812842,1.0706372222713537e-05,0.000249326016313212
X+0_Y-10_Z45,32,Xp0_Ym10_Z45__Q0032,compact corrected-Rayleigh FE,current finite-ka elastic bead + effective gravity,8.48528137423857,2,True,True,247.67844223934236,1.0708064333510914e-11,1.1931838457229683e-17,False,0.001381064856929632,10.73481300000276,0.0,1.0134019976291242e-06,1.0134019976291242,0.001381064856929632,-0.01,-0.009987959114703054,12.040885296946483,0.019672060232275364,0.045,0.04475261649034795,-247.3835096520466,0.020051939667809635,6.5865272864059605,99.48628380537853,6.5865272864059605e-06,0.00024767844223934235
X+0_Y-10_Z45,128,Xp0_Ym10_Z45__Q0128,compact corrected-Rayleigh FE,current finite-ka elastic bead + effective gravity,8.48528137423857,2,True,True,241.1707567426822,1.4585108167985026e-11,1.625197132940265e-17,False,0.001387754274617395,10.308288200001698,0.0,4.546675818509983e-07,0.4546675818509983,0.001387754274617395,-0.01,-0.009988060525387154,11.939474612846293,0.01971654805772996,0.045,0.044759125393345006,-240.87460665499216,0.020128954170409316,0.33772918107446337,99.96816219308657,3.3772918107446334e-07,0.00024117075674268219
X+0_Y-10_Z45,2048,Xp0_Ym10_Z45__Q2048,compact corrected-Rayleigh FE,current finite-ka elastic bead + effective gravity,8.48528137423857,2,True,True,241.10413994354738,4.032017407503412e-12,4.4928176432887414e-18,False,0.0013882428930439249,10.603217800002312,0.0,5.096083289912264e-07,0.5096083289912264,0.0013882428930439249,-0.01,-0.00998837040171217,11.629598287829849,0.019728607543321813,0.045,0.04475917703796994,-240.82296203006143,0.020125211107813054,0.11885663492042021,100.00336027318426,1.1885663492042021e-07,0.00024110413994354738
X+0_Y+0_Z50,0,continuous_FE,compact corrected-Rayleigh FE,current finite-ka elastic bead + effective gravity,8.48528137423857,2,True,True,377.7824894436316,5.03548851560901e-12,5.610970727309999e-18,False,0.0012663222487477518,10.888141600007657,0.0,-5.752939567951179e-12,-5.752939567951179e-06,0.0012663222487477518,0.0,-4.3483339057060245e-12,-4.348333905706025e-06,0.01902039726491219,0.05,0.04962221751055637,-377.78248944363156,0.01902039740871975,0.0,100.0,0.0,0.0003777824894436316
X+0_Y+0_Z50,4,Xp0_Yp0_Z50__Q0004,compact corrected-Rayleigh FE,current finite-ka elastic bead + effective gravity,8.48528137423857,2,True,True,604.1376328602619,9.140902799040641e-12,1.0185573428996285e-17,False,0.0010245017748853834,10.801848499992047,0.0,3.8854924539526853e-16,3.8854924539526853e-10,0.0010245017748853834,0.0,-7.672370105308061e-17,-7.672370105308061e-11,0.015242179681130405,0.05,0.04939586236713974,-604.1376328602619,0.015242179681170543,226.3551434166304,80.90371750938584,0.00022635514341663038,0.0006041376328602618
X+0_Y+0_Z50,8,Xp0_Yp0_Z50__Q0008,compact corrected-Rayleigh FE,current finite-ka elastic bead + effective gravity,8.48528137423857,2,True,True,425.2718347991791,8.349083288007684e-12,9.303260603945287e-18,False,0.0011973028553050923,10.501162800006568,0.0,1.6155493554825104e-16,1.6155493554825103e-10,0.0011973028553050923,0.0,-8.003498156543658e-17,-8.003498156543658e-11,0.0178884589667246,0.05,0.049574728165200824,-425.2718347991791,0.018126214683172985,47.489345355548046,94.54961851054011,4.7489345355548045e-05,0.00042527183479917907
X+0_Y+0_Z50,10,Xp0_Yp0_Z50__Q0010,compact corrected-Rayleigh FE,current finite-ka elastic bead + effective gravity,8.48528137423857,2,True,True,412.6599742693485,1.359403489115818e-11,1.514763296627125e-17,False,0.001211062048104242,10.871274799996172,0.0,-1.32003335923066e-16,-1.32003335923066e-10,0.001211062048104242,0.0,1.5746776236519369e-16,1.574677623651937e-10,0.018165730987047733,0.05,0.049587340025730654,-412.6599742693485,0.01864305627016213,34.877484825717644,95.63616601554969,3.487748482571764e-05,0.0004126599742693485
X+0_Y+0_Z50,16,Xp0_Yp0_Z50__Q0016,compact corrected-Rayleigh FE,current finite-ka elastic bead + effective gravity,8.48528137423857,2,True,True,384.7991145018939,1.5374703647132382e-11,1.7131805948462706e-17,False,0.001258468736734659,10.367209800009732,0.0,1.9274867953274966e-06,1.9274867953274966,0.001258468736734659,0.0,-2.15114176687157e-06,-2.1511417668715698,0.0187958160916464,0.05,0.049615211725873576,-384.7882741264269,0.018824651438132188,7.577838658796298,99.37981726050702,7.577838658796298e-06,0.0003847991145018939
X+0_Y+0_Z50,32,Xp0_Yp0_Z50__Q0032,compact corrected-Rayleigh FE,current finite-ka elastic bead + effective gravity,8.48528137423857,2,True,True,381.25296539087697,1.1404199112712048e-11,1.270753119414134e-17,False,0.0012594688391096734,10.418905099999392,0.0,4.2547066584944845e-16,4.2547066584944846e-10,0.0012594688391096734,0.0,-2.2749278608348173e-16,-2.2749278608348173e-10,0.01895264385775152,0.05,0.049618747034609126,-381.25296539087697,0.018952643857958966,3.470475947252859,99.45879418569359,3.4704759472528586e-06,0.00038125296539087694
X+0_Y+0_Z50,128,Xp0_Yp0_Z50__Q0128,compact corrected-Rayleigh FE,current finite-ka elastic bead + effective gravity,8.48528137423857,2,True,True,378.0287311927477,1.317288402608573e-11,1.4678350756932916e-17,False,0.0012664262411642374,10.730016100002103,0.0,1.1089408559272856e-16,1.1089408559272855e-10,0.0012664262411642374,0.0,8.077971257842358e-17,8.077971257842358e-11,0.01900957739940554,0.05,0.049621971268807255,-378.0287311927477,0.019022208250129603,0.24624174922173853,100.00821216057669,2.462417492217385e-07,0.0003780287311927477
X+0_Y+0_Z50,2048,Xp0_Yp0_Z50__Q2048,compact corrected-Rayleigh FE,current finite-ka elastic bead + effective gravity,8.48528137423857,2,True,True,377.79204718685344,9.494293244601211e-12,1.0579351200349534e-17,False,0.001266294346520893,11.095528599995305,0.0,-3.4602393735709684e-16,-3.460239373570968e-10,0.001266294346520893,0.0,1.2776061290494761e-16,1.277606129049476e-10,0.019020382571958053,0.05,0.04962220795281315,-377.79204718685344,0.019020382572051648,0.009557745942249288,99.99779659349062,9.557745942249287e-09,0.00037779204718685344
X+10_Y+0_Z50,0,continuous_FE,compact corrected-Rayleigh FE,current finite-ka elastic bead + effective gravity,8.48528137423857,2,True,True,382.6097848786447,1.027088627702453e-11,1.1444697384429379e-17,False,0.0012403408788953056,10.804348499994376,0.01,0.00998035245970438,-19.647540295620118,0.0012403408788953056,0.0,4.829427876720595e-07,0.4829427876720595,0.01848634556768028,0.05,0.04961789531746984,-382.1046825301655,0.01887682597175606,0.0,100.0,0.0,0.00038260978487864467
X+10_Y+0_Z50,4,Xp10_Yp0_Z50__Q0004,compact corrected-Rayleigh FE,current finite-ka elastic bead + effective gravity,8.48528137423857,2,True,True,548.1608012840326,6.443626775913657e-12,7.180038462065626e-18,False,0.0010292408983454046,11.141094799997518,0.01,0.009968385189000025,-31.614810999974765,0.0010292408983454046,0.0,7.846818013731383e-06,7.846818013731383,0.01517177547690954,0.05,0.049452807899146155,-547.192100853848,0.015527545111779954,165.68433213564526,82.98048672410808,0.00016568433213564525,0.0005481608012840325
X+10_Y+0_Z50,8,Xp10_Yp0_Z50__Q0008,compact corrected-Rayleigh FE,current finite-ka elastic bead + effective gravity,8.48528137423857,2,True,True,434.8303662905312,1.0940658957063793e-11,1.2191015222312038e-17,False,0.001165716046537431,10.876774299991666,0.01,0.009987472276687752,-12.527723312248662,0.001165716046537431,0.0,-3.435949541354156e-06,-3.435949541354156,0.017204152162913686,0.05,0.049565363717750444,-434.6362822495592,0.01813702321711999,53.15654691608371,93.98352230200312,5.315654691608371e-05,0.00043483036629053115
X+10_Y+0_Z50,10,Xp10_Yp0_Z50__Q0010,compact corrected-Rayleigh FE,current finite-ka elastic bead + effective gravity,8.48528137423857,2,True,True,401.34276734090355,1.5267317692162714e-11,1.7012147359630405e-17,False,0.0012023852361563731,11.1210626999964,0.01,0.009974788744254611,-25.211255745389085,0.0012023852361563731,0.0,3.4121847718243727e-06,3.4121847718243727,0.017713281232946035,0.05,0.04959946440048895,-400.5355995110524,0.018486758006172367,19.473933577068177,96.93990229744446,1.9473933577068175e-05,0.00040134276734090355
X+10_Y+0_Z50,16,Xp10_Yp0_Z50__Q0016,compact corrected-Rayleigh FE,current finite-ka elastic bead + effective gravity,8.48528137423857,2,True,True,387.95542628833977,6.370306290260638e-12,7.098338524227224e-18,False,0.00122692148428966,10.427154299992253,0.01,0.009972109332314964,-27.890667685036632,0.00122692148428966,0.0,4.880620649255984e-07,0.4880620649255984,0.01830401475309986,0.05,0.04961304873015059,-386.95126984941015,0.01863302907046086,9.562352430663248,98.91808817769535,9.562352430663247e-06,0.00038795542628833975
X+10_Y+0_Z50,32,Xp10_Yp0_Z50__Q0032,compact corrected-Rayleigh FE,current finite-ka elastic bead + effective gravity,8.48528137423857,2,True,True,384.8260937176672,1.413679278991711e-11,1.5752420103112593e-17,False,0.001238106851036287,10.91034300001047,0.01,0.009980299434618383,-19.70056538161749,0.001238106851036287,0.0,7.584683138100439e-07,0.758468313810044,0.018423805628541984,0.05,0.04961567925523665,-384.32074476335566,0.018827687373136302,2.2337541934309533,99.81988597674791,2.2337541934309533e-06,0.0003848260937176672
X+10_Y+0_Z50,128,Xp10_Yp0_Z50__Q0128,compact corrected-Rayleigh FE,current finite-ka elastic bead + effective gravity,8.48528137423857,2,True,True,383.07502309317067,1.941845542960303e-12,2.1637699033039883e-18,False,0.0012403105741590483,11.093057300007786,0.01,0.009979949795127353,-20.05020487264725,0.0012403105741590483,0.0,-4.874672247630013e-07,-0.48746722476300136,0.01847795383309178,0.05,0.04961745036272648,-382.5496372735215,0.01887829423567513,1.1409728644721107,99.99755674131418,1.1409728644721105e-06,0.00038307502309317063
X+10_Y+0_Z50,2048,Xp10_Yp0_Z50__Q2048,compact corrected-Rayleigh FE,current finite-ka elastic bead + effective gravity,8.48528137423857,2,True,True,382.5369342892041,5.678533747270133e-12,6.3275065629101445e-18,False,0.0012403234540219069,11.31433960000868,0.01,0.009980312226774408,-19.687773225592064,0.0012403234540219069,0.0,5.430587886875032e-07,0.5430587886875032,0.018485484834588957,0.05,0.049617970416370734,-382.0295836292689,0.01887761749722815,0.10427112327049189,99.99859515446961,1.0427112327049188e-07,0.0003825369342892041
X-10_Y+0_Z50,0,continuous_FE,compact corrected-Rayleigh FE,current finite-ka elastic bead + effective gravity,8.48528137423857,2,True,True,387.75092916604456,7.065700347467286e-12,7.87320588552433e-18,False,0.0012404171388529285,10.6373295999947,-0.01,-0.009980095744337792,19.904255662207827,0.0012404171388529285,0.0,4.613692824378345e-07,0.4613692824378345,0.018487823838436755,0.05,0.04961276055106169,-387.23944893831464,0.018878309069862133,0.0,100.0,0.0,0.0003877509291660445
X-10_Y+0_Z50,4,Xm10_Yp0_Z50__Q0004,compact corrected-Rayleigh FE,current finite-ka elastic bead + effective gravity,8.48528137423857,2,True,True,548.1608012873863,9.964030262004939e-12,1.1102772244011164e-17,False,0.001029240898234001,11.188960500003304,-0.01,-0.009968385189000189,31.6148109998117,0.001029240898234001,0.0,7.846818013031184e-06,7.846818013031183,0.015171775477024087,0.05,0.049452807899142776,-547.1921008572273,0.015527545111786124,160.55071726766005,82.97538513421283,0.00016055071726766003,0.0005481608012873863
X-10_Y+0_Z50,8,Xm10_Yp0_Z50__Q0008,compact corrected-Rayleigh FE,current finite-ka elastic bead + effective gravity,8.48528137423857,2,True,True,434.8303662970261,1.0769661582947286e-11,1.200047536552546e-17,False,0.0011657160464892348,10.945773700004793,-0.01,-0.00998747227668712,12.527723312880102,0.0011657160464892348,0.0,-3.435949541196656e-06,-3.4359495411966563,0.017204152162852735,0.05,0.04956536371774396,-434.6362822560401,0.018137023217152215,48.125483187828735,93.9777442584538,4.8125483187828735e-05,0.00043483036629702606
X-10_Y+0_Z50,10,Xm10_Yp0_Z50__Q0010,compact corrected-Rayleigh FE,current finite-ka elastic bead + effective gravity,8.48528137423857,2,True,True,410.5950172943698,7.905012284336002e-12,8.808438821565028e-18,False,0.0012067130949540668,11.200140999993891,-0.01,-0.009986490787127574,13.509212872426374,0.0012067130949540668,0.0,7.461575237136291e-06,7.461575237136291,0.01770593165795767,0.05,0.049589695120319646,-410.3048796803566,0.01844936931039055,24.938194622050418,97.28284600049712,2.4938194622050417e-05,0.0004105950172943698
X-10_Y+0_Z50,16,Xm10_Yp0_Z50__Q0016,compact corrected-Rayleigh FE,current finite-ka elastic bead + effective gravity,8.48528137423857,2,True,True,397.8651995448967,1.0812932736429447e-11,1.2048691774871392e-17,False,0.0012275168919513796,10.69955829999526,-0.01,-0.00997370423685292,26.29576314707935,0.0012275168919513796,0.0,-2.8411267771521426e-06,-2.8411267771521427,0.018288182153985918,0.05,0.04960301488963936,-396.9851103606398,0.018653714765829568,12.11345387209496,98.96000736385517,1.211345387209496e-05,0.0003978651995448967
X-10_Y+0_Z50,32,Xm10_Yp0_Z50__Q0032,compact corrected-Rayleigh FE,current finite-ka elastic bead + effective gravity,8.48528137423857,2,True,True,387.6319479165369,1.466334228278115e-11,1.6339146451863433e-17,False,0.0012387201280651184,10.707825300007244,-0.01,-0.009984822450669157,15.177549330842865,0.0012387201280651184,0.0,1.973366236353304e-06,1.9733662363533042,0.0184326964454142,0.05,0.04961267032792778,-387.32967207222305,0.018818941725822387,4.96346932553305,99.86319031439865,4.96346932553305e-06,0.00038763194791653687
X-10_Y+0_Z50,128,Xm10_Yp0_Z50__Q0128,compact corrected-Rayleigh FE,current finite-ka elastic bead + effective gravity,8.48528137423857,2,True,True,387.8154490698607,1.3236310054679375e-11,1.4749025446922837e-17,False,0.0012406064731712212,10.506145899998955,-0.01,-0.00998052662964137,19.473370358629936,0.0012406064731712212,0.0,2.855289820877928e-08,0.02855289820877928,0.018487364289163886,0.05,0.04961267376855051,-387.32623144949184,0.018871605048988604,0.6168657646058407,100.01526376187189,6.168657646058407e-07,0.0003878154490698607
X-10_Y+0_Z50,2048,Xm10_Yp0_Z50__Q2048,compact corrected-Rayleigh FE,current finite-ka elastic bead + effective gravity,8.48528137423857,2,True,True,387.7366486969395,7.824753792864353e-12,8.71900796597484e-18,False,0.0012404010929914987,10.550900000002002,-0.01,-0.00998010551563473,19.894484365269584,0.0012404010929914987,0.0,4.5818575462229e-07,0.45818575462229,0.018488589955562382,0.05,0.049612774344470326,-387.2256555296771,0.01887752501648412,0.017200907390270047,99.99870641408225,1.7200907390270046e-08,0.00038773664869693944
X+0_Y+10_Z50,0,continuous_FE,compact corrected-Rayleigh FE,current finite-ka elastic bead + effective gravity,8.48528137423857,2,True,True,413.35533409834375,5.168689930721845e-12,5.759395103359637e-18,False,0.0012407969070222951,10.937955299988971,0.0,3.371411885981783e-07,0.3371411885981783,0.0012407969070222951,0.01,0.009978801701414429,-21.198298585571248,0.018495171122538318,0.05,0.04958718872265835,-412.8112773416556,0.01888568084518081,0.0,100.0,0.0,0.00041335533409834373
X+0_Y+10_Z50,4,Xp0_Yp10_Z50__Q0004,compact corrected-Rayleigh FE,current finite-ka elastic bead + effective gravity,8.48528137423857,2,True,True,594.186025025456,7.063989840446738e-12,7.871299892731098e-18,False,0.001032600785234678,11.003428800002439,0.0,1.9017696579072765e-05,19.017696579072766,0.001032600785234678,0.01,0.00995666403854531,-43.33596145469042,0.015126937809021626,0.05,0.04940770163431158,-592.298365688422,0.015599245045009506,181.80938960956692,83.22077363270891,0.00018180938960956692,0.000594186025025456
X+0_Y+10_Z50,8,Xp0_Yp10_Z50__Q0008,compact corrected-Rayleigh FE,current finite-ka elastic bead + effective gravity,8.48528137423857,2,True,True,465.4732403714584,5.660990694805222e-12,6.307958597793522e-18,False,0.0011656701611673643,11.190158299999894,0.0,-1.1688983783177896e-05,-11.688983783177896,0.0011656701611673643,0.01,0.009991455421357867,-8.544578642133427,0.017306750936307038,0.05,0.049534752006628886,-465.2479933711165,0.018023528054010314,55.26620575177973,93.94528263007825,5.5266205751779725e-05,0.0004654732403714584
X+0_Y+10_Z50,10,Xp0_Yp10_Z50__Q0010,compact corrected-Rayleigh FE,current finite-ka elastic bead + effective gravity,8.48528137423857,2,True,True,431.40712870192516,1.5606508189222466e-11,1.7390102337401575e-17,False,0.0012038372002280391,11.21989079999912,0.0,6.61282009345719e-06,6.61282009345719,0.0012038372002280391,0.01,0.009985686712653713,-14.313287346287563,0.017640810632723273,0.05,0.04956888109400005,-431.11890599994985,0.018546107855547087,20.541586904909533,97.02129280101502,2.054158690490953e-05,0.0004314071287019251
X+0_Y+10_Z50,16,Xp0_Yp10_Z50__Q0016,compact corrected-Rayleigh FE,current finite-ka elastic bead + effective gravity,8.48528137423857,2,True,True,417.83615712514813,1.1989396851533108e-11,1.3359608420022144e-17,False,0.0012288106436273516,11.072246099996846,0.0,-6.186003711975255e-06,-6.186003711975255,0.0012288106436273516,0.01,0.009975333183060167,-24.666816939833065,0.018311467315757394,0.05,0.0495829384509437,-417.0615490563037,0.018640503312742383,8.52331206844299,99.0339866800838,8.523312068442991e-06,0.0004178361571251481
X+0_Y+10_Z50,32,Xp0_Yp10_Z50__Q0032,compact corrected-Rayleigh FE,current finite-ka elastic bead + effective gravity,8.48528137423857,2,True,True,412.1628674979115,1.318672650481978e-11,1.4693775227216068e-17,False,0.001238732157850431,10.779326499992749,0.0,2.1823165695318864e-06,2.1823165695318862,0.001238732157850431,0.01,0.009978390087914762,-21.609912085237756,0.018413174834932003,0.05,0.049588409817247596,-411.5901827524068,0.018853614995046494,2.250593222997938,99.83359491306123,2.250593222997938e-06,0.0004121628674979115
X+0_Y+10_Z50,128,Xp0_Yp10_Z50__Q0128,compact corrected-Rayleigh FE,current finite-ka elastic bead + effective gravity,8.48528137423857,2,True,True,413.75794652715683,1.0754005098845377e-11,1.198302957576423e-17,False,0.0012404588633842938,11.230706899994402,0.0,-1.243230299157439e-06,-1.2432302991574389,0.0012404588633842938,0.01,0.009979205347942808,-20.79465205719229,0.018490199583905343,0.05,0.04958676680295672,-413.23319704328344,0.01888342102704835,1.6847910237786123,99.97275592515679,1.6847910237786123e-06,0.00041375794652715684
X+0_Y+10_Z50,2048,Xp0_Yp10_Z50__Q2048,compact corrected-Rayleigh FE,current finite-ka elastic bead + effective gravity,8.48528137423857,2,True,True,413.3291340156837,2.93395329954084e-12,3.269260971996721e-18,False,0.0012408448318938104,11.310498899998493,0.0,3.1349322401069483e-07,0.31349322401069485,0.0012408448318938104,0.01,0.00997879601565749,-21.203984342509433,0.0184942063965698,0.05,0.04958721523066354,-412.784769336462,0.018886577953644602,0.035975386035983804,100.00386242673913,3.59753860359838e-08,0.0004133291340156837
X+0_Y-10_Z50,0,continuous_FE,compact corrected-Rayleigh FE,current finite-ka elastic bead + effective gravity,8.48528137423857,2,True,True,415.7348408807049,4.016319356934411e-12,4.475325536625116e-18,False,0.001240832200725783,11.456991099999868,0.0,-3.237738194750175e-07,-0.3237738194750175,0.001240832200725783,-0.01,-0.009978679763133139,21.320236866861215,0.018495852665847887,0.05,0.049584812330876075,-415.1876691239273,0.01888636475717127,0.0,100.0,0.0,0.00041573484088070487
X+0_Y-10_Z50,4,Xp0_Ym10_Z50__Q0004,compact corrected-Rayleigh FE,current finite-ka elastic bead + effective gravity,8.48528137423857,2,True,True,594.1860250216795,1.6108911727374022e-11,1.7949923204260293e-17,False,0.0010326007851454418,11.588021800009301,0.0,-1.901769657990183e-05,-19.01769657990183,0.0010326007851454418,-0.01,-0.009956664038545388,43.33596145461235,0.01512693780903385,0.05,0.04940770163431539,-592.2983656846126,0.01559924504510115,179.45014269570157,83.2184065292194,0.00017945014269570155,0.0005941860250216794
X+0_Y-10_Z50,8,Xp0_Ym10_Z50__Q0008,compact corrected-Rayleigh FE,current finite-ka elastic bead + effective gravity,8.48528137423857,2,True,True,465.4732403783788,5.615363272857745e-12,6.257116633182477e-18,False,0.0011656701612531154,11.567542699995101,0.0,1.1688983783157892e-05,11.688983783157893,0.0011656701612531154,-0.01,-0.009991455421357907,8.544578642093528,0.017306750936358035,0.05,0.04953475200662196,-465.2479933780415,0.01802352805409341,53.04300003509177,93.9426104973175,5.304300003509177e-05,0.0004654732403783788
X+0_Y-10_Z50,10,Xp0_Ym10_Z50__Q0010,compact corrected-Rayleigh FE,current finite-ka elastic bead + effective gravity,8.48528137423857,2,True,True,444.8720915457815,1.0538288286257177e-11,1.1742659506987572e-17,False,0.001205366339378314,10.902441199999885,0.0,-1.451600518415642e-05,-14.51600518415642,0.001205366339378314,-0.01,-0.009966948733736092,33.05126626390771,0.017687445830055062,0.05,0.049556594906177025,-443.4050938229781,0.01850417334942908,33.69361272510882,97.14176813539135,3.369361272510882e-05,0.00044487209154578145
X+0_Y-10_Z50,16,Xp0_Ym10_Z50__Q0016,compact corrected-Rayleigh FE,current finite-ka elastic bead + effective gravity,8.48528137423857,2,True,True,417.83615712909636,8.941058333287154e-12,9.962889682646382e-18,False,0.0012288106437243647,11.282081400000607,0.0,6.186003712023979e-06,6.186003712023979,0.0012288106437243647,-0.01,-0.009975333183060172,24.66681693982786,0.01831146731577021,0.05,0.049582938450939744,-417.06154906025887,0.018640503312689155,7.555675198827218,99.03116980729652,7.555675198827217e-06,0.00041783615712909634
X+0_Y-10_Z50,32,Xp0_Ym10_Z50__Q0032,compact corrected-Rayleigh FE,current finite-ka elastic bead + effective gravity,8.48528137423857,2,True,True,422.8343691592184,4.547298841260601e-12,5.066988159649902e-18,False,0.0012387429480536813,11.188429200003156,0.0,-1.7510392387558624e-06,-1.7510392387558624,0.0012387429480536813,-0.01,-0.009981390046358478,18.60995364152268,0.018453452971859217,0.05,0.04957757899291191,-422.42100708809323,0.018819520897599813,7.855182992296892,99.83162488281012,7.855182992296892e-06,0.00042283436915921836
X+0_Y-10_Z50,128,Xp0_Ym10_Z50__Q0128,compact corrected-Rayleigh FE,current finite-ka elastic bead + effective gravity,8.48528137423857,2,True,True,415.010453676758,8.559031534494374e-12,9.537202844432039e-18,False,0.0012403102342852905,11.805354199997964,0.0,9.154585661575792e-07,0.9154585661575791,0.0012403102342852905,-0.01,-0.00998006327288981,19.93672711018968,0.018481589676410688,0.05,0.04958546970495664,-414.53029504336104,0.018892642505772193,1.9702631383158775,99.95793416384687,1.9702631383158776e-06,0.000415010453676758
X+0_Y-10_Z50,2048,Xp0_Ym10_Z50__Q2048,compact corrected-Rayleigh FE,current finite-ka elastic bead + effective gravity,8.48528137423857,2,True,True,415.8221919903897,1.2178774195284287e-11,1.357062880640765e-17,False,0.0012408276411189976,15.425969200005056,0.0,-2.2098113932249756e-07,-0.22098113932249758,0.0012408276411189976,-0.01,-0.009978613461083396,21.386538916604025,0.018496398360261707,0.05,0.04958472820650543,-415.27179349457043,0.018885870426401802,0.1484560764305116,99.99963253639108,1.484560764305116e-07,0.00041582219199038967
X+0_Y+0_Z55,0,continuous_FE,compact corrected-Rayleigh FE,current finite-ka elastic bead + effective gravity,8.48528137423857,2,True,True,550.6935152363516,1.4907026605659808e-11,1.6610680305656987e-17,False,0.0011163230759100764,15.399938199989265,0.0,-1.5561962203711468e-12,-1.5561962203711468e-06,0.0011163230759100764,0.0,-1.1389785843873386e-13,-1.1389785843873386e-07,0.017514210185032738,0.055,0.05444930648476365,-550.6935152363516,0.017514210335371715,0.0,100.0,0.0,0.0005506935152363515
X+0_Y+0_Z55,4,Xp0_Yp0_Z55__Q0004,compact corrected-Rayleigh FE,current finite-ka elastic bead + effective gravity,8.48528137423857,2,True,True,779.8935725160383,6.762428661748617e-12,7.535274710482497e-18,False,0.0009089509024637857,13.208035100004054,0.0,2.991355872540917e-16,2.991355872540917e-10,0.0009089509024637857,0.0,-6.060491166463993e-16,-6.060491166463993e-10,0.014201552739052482,0.055,0.05422010642748396,-779.8935725160383,0.014201552739246897,229.20005727968677,81.42364178244442,0.00022920005727968676,0.0007798935725160382
X+0_Y+0_Z55,8,Xp0_Yp0_Z55__Q0008,compact corrected-Rayleigh FE,current finite-ka elastic bead + effective gravity,8.48528137423857,2,True,True,617.2599013232541,8.281832967329604e-12,9.228324561581722e-18,False,0.0010456651203211852,11.995810099993832,0.0,-2.5007131015523826e-16,-2.5007131015523827e-10,0.0010456651203211852,0.0,-4.3301047396774087e-16,-4.330104739677409e-10,0.016538022196510405,0.055,0.054382740098676746,-617.2599013232541,0.016538022196680345,66.56638608690258,93.67047433546173,6.656638608690257e-05,0.0006172599013232541
X+0_Y+0_Z55,10,Xp0_Yp0_Z55__Q0010,compact corrected-Rayleigh FE,current finite-ka elastic bead + effective gravity,8.48528137423857,2,True,True,585.8125463052838,1.0379240297235249e-11,1.1565434674109242e-17,False,0.0010770010141016345,11.463601799987373,0.0,-4.361271143834658e-16,-4.361271143834658e-10,0.0010770010141016345,0.0,3.997706476668178e-16,3.997706476668178e-10,0.016812545872139404,0.055,0.054414187453694716,-585.8125463052838,0.017097942769460032,35.11903106893231,96.47753749277423,3.5119031068932305e-05,0.0005858125463052838
X+0_Y+0_Z55,16,Xp0_Yp0_Z55__Q0016,compact corrected-Rayleigh FE,current finite-ka elastic bead + effective gravity,8.48528137423857,2,True,True,570.9347040156049,9.097195009226089e-12,1.0136870482212737e-17,False,0.0010972666220657387,11.450666099990485,0.0,-4.804136165999927e-16,-4.804136165999927e-10,0.0010972666220657387,0.0,3.1450207496599655e-16,3.1450207496599656e-10,0.01724303508800163,0.055,0.054429065295984395,-570.9347040156049,0.017318776661844826,20.24118877925341,98.29292663964668,2.0241188779253407e-05,0.0005709347040156049
X+0_Y+0_Z55,32,Xp0_Yp0_Z55__Q0032,compact corrected-Rayleigh FE,current finite-ka elastic bead + effective gravity,8.48528137423857,2,True,True,553.046734465254,7.75406090262714e-12,8.640235919028371e-18,False,0.001114201808439911,11.692669600000954,0.0,7.556636029660985e-17,7.556636029660985e-11,0.001114201808439911,0.0,-6.441626553679056e-17,-6.441626553679057e-11,0.01745767482797787,0.055,0.054446953265534746,-553.046734465254,0.017457674828007346,2.353219228902987,99.80997728023887,2.3532192289029867e-06,0.000553046734465254
X+0_Y+0_Z55,128,Xp0_Yp0_Z55__Q0128,compact corrected-Rayleigh FE,current finite-ka elastic bead + effective gravity,8.48528137423857,2,True,True,550.2746712388735,1.172775022209691e-11,1.3068059432448238e-17,False,0.0011158845105655698,11.529020899994066,0.0,1.5695714486953506e-16,1.5695714486953508e-10,0.0011158845105655698,0.0,4.261432578571715e-16,4.261432578571715e-10,0.01750515824956479,0.055,0.05444972532876113,-550.2746712388735,0.017516409352583535,0.41884399748100937,99.96071340331748,4.1884399748100937e-07,0.0005502746712388734
X+0_Y+0_Z55,2048,Xp0_Yp0_Z55__Q2048,compact corrected-Rayleigh FE,current finite-ka elastic bead + effective gravity,8.48528137423857,2,True,True,550.6999562157819,1.545584838016122e-11,1.7222224329974022e-17,False,0.0011163119381481796,11.09409169999708,0.0,7.506220918208861e-16,7.506220918208861e-10,0.0011163119381481796,0.0,3.596415923975941e-16,3.596415923975941e-10,0.017513877210349214,0.055,0.05444930004378422,-550.6999562157819,0.01751450876544292,0.006440979619556622,99.99900228149565,6.4409796195566215e-09,0.0005506999562157819
X+10_Y+0_Z55,0,continuous_FE,compact corrected-Rayleigh FE,current finite-ka elastic bead + effective gravity,8.48528137423857,2,True,True,535.775707569787,1.296194926327595e-11,1.44433092558295e-17,False,0.001092036915049664,11.000401400000555,0.01,0.009971338677665602,-28.661322334398026,0.001092036915049664,0.0,-7.217777111668057e-07,-0.7217777111668058,0.01698638989394913,0.055,0.05446499194729342,-535.0080527065787,0.0173572824224589,0.0,100.0,0.0,0.0005357757075697869
X+10_Y+0_Z55,4,Xp10_Yp0_Z55__Q0004,compact corrected-Rayleigh FE,current finite-ka elastic bead + effective gravity,8.48528137423857,2,True,True,756.8876676012883,7.484053663467107e-12,8.339370827112756e-18,False,0.000904635922582719,11.736483999993652,0.01,0.009967193097469048,-32.806902530952556,0.000904635922582719,0.0,1.4776579928007961e-05,14.776579928007962,0.013687224078956213,0.055,0.054243968055437554,-756.0319445624464,0.014524269014842878,221.60538282224132,82.83931707030047,0.00022160538282224132,0.0007568876676012883
X+10_Y+0_Z55,8,Xp10_Yp0_Z55__Q0008,compact corrected-Rayleigh FE,current finite-ka elastic bead + effective gravity,8.48528137423857,2,True,True,619.6258859482083,1.712637170171182e-11,1.9083663875998975e-17,False,0.0010383930339810349,11.931779799997457,0.01,0.009984998229907662,-15.001770092337718,0.0010383930339810349,0.0,2.7543541562891313e-06,2.754354156289131,0.0161550401192814,0.055,0.05438056186833197,-619.4381316680306,0.01649391421057148,85.5985110480931,95.0877227381833,8.55985110480931e-05,0.0006196258859482083
X+10_Y+0_Z55,10,Xp10_Yp0_Z55__Q0010,compact corrected-Rayleigh FE,current finite-ka elastic bead + effective gravity,8.48528137423857,2,True,True,569.8088650379173,3.0034688306028918e-12,3.3467211049457895e-18,False,0.0010505260851391442,11.621838599996408,0.01,0.009975633040133573,-24.366959866427283,0.0010505260851391442,0.0,-3.601630861649392e-06,-3.6016308616493924,0.016351584119928698,0.055,0.05443072377337728,-569.2762266227211,0.01684028083757527,34.65606507844828,96.19877045011505,3.4656065078448274e-05,0.0005698088650379173
X+10_Y+0_Z55,16,Xp10_Yp0_Z55__Q0016,compact corrected-Rayleigh FE,current finite-ka elastic bead + effective gravity,8.48528137423857,2,True,True,543.5211922060231,5.4540080635261396e-12,6.0773208986768416e-18,False,0.0010808621715838985,11.59622859999945,0.01,0.009979069087315042,-20.930912684957725,0.0010808621715838985,0.0,9.28581362975714e-06,9.28581362975714,0.01676293588980864,0.055,0.054456961366994516,-543.038633005484,0.01714546394119677,14.980031299441984,98.97670643622361,1.4980031299441983e-05,0.0005435211922060231
X+10_Y+0_Z55,32,Xp10_Yp0_Z55__Q0032,compact corrected-Rayleigh FE,current finite-ka elastic bead + effective gravity,8.48528137423857,2,True,True,548.3551547510692,5.518668977688409e-12,6.149371603477569e-18,False,0.0010885148000182089,11.372944300004747,0.01,0.009968860470805531,-31.139529194468967,0.0010885148000182089,0.0,-4.952841949297078e-06,-4.952841949297078,0.016918466258353037,0.055,0.05445255212593322,-547.4478740667837,0.017322369737608596,13.371333863990586,99.67747289648217,1.3371333863990585e-05,0.0005483551547510692
X+10_Y+0_Z55,128,Xp10_Yp0_Z55__Q0128,compact corrected-Rayleigh FE,current finite-ka elastic bead + effective gravity,8.48528137423857,2,True,True,535.4339914753975,1.5727819574756504e-11,1.7525277828520453e-17,False,0.0010918378413576231,11.476513199988403,0.01,0.009971173766877417,-28.826233122582895,0.0010918378413576231,0.0,-1.469676905142388e-06,-1.469676905142388,0.016995792292124185,0.055,0.05446534455248166,-534.6554475183368,0.017342159225853176,0.8431365198970844,99.98177042467178,8.431365198970844e-07,0.0005354339914753975
X+10_Y+0_Z55,2048,Xp10_Yp0_Z55__Q2048,compact corrected-Rayleigh FE,current finite-ka elastic bead + effective gravity,8.48528137423857,2,True,True,535.7196488490988,1.766671422621584e-11,1.9685759596863936e-17,False,0.0010920539550844496,11.44217340000614,0.01,0.00997136766229304,-28.632337706960275,0.0010920539550844496,0.0,-6.996228135829671e-07,-0.6996228135829672,0.01698581477100732,0.055,0.054465046504891916,-534.9534951080842,0.017357812013802917,0.06563139239831194,100.00156038999695,6.563139239831193e-08,0.0005357196488490987
X-10_Y+0_Z55,0,continuous_FE,compact corrected-Rayleigh FE,current finite-ka elastic bead + effective gravity,8.48528137423857,2,True,True,588.1016592022248,1.005206961137774e-11,1.1200873195021368e-17,False,0.0010929155667943613,14.184275399995386,-0.01,-0.009968608244997729,31.391755002271175,0.0010929155667943613,0.0,4.527400279350009e-07,0.4527400279350009,0.017003305986599673,0.055,0.05441273692922102,-587.2630707789775,0.01737435295300272,0.0,100.0,0.0,0.0005881016592022248
X-10_Y+0_Z55,4,Xm10_Yp0_Z55__Q0004,compact corrected-Rayleigh FE,current finite-ka elastic bead + effective gravity,8.48528137423857,2,True,True,801.5829355203183,5.983207921290602e-12,6.6670005100211425e-18,False,0.0009060711424182125,14.438543199998094,-0.01,-0.00997600504532757,23.99495467243079,0.0009060711424182125,0.0,-3.6231853661225856e-07,-0.36231853661225855,0.01373862140774927,0.055,0.054198776364931166,-801.2236350688345,0.01448541013844816,214.0899344827244,82.90403851377252,0.0002140899344827244,0.0008015829355203182
X-10_Y+0_Z55,8,Xm10_Yp0_Z55__Q0008,compact corrected-Rayleigh FE,current finite-ka elastic bead + effective gravity,8.48528137423857,2,True,True,640.1602256717368,5.15374671188716e-12,5.74274409458595e-18,False,0.0010192995967958569,11.04960199999914,-0.01,-0.009937056634046424,62.9433659535758,0.0010192995967958569,0.0,-4.979666822878184e-06,-4.979666822878184,0.016072833517232647,0.055,0.05436296118632154,-637.0388136784575,0.016393384026630094,59.18310383048845,93.26425826155739,5.918310383048844e-05,0.0006401602256717368
X-10_Y+0_Z55,10,Xm10_Yp0_Z55__Q0010,compact corrected-Rayleigh FE,current finite-ka elastic bead + effective gravity,8.48528137423857,2,True,True,625.1117029901192,9.515976352076881e-12,1.060351236782037e-17,False,0.0010615166359471107,11.223933100001886,-0.01,-0.009970920262176539,29.079737823461613,0.0010615166359471107,0.0,4.969129166044527e-06,4.969129166044527,0.01621836778584838,0.055,0.05437558481935602,-624.4151806439821,0.017050161388065414,37.496966033311516,97.12704880402178,3.749696603331151e-05,0.0006251117029901192
X-10_Y+0_Z55,16,Xm10_Yp0_Z55__Q0016,compact corrected-Rayleigh FE,current finite-ka elastic bead + effective gravity,8.48528137423857,2,True,True,603.1936044693057,2.8174712886724954e-12,3.1394667819763233e-18,False,0.0010802562917636438,11.530353499998455,-0.01,-0.009962014147788956,37.98585221104385,0.0010802562917636438,0.0,3.4025719142087333e-06,3.402571914208733,0.016754096314036807,0.055,0.05439801327090305,-601.9867290969482,0.017198593007398448,16.40029696134711,98.84169688717597,1.640029696134711e-05,0.0006031936044693057
X-10_Y+0_Z55,32,Xm10_Yp0_Z55__Q0032,compact corrected-Rayleigh FE,current finite-ka elastic bead + effective gravity,8.48528137423857,2,True,True,590.2059451220397,7.058751539691599e-12,7.865462931310807e-18,False,0.0010910407946522647,11.350870700000087,-0.01,-0.009972369224644966,27.63077535503436,0.0010910407946522647,0.0,-2.895015495821019e-07,-0.2895015495821019,0.016913110841727627,0.055,0.05441044125475104,-589.5587452489636,0.01735689092768334,4.4683343360217584,99.82846139271349,4.468334336021758e-06,0.0005902059451220397
X-10_Y+0_Z55,128,Xm10_Yp0_Z55__Q0128,compact corrected-Rayleigh FE,current finite-ka elastic bead + effective gravity,8.48528137423857,2,True,True,587.9814141060662,1.673007189813647e-11,1.8642072838663234e-17,False,0.0010931036624115269,11.482680200002505,-0.01,-0.009969076671903514,30.923328096486152,0.0010931036624115269,0.0,1.0220474584655015e-06,1.0220474584655015,0.017004452895913753,0.055,0.05441283320382314,-587.1667961768607,0.017367157102188252,0.7435075759757483,100.01721044359513,7.435075759757483e-07,0.0005879814141060662
X-10_Y+0_Z55,2048,Xm10_Yp0_Z55__Q2048,compact corrected-Rayleigh FE,current finite-ka elastic bead + effective gravity,8.48528137423857,2,True,True,588.1370854045896,1.1844897458411808e-11,1.3198594873391183e-17,False,0.001092950572283463,11.456104500000947,-0.01,-0.009968637159622075,31.36284037792529,0.001092950572283463,0.0,4.359912651280287e-07,0.4359912651280287,0.017002998185916385,0.055,0.05441269989495723,-587.300105042772,0.01737472562439889,0.049880990882609284,100.00320294542098,4.988099088260928e-08,0.0005881370854045895
X+0_Y+10_Z55,0,continuous_FE,compact corrected-Rayleigh FE,current finite-ka elastic bead + effective gravity,8.48528137423857,2,True,True,560.4281093251745,1.1298290004548095e-11,1.2589518233964511e-17,False,0.0010924510773144222,11.567949000003864,0.0,6.098537112506482e-07,0.6098537112506481,0.0010924510773144222,0.01,0.009970066394243434,-29.933605756565782,0.016994368895510065,0.055,0.05444037220132784,-559.6277986721632,0.017365335100678288,0.0,100.0,0.0,0.0005604281093251745
X+0_Y+10_Z55,4,Xp0_Yp10_Z55__Q0004,compact corrected-Rayleigh FE,current finite-ka elastic bead + effective gravity,8.48528137423857,2,True,True,756.8876675970521,9.881108427735775e-12,1.1010373664747826e-17,False,0.0009046359225743816,11.640072299996973,0.0,-1.4776579928107276e-05,-14.776579928107276,0.0009046359225743816,0.01,0.009967193097468642,-32.80690253135848,0.01368722407905587,0.055,0.054243968055441814,-756.0319445581858,0.014524269014786298,197.02686795387197,82.80791161817997,0.00019702686795387196,0.000756887667597052
X+0_Y+10_Z55,8,Xp0_Yp10_Z55__Q0008,compact corrected-Rayleigh FE,current finite-ka elastic bead + effective gravity,8.48528137423857,2,True,True,619.6258859462831,8.209119540716144e-12,9.147301060694801e-18,False,0.0010383930339724612,11.42680119999568,0.0,-2.7543541555310398e-06,-2.75435415553104,0.0010383930339724612,0.01,0.00998499822990739,-15.00177009261007,0.01615504011940736,0.055,0.0543805618683339,-619.4381316661015,0.016493914210540268,61.737780521428625,95.05167375779864,6.173778052142863e-05,0.0006196258859462831
X+0_Y+10_Z55,10,Xp0_Yp10_Z55__Q0010,compact corrected-Rayleigh FE,current finite-ka elastic bead + effective gravity,8.48528137423857,2,True,True,591.397013052865,1.285340852422942e-11,1.4322363908099516e-17,False,0.0010556684240820393,11.45431980000285,0.0,-2.8990068395237684e-06,-2.8990068395237683,0.0010556684240820393,0.01,0.009968816252348675,-31.18374765132513,0.016274476717465913,0.055,0.05440943281780172,-590.5671821982775,0.016998987898530507,31.162804913836094,96.63301597698948,3.1162804913836095e-05,0.0005913970130528649
X+0_Y+10_Z55,16,Xp0_Yp10_Z55__Q0016,compact corrected-Rayleigh FE,current finite-ka elastic bead + effective gravity,8.48528137423857,2,True,True,562.0367711284238,8.098795365094048e-12,9.024368455842e-18,False,0.0010797279801115667,11.256634399993345,0.0,-4.521401661804863e-06,-4.521401661804863,0.0010797279801115667,0.01,0.009975558714730423,-24.441285269577104,0.01676727540515102,0.055,0.05443851312339303,-561.4868766069675,0.017153309647152275,7.742837774549003,98.83536229062699,7.742837774549003e-06,0.0005620367711284237
X+0_Y+10_Z55,32,Xp0_Yp10_Z55__Q0032,compact corrected-Rayleigh FE,current finite-ka elastic bead + effective gravity,8.48528137423857,2,True,True,563.9813724875434,9.260289084285308e-12,1.031860380920143e-17,False,0.0010873694392769795,11.038739499999792,0.0,4.8409106599228444e-06,4.840910659922844,0.0010873694392769795,0.01,0.00996436618124635,-35.63381875365014,0.016977556272054852,0.055,0.05443716629004834,-562.8337099516586,0.017273758247940793,7.789232198813505,99.5348406768077,7.789232198813506e-06,0.0005639813724875434
X+0_Y+10_Z55,128,Xp0_Yp10_Z55__Q0128,compact corrected-Rayleigh FE,current finite-ka elastic bead + effective gravity,8.48528137423857,2,True,True,560.1768717677191,6.0304755396816665e-12,6.7196701213845294e-18,False,0.0010919750306546826,11.368242900003679,0.0,1.2185972390585123e-06,1.2185972390585122,0.0010919750306546826,0.01,0.009970177606177178,-29.822393822822104,0.01699870421126077,0.055,0.054440618853096645,-559.3811469033552,0.017354879752822384,0.6661635474198975,99.95642398367991,6.661635474198974e-07,0.0005601768717677191
X+0_Y+10_Z55,2048,Xp0_Yp10_Z55__Q2048,compact corrected-Rayleigh FE,current finite-ka elastic bead + effective gravity,8.48528137423857,2,True,True,560.4360700708272,1.7834090615519424e-11,1.98722646435767e-17,False,0.0010924456153413313,12.056449900002917,0.0,6.318193184358e-07,0.6318193184358,0.0010924456153413313,0.01,0.00997004166356333,-29.95833643667026,0.016994262246302756,0.055,0.05444036557689977,-559.6344231002317,0.017365441400382386,0.03373392186921236,99.99950002584059,3.373392186921236e-08,0.0005604360700708272
X+0_Y-10_Z55,0,continuous_FE,compact corrected-Rayleigh FE,current finite-ka elastic bead + effective gravity,8.48528137423857,2,True,True,596.6897535907625,1.0578472498113145e-11,1.1787436182721206e-17,False,0.0010930596515416622,15.362071100011235,0.0,-3.9404304912789276e-07,-0.3940430491278928,0.0010930596515416622,-0.01,-0.009968146274297237,31.853725702763597,0.017006075101136373,0.055,0.05440416122404703,-595.8387759529699,0.01737714739545207,0.0,100.0,0.0,0.0005966897535907625
X+0_Y-10_Z55,4,Xp0_Ym10_Z55__Q0004,compact corrected-Rayleigh FE,current finite-ka elastic bead + effective gravity,8.48528137423857,2,True,True,801.5829355182269,1.2475252751814524e-11,1.3900990497594048e-17,False,0.0009060711423378534,15.072012099990388,0.0,3.623185363678368e-07,0.3623185363678368,0.0009060711423378534,-0.01,-0.009976005045327925,23.99495467207517,0.013738621407760911,0.055,0.05419877636493325,-801.2236350667529,0.014485410138496229,205.53654837558523,82.89311027627099,0.0002055365483755852,0.0008015829355182269
X+0_Y-10_Z55,8,Xp0_Ym10_Z55__Q0008,compact corrected-Rayleigh FE,current finite-ka elastic bead + effective gravity,8.48528137423857,2,True,True,669.8348156126526,5.8677183601835104e-12,6.53831219216021e-18,False,0.001039118564116305,11.538526400006958,0.0,5.4613065710846685e-06,5.461306571084669,0.001039118564116305,-0.01,-0.009976397909977671,23.602090022329172,0.016087192525176312,0.055,0.05433060340926776,-669.3965907322436,0.01657542227870015,74.2504324948985,95.06512866436172,7.42504324948985e-05,0.0006698348156126526
X+0_Y-10_Z55,10,Xp0_Ym10_Z55__Q0010,compact corrected-Rayleigh FE,current finite-ka elastic bead + effective gravity,8.48528137423857,2,True,True,625.1117029871217,1.016269595452263e-11,1.132414250069672e-17,False,0.001061516636028098,11.447631600007298,0.0,-4.9691291653022944e-06,-4.969129165302294,0.001061516636028098,-0.01,-0.009970920262176927,29.079737823073035,0.016218367785855493,0.055,0.054375584819358995,-624.4151806410053,0.017050161388039838,29.07296556289807,97.1142457349811,2.9072965562898068e-05,0.0006251117029871217
X+0_Y-10_Z55,16,Xp0_Ym10_Z55__Q0016,compact corrected-Rayleigh FE,current finite-ka elastic bead + effective gravity,8.48528137423857,2,True,True,608.165847942244,1.4091554686439363e-11,1.570201195034135e-17,False,0.0010811250415524204,11.010150600006455,0.0,7.60881686145445e-06,7.60881686145445,0.0010811250415524204,-0.01,-0.009958498648207801,41.50135179219888,0.01676776967242955,0.055,0.054393299544825705,-606.7004551742958,0.017190107694342767,16.586094519715648,98.90814650669714,1.6586094519715646e-05,0.000608165847942244
X+0_Y-10_Z55,32,Xp0_Ym10_Z55__Q0032,compact corrected-Rayleigh FE,current finite-ka elastic bead + effective gravity,8.48528137423857,2,True,True,601.9343109677636,1.0858563460835985e-11,1.2099537419363954e-17,False,0.0010915365607839826,11.71915779999108,0.0,6.562554253153809e-07,0.656255425315381,0.0010915365607839826,-0.01,-0.009970243122847005,29.75687715299491,0.01691356358496939,0.055,0.054398802019039356,-601.1979809606438,0.01736409607166472,5.849870002005383,99.86065803860463,5.849870002005383e-06,0.0006019343109677636
X+0_Y-10_Z55,128,Xp0_Ym10_Z55__Q0128,compact corrected-Rayleigh FE,current finite-ka elastic bead + effective gravity,8.48528137423857,2,True,True,597.6918415291976,7.867711814900084e-12,8.76687545755951e-18,False,0.0010927741326676285,11.187489000003552,0.0,-2.192578406563041e-06,-2.1925784065630407,0.0010927741326676285,-0.01,-0.009968037229359605,31.96277064039521,0.017004799287010226,0.055,0.05440316743443116,-596.8325655688403,0.017372672629098668,2.05772642277329,99.97387893024585,2.05772642277329e-06,0.0005976918415291976
X+0_Y-10_Z55,2048,Xp0_Ym10_Z55__Q2048,compact corrected-Rayleigh FE,current finite-ka elastic bead + effective gravity,8.48528137423857,2,True,True,596.7100223398172,9.332993539815372e-12,1.0399617313742182e-17,False,0.0010930776224302111,9.032815300000948,0.0,-3.877290949067192e-07,-0.3877290949067192,0.0010930776224302111,-0.01,-0.00996810179905621,31.898200943790076,0.017006250072409437,0.055,0.05440414330145287,-595.8566985471286,0.017376958257176098,0.048364578605119994,100.00164409037728,4.8364578605119995e-08,0.0005967100223398171
