case_id,method,levels,phase_step_deg,objective,actual_equilibrium_shift_mm,actual_root_converged,actual_root_stable,actual_stiffness_min_n_m,stiffness_retention_pct,candidate_evaluations,command_key,mechanics_setup_ms,reference_force_norm_n,transition_time_median_ms,transition_time_q25_ms,transition_time_q75_ms,timing_repeats,predicted_shift_mm,predicted_local_stable,predicted_local_stiffness_min,stable_offset_candidates
X+0_Y+0_Z45,fixed_nearest,4,90.0,-153.6194620414633,0.3473335558195901,True,True,1.593004924401387e-05,80.69171995873192,1,,2.546,2.0340697557416065e-21,0.7108,0.59475,0.73245,3,,,,
X+0_Y+0_Z45,best_offset,4,90.0,-163.55049943229025,0.2683650022364953,True,True,1.6499789358472282e-05,83.57766896371756,256,,2.546,2.0340697557416065e-21,26.9444,26.01575,27.12965,3,,,,
X+0_Y+0_Z45,mechanics_offset,4,90.0,-154.50298963139642,0.0017140741928136,True,True,1.6134907029512196e-05,81.72940206539639,256,Xp0_Yp0_Z45__Q0004,2.546,2.0340697557416065e-21,12.6338,12.458099999999998,12.978649999999998,3,0.0013992933037604,True,1.6198593465262793e-05,256.0
X+0_Y+0_Z45,fixed_nearest,8,45.0,-185.1601906005457,0.2912605174892891,True,True,1.8941006805337564e-05,95.94335795584962,1,,2.546,2.0340697557416065e-21,0.5585,0.49565,0.6338999999999999,3,,,,
X+0_Y+0_Z45,best_offset,8,45.0,-185.6774178903561,0.0512118257500057,True,True,1.860413438158751e-05,94.23697181336652,256,,2.546,2.0340697557416065e-21,27.953,26.67355,28.704,3,,,,
X+0_Y+0_Z45,mechanics_offset,8,45.0,-183.36442440398608,0.000597117720191,True,True,1.9231231088488568e-05,97.41345363619062,256,Xp0_Yp0_Z45__Q0008,2.546,2.0340697557416065e-21,12.2187,12.10445,12.79395,3,0.0005809794363664,True,1.9305657876851688e-05,256.0
X+0_Y+0_Z45,fixed_nearest,10,36.0,-186.33652148778648,0.0653853509246795,True,True,1.8961476151033255e-05,96.04704292789928,1,,2.546,2.0340697557416065e-21,0.645,0.5662,0.70015,3,,,,
X+0_Y+0_Z45,best_offset,10,36.0,-187.20477588704324,0.0736738302438424,True,True,1.9160186333817323e-05,97.05358510341613,256,,2.546,2.0340697557416065e-21,26.5481,26.36185,27.4154,3,,,,
X+0_Y+0_Z45,mechanics_offset,10,36.0,-186.7740596772158,0.0054043321261008,True,True,1.9205192860122505e-05,97.28156016873476,256,Xp0_Yp0_Z45__Q0010,2.546,2.0340697557416065e-21,13.2914,13.00745,13.3073,3,0.0052502886854778,True,1.9273386682009075e-05,256.0
X+0_Y+0_Z45,fixed_nearest,16,22.5,-190.854986165654,0.1306764657346416,True,True,1.9510204562018672e-05,98.82655971371672,1,,2.546,2.0340697557416065e-21,0.5305,0.4325,0.6307,3,,,,
X+0_Y+0_Z45,best_offset,16,22.5,-190.9371133548281,0.0596302963095168,True,True,1.9569300727071956e-05,99.12590412427504,256,,2.546,2.0340697557416065e-21,26.7667,25.78065,27.1835,3,,,,
X+0_Y+0_Z45,mechanics_offset,16,22.5,-190.8042436467096,0.0007163593853604,True,True,1.9742939704877305e-05,100.0054511712658,256,Xp0_Yp0_Z45__Q0016,2.546,2.0340697557416065e-21,12.9395,12.79665,12.954,3,0.0007155048583789,True,1.981740955383396e-05,256.0
X+0_Y+0_Z45,fixed_nearest,32,11.25,-192.317413707722,0.0546858188753138,True,True,1.9661447957275983e-05,99.59266467100662,1,,2.546,2.0340697557416065e-21,0.7632,0.6796,0.84275,3,,,,
X+0_Y+0_Z45,best_offset,32,11.25,-192.40521595407392,0.0278155605466032,True,True,1.9822328716600205e-05,100.40758651960142,256,,2.546,2.0340697557416065e-21,27.9791,27.0201,28.327,3,,,,
X+0_Y+0_Z45,mechanics_offset,32,11.25,-192.32066128965155,0.0001898102778829,True,True,1.96791274115512e-05,99.68221778861135,256,Xp0_Yp0_Z45__Q0032,2.546,2.0340697557416065e-21,12.6023,12.4435,13.21615,3,0.0001889691813487,True,1.9753276196633668e-05,256.0
X+0_Y+0_Z45,fixed_nearest,128,2.8125,-192.9292419985992,0.0122375454021188,True,True,1.9724038915011312e-05,99.90971152730718,1,,2.546,2.0340697557416065e-21,0.6111,0.5604,0.6472,3,,,,
X+0_Y+0_Z45,best_offset,128,2.8125,-192.9348438895348,0.0215566549783629,True,True,1.972823110877377e-05,99.93094657309464,256,,2.546,2.0340697557416065e-21,26.8279,26.5566,27.45835,3,,,,
X+0_Y+0_Z45,mechanics_offset,128,2.8125,-192.9311982395747,0.0003218141427575,True,True,1.9770779372426387e-05,100.14646960901226,256,Xp0_Yp0_Z45__Q0128,2.546,2.0340697557416065e-21,13.2866,12.9096,13.32995,3,0.0003218839739646,True,1.984564993132908e-05,256.0
X+0_Y+0_Z45,fixed_nearest,2048,0.17578125,-192.9689666820857,3.795744754748058e-05,True,True,1.9741698722151955e-05,99.99916512474996,1,,2.546,2.0340697557416065e-21,0.5203,0.42395,0.6132,3,,,,
X+0_Y+0_Z45,best_offset,2048,0.17578125,-192.96898169618115,0.0011368228436945,True,True,1.974130178437463e-05,99.99715448489076,256,,2.546,2.0340697557416065e-21,28.3704,27.66375,29.66675,3,,,,
X+0_Y+0_Z45,mechanics_offset,2048,0.17578125,-192.96897688764275,1.241246534019464e-05,True,True,1.974185513916428e-05,99.999957436033,256,Xp0_Yp0_Z45__Q2048,2.546,2.0340697557416065e-21,12.555,12.3983,13.1482,3,1.2396887163307686e-05,True,1.9816272574373528e-05,256.0
X+10_Y+0_Z45,fixed_nearest,4,90.0,-218.17501340733847,0.181238816072558,True,True,1.624082330535537e-05,83.91564966641847,1,,2.5822,2.1641685535336566e-17,0.6229,0.51515,0.7528999999999999,3,,,,
X+10_Y+0_Z45,best_offset,4,90.0,-225.5705163867455,0.0421785800874034,True,True,1.6067036323838862e-05,83.0176996559215,256,,2.5822,2.1641685535336566e-17,28.588,28.30345,28.6052,3,,,,
X+10_Y+0_Z45,mechanics_offset,4,90.0,-213.9367647536092,0.0155207459932215,True,True,1.5655525387023087e-05,80.89143998555458,256,Xp10_Yp0_Z45__Q0004,2.5822,2.1641685535336566e-17,12.3422,12.1191,12.5387,3,0.0119534520050103,True,1.5746744952055668e-05,256.0
X+10_Y+0_Z45,fixed_nearest,8,45.0,-255.71935623795835,0.1367977738682423,True,True,1.791108050587067e-05,92.54579824053891,1,,2.5822,2.1641685535336566e-17,0.5873999999999999,0.51235,0.6606,3,,,,
X+10_Y+0_Z45,best_offset,8,45.0,-256.5562970829239,0.0473323385931745,True,True,1.8176550860272985e-05,93.91747237540244,256,,2.5822,2.1641685535336566e-17,28.5556,28.1503,28.632,3,,,,
X+10_Y+0_Z45,mechanics_offset,8,45.0,-253.36915282822983,0.0128094643356311,True,True,1.87004270771084e-05,96.6243187128066,256,Xp10_Yp0_Z45__Q0008,2.5822,2.1641685535336566e-17,12.5477,12.31035,12.6541,3,0.0122281875828045,True,1.879983803631709e-05,256.0
X+10_Y+0_Z45,fixed_nearest,10,36.0,-258.3989149840235,0.1218185194762928,True,True,1.8909966150918405e-05,97.70699827767008,1,,2.5822,2.1641685535336566e-17,0.5599999999999999,0.46645,0.6323,3,,,,
X+10_Y+0_Z45,best_offset,10,36.0,-258.9199623605307,0.0947120845644473,True,True,1.8727029293606148e-05,96.76177124449195,256,,2.5822,2.1641685535336566e-17,26.9258,26.56685,27.2421,3,,,,
X+10_Y+0_Z45,mechanics_offset,10,36.0,-258.776174492355,0.0102228145232475,True,True,1.883580829203357e-05,97.3238277456602,256,Xp10_Yp0_Z45__Q0010,2.5822,2.1641685535336566e-17,12.9445,12.7881,13.1083,3,0.0098967057029645,True,1.894800787182497e-05,256.0
X+10_Y+0_Z45,fixed_nearest,16,22.5,-262.9753409736742,0.0485878057841247,True,True,1.9067637252786305e-05,98.52167821711018,1,,2.5822,2.1641685535336566e-17,0.7475999999999999,0.7271,0.7508999999999999,3,,,,
X+10_Y+0_Z45,best_offset,16,22.5,-264.0704788535039,0.0548951649442183,True,True,1.914430629873808e-05,98.9178239468791,256,,2.5822,2.1641685535336566e-17,26.4274,26.19275,27.14695,3,,,,
X+10_Y+0_Z45,mechanics_offset,16,22.5,-263.9990122679007,0.0057403006713602,True,True,1.907963336993718e-05,98.58366164893894,256,Xp10_Yp0_Z45__Q0016,2.5822,2.1641685535336566e-17,12.9447,12.748449999999998,13.0276,3,0.0056535926040033,True,1.9189763663268525e-05,256.0
X+10_Y+0_Z45,fixed_nearest,32,11.25,-266.2465176008887,0.0276714713987524,True,True,1.9267360492242604e-05,99.55363977948558,1,,2.5822,2.1641685535336566e-17,0.5437,0.4721999999999999,0.62815,3,,,,
X+10_Y+0_Z45,best_offset,32,11.25,-266.3164728139006,0.0723999636609088,True,True,1.9338348446973156e-05,99.920431550303,256,,2.5822,2.1641685535336566e-17,27.2001,27.107,27.413,3,,,,
X+10_Y+0_Z45,mechanics_offset,32,11.25,-266.2509379582688,0.006646490306453,True,True,1.9278371864754305e-05,99.61053507725865,256,Xp10_Yp0_Z45__Q0032,2.5822,2.1641685535336566e-17,11.8998,11.8881,11.99755,3,0.0065572464525626,True,1.9386299562675217e-05,256.0
X+10_Y+0_Z45,fixed_nearest,128,2.8125,-267.08782946507034,0.0051705582893109,True,True,1.935656051411009e-05,100.01453253378338,1,,2.5822,2.1641685535336566e-17,0.5536,0.4630499999999999,0.6490499999999999,3,,,,
X+10_Y+0_Z45,best_offset,128,2.8125,-267.0924991168317,0.0028005220044267,True,True,1.935095734477797e-05,99.98558119394944,256,,2.5822,2.1641685535336566e-17,27.8913,27.37305,27.90255,3,,,,
X+10_Y+0_Z45,mechanics_offset,128,2.8125,-267.09237381260624,0.0008553723505481,True,True,1.93433865775978e-05,99.9464633589449,256,Xp10_Yp0_Z45__Q0128,2.5822,2.1641685535336566e-17,12.6473,12.33725,13.19805,3,0.0008463370167753,True,1.9451670676420925e-05,256.0
X+10_Y+0_Z45,fixed_nearest,2048,0.17578125,-267.1420930762843,0.0003011890421535,True,True,1.9354059164036725e-05,100.00160816335564,1,,2.5822,2.1641685535336566e-17,0.5471,0.46555,0.63425,3,,,,
X+10_Y+0_Z45,best_offset,2048,0.17578125,-267.14210730946644,0.0002042939890627,True,True,1.9353773904613692e-05,100.00013423993704,256,,2.5822,2.1641685535336566e-17,28.8966,28.85355,28.91555,3,,,,
X+10_Y+0_Z45,mechanics_offset,2048,0.17578125,-267.14208606507395,6.0268619398565146e-05,True,True,1.935413472621193e-05,100.00199858993088,256,Xp10_Yp0_Z45__Q2048,2.5822,2.1641685535336566e-17,12.0462,11.968049999999998,12.41045,3,5.914061222924692e-05,True,1.946224392530757e-05,256.0
X-10_Y+0_Z45,fixed_nearest,4,90.0,-273.8499617070098,0.2823223221292245,True,True,1.597086881992056e-05,82.51261393650273,1,,2.6285,2.2193240170521808e-17,0.5542,0.4678,0.6811,3,,,,
X-10_Y+0_Z45,best_offset,4,90.0,-289.08292367929266,0.0398617469425266,True,True,1.6067036323831516e-05,83.00945804767247,256,,2.6285,2.2193240170521808e-17,27.743,27.6607,28.02995,3,,,,
X-10_Y+0_Z45,mechanics_offset,4,90.0,-274.14051489407944,0.0218459250848222,True,True,1.5655525387021352e-05,80.88340946243123,256,Xm10_Yp0_Z45__Q0004,2.6285,2.2193240170521808e-17,12.3179,12.30995,12.51185,3,0.0169850613427522,True,1.575586882594182e-05,256.0
X-10_Y+0_Z45,fixed_nearest,8,45.0,-328.75292473934365,0.0599333292842467,True,True,1.8176550860272497e-05,93.90814868882826,1,,2.6285,2.2193240170521808e-17,0.5490999999999999,0.4463999999999999,0.63135,3,,,,
X-10_Y+0_Z45,best_offset,8,45.0,-328.75292473934365,0.0599333292842467,True,True,1.8176550860272497e-05,93.90814868882826,256,,2.6285,2.2193240170521808e-17,27.6558,27.26325,27.89975,3,,,,
X-10_Y+0_Z45,mechanics_offset,8,45.0,-324.6645881351284,0.0125559370025437,True,True,1.870042707710325e-05,96.61472630318792,256,Xm10_Yp0_Z45__Q0008,2.6285,2.2193240170521808e-17,13.8914,13.2551,14.04985,3,0.0116736281505074,True,1.8811097836264023e-05,256.0
X-10_Y+0_Z45,fixed_nearest,10,36.0,-330.94252500832897,0.0551653433850107,True,True,1.871643112537738e-05,96.69741033694676,1,,2.6285,2.2193240170521808e-17,0.5708,0.4715499999999999,0.6560999999999999,3,,,,
X-10_Y+0_Z45,best_offset,10,36.0,-331.78241363133515,0.0816572499857534,True,True,1.872702929360333e-05,96.75216518924204,256,,2.6285,2.2193240170521808e-17,27.6437,27.39655,28.06485,3,,,,
X-10_Y+0_Z45,mechanics_offset,10,36.0,-331.4514408780737,0.0178254350003201,True,True,1.8717457475532927e-05,96.70271291848464,256,Xm10_Yp0_Z45__Q0010,2.6285,2.2193240170521808e-17,11.9022,11.8631,12.42345,3,0.0174797337597443,True,1.8827962077172145e-05,256.0
X-10_Y+0_Z45,fixed_nearest,16,22.5,-337.8480603349247,0.0167319399331476,True,True,1.9054812447097267e-05,98.44563879447256,1,,2.6285,2.2193240170521808e-17,0.645,0.6426499999999999,0.7193499999999999,3,,,,
X-10_Y+0_Z45,best_offset,16,22.5,-338.41222329941803,0.0566724263462275,True,True,1.914624776422777e-05,98.91803432333327,256,,2.6285,2.2193240170521808e-17,27.9204,27.53375,28.05735,3,,,,
X-10_Y+0_Z45,mechanics_offset,16,22.5,-338.2626589281946,0.0029694684399691,True,True,1.9100815779013863e-05,98.68331247453511,256,Xm10_Yp0_Z45__Q0016,2.6285,2.2193240170521808e-17,12.2316,12.16505,12.4363,3,0.0028988901616811,True,1.920432628354769e-05,256.0
X-10_Y+0_Z45,fixed_nearest,32,11.25,-341.1214127478902,0.0241137918446242,True,True,1.9293488419792745e-05,99.67874505894686,1,,2.6285,2.2193240170521808e-17,0.5731999999999999,0.5072,0.6472499999999999,3,,,,
X-10_Y+0_Z45,best_offset,32,11.25,-341.25213811901,0.0632733545576397,True,True,1.934332341531235e-05,99.93621481793129,256,,2.6285,2.2193240170521808e-17,27.0048,26.92395,27.3572,3,,,,
X-10_Y+0_Z45,mechanics_offset,32,11.25,-341.22664567492075,0.005212627141637,True,True,1.9288105659307647e-05,99.65093532343232,256,Xm10_Yp0_Z45__Q0032,2.6285,2.2193240170521808e-17,12.8737,12.83755,12.95545,3,0.0051566413680165,True,1.9394893885646025e-05,256.0
X-10_Y+0_Z45,fixed_nearest,128,2.8125,-342.23079558041985,0.0119453629798693,True,True,1.9355386280406228e-05,99.99853694590578,1,,2.6285,2.2193240170521808e-17,0.5690999999999999,0.47895,0.655,3,,,,
X-10_Y+0_Z45,best_offset,128,2.8125,-342.23978032359514,0.0022482222715446,True,True,1.93564642674905e-05,100.00410630679129,256,,2.6285,2.2193240170521808e-17,28.0206,27.35335,28.2271,3,,,,
X-10_Y+0_Z45,mechanics_offset,128,2.8125,-342.23925982444496,0.0007982727597358,True,True,1.9355801518894943e-05,100.0006822526826,256,Xm10_Yp0_Z45__Q0128,2.6285,2.2193240170521808e-17,12.05,11.9889,12.488599999999998,3,0.0007817146152427,True,1.946398458568077e-05,256.0
X-10_Y+0_Z45,fixed_nearest,2048,0.17578125,-342.30268333452733,0.0003926864295438,True,True,1.9355643135996417e-05,99.99986397616254,1,,2.6285,2.2193240170521808e-17,0.6980999999999999,0.5993999999999999,0.7215,3,,,,
X-10_Y+0_Z45,best_offset,2048,0.17578125,-342.30269897127704,0.000743181069161,True,True,1.935629710870796e-05,100.0032426901499,256,,2.6285,2.2193240170521808e-17,27.6666,27.5367,29.29735,3,,,,
X-10_Y+0_Z45,mechanics_offset,2048,0.17578125,-342.3026934959885,0.0001110349554869,True,True,1.9356835168167963e-05,100.00602254470878,256,Xm10_Yp0_Z45__Q2048,2.6285,2.2193240170521808e-17,12.7583,12.5871,12.93595,3,0.0001094481346547,True,1.9464950338858472e-05,256.0
X+0_Y+10_Z45,fixed_nearest,4,90.0,-167.38025459795207,0.0926767698026789,True,True,1.6324805051477706e-05,84.36194080813848,1,,2.7965,2.0854359500270264e-17,0.5405,0.45675,0.6145499999999999,3,,,,
X+0_Y+10_Z45,best_offset,4,90.0,-173.04933912496242,0.1934336514452839,True,True,1.614374936842262e-05,83.42629662931336,256,,2.7965,2.0854359500270264e-17,27.5045,27.3072,27.7611,3,,,,
X+0_Y+10_Z45,mechanics_offset,4,90.0,-172.71980795413387,0.0130977067549244,True,True,1.6158944904785465e-05,83.50482283131993,256,Xp0_Yp10_Z45__Q0004,2.7965,2.0854359500270264e-17,12.2981,12.27015,12.3287,3,0.0109576786335119,True,1.626510890130466e-05,256.0
X+0_Y+10_Z45,fixed_nearest,8,45.0,-196.25450388114504,0.1180538755229964,True,True,1.7911080505871475e-05,92.55936035262836,1,,2.7965,2.0854359500270264e-17,0.5304,0.4962999999999999,0.62815,3,,,,
X+0_Y+10_Z45,best_offset,8,45.0,-196.90891927092127,0.0766230184834447,True,True,1.826449355056733e-05,94.38569826376664,256,,2.7965,2.0854359500270264e-17,29.1904,28.1045,29.6547,3,,,,
X+0_Y+10_Z45,mechanics_offset,8,45.0,-195.17748255431667,0.0119661477670415,True,True,1.868831131329184e-05,96.57586769609112,256,Xp0_Yp10_Z45__Q0008,2.7965,2.0854359500270264e-17,12.263,12.1265,12.57025,3,0.0112217117546473,True,1.878761233805071e-05,256.0
X+0_Y+10_Z45,fixed_nearest,10,36.0,-198.26879744633789,0.1056161526024651,True,True,1.8909966150918036e-05,97.72131673714816,1,,2.7965,2.0854359500270264e-17,0.5812999999999999,0.4655999999999999,0.63845,3,,,,
X+0_Y+10_Z45,best_offset,10,36.0,-198.70361623498135,0.0815218987548822,True,True,1.867978879148299e-05,96.5318257318467,256,,2.7965,2.0854359500270264e-17,28.1289,27.2369,28.32255,3,,,,
X+0_Y+10_Z45,mechanics_offset,10,36.0,-198.4921850984348,0.0168780281390588,True,True,1.8686478742241776e-05,96.5663974910893,256,Xp0_Yp10_Z45__Q0010,2.7965,2.0854359500270264e-17,12.6296,12.57535,12.7047,3,0.0164650654486811,True,1.879493138784185e-05,256.0
X+0_Y+10_Z45,fixed_nearest,16,22.5,-201.7181225476292,0.0988853834620091,True,True,1.913173672668756e-05,98.86736387995076,1,,2.7965,2.0854359500270264e-17,0.5751999999999999,0.48105,0.6409,3,,,,
X+0_Y+10_Z45,best_offset,16,22.5,-202.67378044065384,0.0136957531622434,True,True,1.9079364000036613e-05,98.59671655204974,256,,2.7965,2.0854359500270264e-17,27.6857,27.6431,28.10555,3,,,,
X+0_Y+10_Z45,mechanics_offset,16,22.5,-202.65162805668035,0.0044503732313083,True,True,1.909203422593687e-05,98.66219266916433,256,Xp0_Yp10_Z45__Q0016,2.7965,2.0854359500270264e-17,12.7732,12.6215,12.98915,3,0.004382614326476,True,1.9194518028832263e-05,256.0
X+0_Y+10_Z45,fixed_nearest,32,11.25,-204.39382251297152,0.029352811739416,True,True,1.923331839621393e-05,99.39230900271043,1,,2.7965,2.0854359500270264e-17,0.7334999999999999,0.61195,0.8142499999999999,3,,,,
X+0_Y+10_Z45,best_offset,32,11.25,-204.4270810617557,0.0126510304780632,True,True,1.929363616879225e-05,99.70401406405024,256,,2.7965,2.0854359500270264e-17,27.6522,27.5494,27.75865,3,,,,
X+0_Y+10_Z45,mechanics_offset,32,11.25,-204.37329380297743,0.0061176578237705,True,True,1.9264786866633527e-05,99.55492909100488,256,Xp0_Yp10_Z45__Q0032,2.7965,2.0854359500270264e-17,13.0637,12.81145,13.20675,3,0.0060207483814097,True,1.937128610355271e-05,256.0
X+0_Y+10_Z45,fixed_nearest,128,2.8125,-205.01692072131436,0.0093703966444638,True,True,1.934235078337752e-05,99.95575731116249,1,,2.7965,2.0854359500270264e-17,0.6244999999999999,0.5188499999999999,0.73725,3,,,,
X+0_Y+10_Z45,best_offset,128,2.8125,-205.02504275820624,0.0008340143485862,True,True,1.934846962549332e-05,99.98737774367362,256,,2.7965,2.0854359500270264e-17,29.726,29.59575,29.90875,3,,,,
X+0_Y+10_Z45,mechanics_offset,128,2.8125,-205.02504275820624,0.0008340143485862,True,True,1.934846962549332e-05,99.98737774367362,256,Xp0_Yp10_Z45__Q0128,2.7965,2.0854359500270264e-17,13.1173,12.85845,13.8579,3,0.0008116774956869,True,1.9456899947046963e-05,256.0
X+0_Y+10_Z45,fixed_nearest,2048,0.17578125,-205.06368739782636,0.0006887296975454,True,True,1.935043939312838e-05,99.997556941533,1,,2.7965,2.0854359500270264e-17,0.5519,0.4721499999999999,0.63245,3,,,,
X+0_Y+10_Z45,best_offset,2048,0.17578125,-205.06377235939587,0.0002154395850498,True,True,1.935068937601152e-05,99.9988487818413,256,,2.7965,2.0854359500270264e-17,29.1872,29.08225,29.92445,3,,,,
X+0_Y+10_Z45,mechanics_offset,2048,0.17578125,-205.06377111118223,5.877249692160797e-05,True,True,1.935121480787202e-05,100.00156406397632,256,Xp0_Yp10_Z45__Q2048,2.7965,2.0854359500270264e-17,12.7045,12.5273,12.7807,3,5.769237826276921e-05,True,1.9459292829532603e-05,256.0
X+0_Y-10_Z45,fixed_nearest,4,90.0,-143.8958405860083,0.1766965594135692,True,True,1.628541382124853e-05,84.17386782035813,1,,2.4187,1.9935628263630516e-17,0.8273999999999999,0.6735,0.8324499999999999,3,,,,
X+0_Y-10_Z45,best_offset,4,90.0,-148.46868009808793,0.2178262993416652,True,True,1.614374936843032e-05,83.4416515526447,256,,2.4187,1.9935628263630516e-17,27.7875,27.34805,28.01355,3,,,,
X+0_Y-10_Z45,mechanics_offset,4,90.0,-141.3151559240161,0.0098436391206977,True,True,1.5841904086997046e-05,81.8815140516613,256,Xp0_Ym10_Z45__Q0004,2.4187,1.9935628263630516e-17,12.2931,12.259999999999998,13.005,3,0.0078716861047383,True,1.5935670756642648e-05,256.0
X+0_Y-10_Z45,fixed_nearest,8,45.0,-168.07563247579574,0.0863442382403351,True,True,1.7966882760184447e-05,92.86481947584262,1,,2.4187,1.9935628263630516e-17,0.6049,0.50785,0.70785,3,,,,
X+0_Y-10_Z45,best_offset,8,45.0,-168.95083029503232,0.0251005882438948,True,True,1.840141158553123e-05,95.11075392432146,256,,2.4187,1.9935628263630516e-17,26.8889,26.64395,26.97145,3,,,,
X+0_Y-10_Z45,mechanics_offset,8,45.0,-167.54488670270771,0.0128444636565219,True,True,1.8694489699875503e-05,96.62557686518323,256,Xp0_Ym10_Z45__Q0008,2.4187,1.9935628263630516e-17,12.8033,12.6758,12.88695,3,0.0123807418708436,True,1.8783636165182507e-05,256.0
X+0_Y-10_Z45,fixed_nearest,10,36.0,-170.05784529525502,0.1038140650496205,True,True,1.8882293991420204e-05,97.5962745573692,1,,2.4187,1.9935628263630516e-17,0.5888,0.51055,0.6634,3,,,,
X+0_Y-10_Z45,best_offset,10,36.0,-170.44651426650228,0.096971600825307,True,True,1.8653169773769637e-05,96.41200796011528,256,,2.4187,1.9935628263630516e-17,26.4505,26.40975,27.82735,3,,,,
X+0_Y-10_Z45,mechanics_offset,10,36.0,-170.2602222106488,0.0204602676608902,True,True,1.8671075660946917e-05,96.504557513784,256,Xp0_Ym10_Z45__Q0010,2.4187,1.9935628263630516e-17,12.4041,12.329,12.4792,3,0.0194653373134986,True,1.877018042122549e-05,256.0
X+0_Y-10_Z45,fixed_nearest,16,22.5,-173.2007418404214,0.0576091686513825,True,True,1.907666935019218e-05,98.60093590257,1,,2.4187,1.9935628263630516e-17,0.6069,0.4759,0.6476,3,,,,
X+0_Y-10_Z45,best_offset,16,22.5,-173.90219884431798,0.0326327156771746,True,True,1.9102569935818237e-05,98.73480738381616,256,,2.4187,1.9935628263630516e-17,26.4325,26.1344,26.99875,3,,,,
X+0_Y-10_Z45,mechanics_offset,16,22.5,-173.8849059407866,0.0044232567430382,True,True,1.913761260653243e-05,98.91593125117043,256,Xp0_Ym10_Z45__Q0016,2.4187,1.9935628263630516e-17,12.1888,12.145,12.41945,3,0.0042581726024528,True,1.924329588873401e-05,256.0
X+0_Y-10_Z45,fixed_nearest,32,11.25,-175.3806145142477,0.0122744762785086,True,True,1.925127747757293e-05,99.50342702719412,1,,2.4187,1.9935628263630516e-17,0.6563,0.5659,0.7363999999999999,3,,,,
X+0_Y-10_Z45,best_offset,32,11.25,-175.42140018247,0.0302045231652225,True,True,1.929532426780129e-05,99.73109018265878,256,,2.4187,1.9935628263630516e-17,26.3185,26.0237,27.4912,3,,,,
X+0_Y-10_Z45,mechanics_offset,32,11.25,-175.3873119809819,0.0034130495901012,True,True,1.92458182187254e-05,99.4752099405623,256,Xp0_Ym10_Z45__Q0032,2.4187,1.9935628263630516e-17,12.967,12.54085,13.08915,3,0.0033564445809848,True,1.93490047973891e-05,256.0
X+0_Y-10_Z45,fixed_nearest,128,2.8125,-175.9251475685635,0.0034300447731126,True,True,1.9334561935932656e-05,99.93389659133344,1,,2.4187,1.9935628263630516e-17,0.5646,0.4772999999999999,0.6881999999999999,3,,,,
X+0_Y-10_Z45,best_offset,128,2.8125,-175.93206589953505,0.0097241544612224,True,True,1.933308454440338e-05,99.92626044768556,256,,2.4187,1.9935628263630516e-17,26.4264,25.85805,28.2103,3,,,,
X+0_Y-10_Z45,mechanics_offset,128,2.8125,-175.92856930811828,0.0008219648374244,True,True,1.9341370374323736e-05,99.96908713665728,256,Xp0_Ym10_Z45__Q0128,2.4187,1.9935628263630516e-17,11.8683,11.7671,12.34915,3,0.0008133538702555,True,1.9449806466904386e-05,256.0
X+0_Y-10_Z45,fixed_nearest,2048,0.17578125,-175.96553472482086,0.0002843584500379,True,True,1.9347609632504142e-05,100.00133577946974,1,,2.4187,1.9935628263630516e-17,0.5406,0.4354,0.6340999999999999,3,,,,
X+0_Y-10_Z45,best_offset,2048,0.17578125,-175.9655832314918,0.000546048516267,True,True,1.934731971941429e-05,99.99983731548396,256,,2.4187,1.9935628263630516e-17,29.4102,29.16355,29.4492,3,,,,
X+0_Y-10_Z45,mechanics_offset,2048,0.17578125,-175.9655590198633,0.000106739733814,True,True,1.934803284225987e-05,100.00352320942577,256,Xp0_Ym10_Z45__Q2048,2.4187,1.9935628263630516e-17,13.0273,12.89545,13.23755,3,0.0001050045088631,True,1.94560198382594e-05,256.0
X+0_Y+0_Z50,fixed_nearest,4,90.0,-178.8358840300149,0.6680903417945055,True,True,1.4697862983180134e-05,83.3194362247267,1,,2.4766,4.7020325054047256e-21,0.5438999999999999,0.4364499999999999,0.63345,3,,,,
X+0_Y+0_Z50,best_offset,4,90.0,-180.12058425951204,0.1899879000602791,True,True,1.4545647902751358e-05,82.45655740344904,256,,2.4766,4.7020325054047256e-21,27.8356,27.0951,28.2544,3,,,,
X+0_Y+0_Z50,mechanics_offset,4,90.0,-175.2868067835462,0.0110366820395939,True,True,1.4202919178183448e-05,80.51369236642313,256,Xp0_Yp0_Z50__Q0004,2.4766,4.7020325054047256e-21,11.9567,11.8034,11.9829,3,0.0088737252421534,True,1.4241342571934397e-05,256.0
X+0_Y+0_Z50,fixed_nearest,8,45.0,-208.5976344402397,0.3157345016860797,True,True,1.6798293480972052e-05,95.22638386095912,1,,2.4766,4.7020325054047256e-21,0.6131,0.5238499999999999,0.6839999999999999,3,,,,
X+0_Y+0_Z50,best_offset,8,45.0,-209.0162613384516,0.1826286511652025,True,True,1.675845268966862e-05,95.0005338667152,256,,2.4766,4.7020325054047256e-21,28.8149,28.4549,29.278,3,,,,
X+0_Y+0_Z50,mechanics_offset,8,45.0,-207.0653366308194,0.002666818440155,True,True,1.6648956224745467e-05,94.37981888682748,256,Xp0_Yp0_Z50__Q0008,2.4766,4.7020325054047256e-21,12.0707,12.054949999999998,12.58565,3,0.002514367658384,True,1.670612142692928e-05,256.0
X+0_Y+0_Z50,fixed_nearest,10,36.0,-211.605986987093,0.1030153404375723,True,True,1.718011109378714e-05,97.39083649443585,1,,2.4766,4.7020325054047256e-21,0.6488999999999999,0.4993999999999999,0.6644999999999999,3,,,,
X+0_Y+0_Z50,best_offset,10,36.0,-211.9281534410366,0.1034824105613303,True,True,1.7080908242699174e-05,96.8284740861052,256,,2.4766,4.7020325054047256e-21,28.9776,28.36945,29.1542,3,,,,
X+0_Y+0_Z50,mechanics_offset,10,36.0,-211.53181621928465,0.0001032268710673,True,True,1.684798988479115e-05,95.50810347920174,256,Xp0_Yp0_Z50__Q0010,2.4766,4.7020325054047256e-21,12.5616,12.43655,12.56815,3,9.848021169718724e-05,True,1.6902969994575356e-05,256.0
X+0_Y+0_Z50,fixed_nearest,16,22.5,-215.28956826915973,0.0259310087165982,True,True,1.72369906702159e-05,97.713276174692,1,,2.4766,4.7020325054047256e-21,0.5898,0.5031,0.6890499999999999,3,,,,
X+0_Y+0_Z50,best_offset,16,22.5,-216.241336308554,0.0109948959724111,True,True,1.7520375457845215e-05,99.31973153265515,256,,2.4766,4.7020325054047256e-21,27.9243,27.6334,28.4411,3,,,,
X+0_Y+0_Z50,mechanics_offset,16,22.5,-216.23854415834853,0.0030404559266411,True,True,1.7532839026279024e-05,99.39038517097264,256,Xp0_Yp0_Z50__Q0016,2.4766,4.7020325054047256e-21,12.1037,12.0888,12.42145,3,0.0029670285238641,True,1.759185107077748e-05,256.0
X+0_Y+0_Z50,fixed_nearest,32,11.25,-217.99547487101972,0.0758181313395422,True,True,1.7563060599358926e-05,99.56170561624576,1,,2.4766,4.7020325054047256e-21,0.608,0.5505,0.6739999999999999,3,,,,
X+0_Y+0_Z50,best_offset,32,11.25,-218.02030080024468,0.0629451274285353,True,True,1.7614978250126762e-05,99.856017067988,256,,2.4766,4.7020325054047256e-21,29.9474,29.62455,30.42925,3,,,,
X+0_Y+0_Z50,mechanics_offset,32,11.25,-217.8739612430436,0.0008259236854067,True,True,1.7541398030175104e-05,99.43890456321915,256,Xp0_Yp0_Z50__Q0032,2.4766,4.7020325054047256e-21,14.1816,13.91235,14.1972,3,0.0008204104867788,True,1.7599918347941724e-05,256.0
X+0_Y+0_Z50,fixed_nearest,128,2.8125,-218.5995756898692,0.0032939808542166,True,True,1.7642298004342833e-05,100.01088764486616,1,,2.4766,4.7020325054047256e-21,0.5403,0.4444,0.6358999999999999,3,,,,
X+0_Y+0_Z50,best_offset,128,2.8125,-218.60005398929792,0.0021764116372278,True,True,1.7643195255779566e-05,100.01597399544283,256,,2.4766,4.7020325054047256e-21,28.1699,28.0043,28.2099,3,,,,
X+0_Y+0_Z50,mechanics_offset,128,2.8125,-218.5899635925596,0.0001450187782331,True,True,1.7642117167999093e-05,100.00986251745638,256,Xp0_Yp0_Z50__Q0128,2.4766,4.7020325054047256e-21,12.0927,11.85895,12.32945,3,0.0001448741542796,True,1.7700080473047215e-05,256.0
X+0_Y+0_Z50,fixed_nearest,2048,0.17578125,-218.635403450967,0.0010274071026192,True,True,1.7640578805475242e-05,100.00114182803758,1,,2.4766,4.7020325054047256e-21,0.5606,0.45765,0.6348,3,,,,
X+0_Y+0_Z50,best_offset,2048,0.17578125,-218.63543791866027,0.0005661554525324,True,True,1.7640706524820616e-05,100.0018658451184,256,,2.4766,4.7020325054047256e-21,29.0735,28.5269,29.32145,3,,,,
X+0_Y+0_Z50,mechanics_offset,2048,0.17578125,-218.6353537147362,1.970894431636989e-06,True,True,1.7639982594135057e-05,99.99776201746292,256,Xp0_Yp0_Z50__Q2048,2.4766,4.7020325054047256e-21,12.4224,12.408449999999998,12.674499999999998,3,1.968692207186197e-06,True,1.7697999094647783e-05,256.0
X+10_Y+0_Z50,fixed_nearest,4,90.0,-145.79079977150622,0.2332455332808007,True,True,1.438479365938447e-05,83.31024059480515,1,,2.5397,2.6744212752410265e-17,0.6833,0.61375,0.6869000000000001,3,,,,
X+10_Y+0_Z50,best_offset,4,90.0,-146.44948760444413,0.046039661291579,True,True,1.4122634449097643e-05,81.79193262318603,256,,2.5397,2.6744212752410265e-17,27.1962,26.18215,27.55885,3,,,,
X+10_Y+0_Z50,mechanics_offset,4,90.0,-146.18166458445424,0.0166269400551075,True,True,1.4306777997105991e-05,82.85840904626272,256,Xp10_Yp0_Z50__Q0004,2.5397,2.6744212752410265e-17,12.1639,11.86265,12.3368,3,0.0135670849957574,True,1.43864903245126e-05,256.0
X+10_Y+0_Z50,fixed_nearest,8,45.0,-169.4630264867776,0.1335383837365697,True,True,1.6547247992766773e-05,95.83420131716338,1,,2.5397,2.6744212752410265e-17,0.6666,0.5895999999999999,0.6862999999999999,3,,,,
X+10_Y+0_Z50,best_offset,8,45.0,-169.96475047790796,0.1692851438420326,True,True,1.653258478102122e-05,95.7492786045169,256,,2.5397,2.6744212752410265e-17,29.7276,27.9026,30.5696,3,,,,
X+10_Y+0_Z50,mechanics_offset,8,45.0,-168.3604001924932,0.0083420562183817,True,True,1.6204174449081112e-05,93.84727400051617,256,Xp10_Yp0_Z50__Q0008,2.5397,2.6744212752410265e-17,12.3898,12.26705,12.6035,3,0.0077714038561971,True,1.6289309703679988e-05,256.0
X+10_Y+0_Z50,fixed_nearest,10,36.0,-172.1306075264565,0.0644688164115059,True,True,1.6580484140459287e-05,96.02669010263172,1,,2.5397,2.6744212752410265e-17,0.6920999999999999,0.60935,0.7255,3,,,,
X+10_Y+0_Z50,best_offset,10,36.0,-172.43173475546394,0.1186352295237413,True,True,1.67422116493227e-05,96.96334293153204,256,,2.5397,2.6744212752410265e-17,26.3274,25.69565,26.8361,3,,,,
X+10_Y+0_Z50,mechanics_offset,10,36.0,-172.38918226135527,0.0059523682085799,True,True,1.6733984610282785e-05,96.91569562994204,256,Xp10_Yp0_Z50__Q0010,2.5397,2.6744212752410265e-17,12.1852,11.996,12.64875,3,0.0056981929074191,True,1.6825901450772537e-05,256.0
X+10_Y+0_Z50,fixed_nearest,16,22.5,-175.8472504019689,0.0279832545044969,True,True,1.7072292025111807e-05,98.87501967669508,1,,2.5397,2.6744212752410265e-17,0.5139,0.4039,0.6102000000000001,3,,,,
X+10_Y+0_Z50,best_offset,16,22.5,-175.90030256240345,0.010952191316702,True,True,1.710058180607987e-05,99.03886133578528,256,,2.5397,2.6744212752410265e-17,26.9545,26.70825,27.2915,3,,,,
X+10_Y+0_Z50,mechanics_offset,16,22.5,-175.89338868898568,0.0038048942383041,True,True,1.7075821228814513e-05,98.89545923367048,256,Xp10_Yp0_Z50__Q0016,2.5397,2.6744212752410265e-17,12.6991,12.56915,12.7158,3,0.003800066543316,True,1.7168319145234758e-05,256.0
X+10_Y+0_Z50,fixed_nearest,32,11.25,-177.32274432182908,0.0297165055480963,True,True,1.7248329710509486e-05,99.89455059743688,1,,2.5397,2.6744212752410265e-17,0.5219,0.42845,0.6022000000000001,3,,,,
X+10_Y+0_Z50,best_offset,32,11.25,-177.3993590541379,0.0021773016505039,True,True,1.723698394976997e-05,99.82884106559918,256,,2.5397,2.6744212752410265e-17,27.4778,27.21135,28.07475,3,,,,
X+10_Y+0_Z50,mechanics_offset,32,11.25,-177.3993590541379,0.0021773016505039,True,True,1.723698394976997e-05,99.82884106559918,256,Xp10_Yp0_Z50__Q0032,2.5397,2.6744212752410265e-17,12.3378,12.12235,12.44565,3,0.0021463228034298,True,1.732635155225402e-05,256.0
X+10_Y+0_Z50,fixed_nearest,128,2.8125,-177.90886663587207,0.006174937900315,True,True,1.7268463291709864e-05,100.0111552240694,1,,2.5397,2.6744212752410265e-17,0.5179,0.41955,0.59945,3,,,,
X+10_Y+0_Z50,best_offset,128,2.8125,-177.91151907542437,0.0041173345146816,True,True,1.726415073023642e-05,99.98617881200263,256,,2.5397,2.6744212752410265e-17,29.7304,29.2157,30.3669,3,,,,
X+10_Y+0_Z50,mechanics_offset,128,2.8125,-177.9111605331741,0.0007184370866439,True,True,1.7266043194385962e-05,99.99713911128453,256,Xp10_Yp0_Z50__Q0128,2.5397,2.6744212752410265e-17,12.7703,12.5201,12.83195,3,0.0007090996573069,True,1.735550725948836e-05,256.0
X+10_Y+0_Z50,fixed_nearest,2048,0.17578125,-177.9447526422844,0.0006607456731134,True,True,1.726699733835956e-05,100.00266508307702,1,,2.5397,2.6744212752410265e-17,0.5459999999999999,0.4594499999999999,0.6495,3,,,,
X+10_Y+0_Z50,best_offset,2048,0.17578125,-177.9447626639846,0.0006994461390998,True,True,1.7266471333060133e-05,99.99961869749188,256,,2.5397,2.6744212752410265e-17,32.3116,30.5883,32.69395,3,,,,
X+10_Y+0_Z50,mechanics_offset,2048,0.17578125,-177.9447531494474,0.0001197429305813,True,True,1.72662600428446e-05,99.99839499980747,256,Xp10_Yp0_Z50__Q2048,2.5397,2.6744212752410265e-17,12.4616,12.33175,12.83155,3,0.0001194564264496,True,1.7356265605666206e-05,256.0
X-10_Y+0_Z50,fixed_nearest,4,90.0,-169.34266226802754,0.0413783223035744,True,True,1.4122634449095368e-05,81.78702828551212,1,,2.6996,2.701383548316175e-17,0.5186,0.42035,0.6085,3,,,,
X-10_Y+0_Z50,best_offset,4,90.0,-169.34266226802754,0.0413783223035744,True,True,1.4122634449095368e-05,81.78702828551212,256,,2.6996,2.701383548316175e-17,27.1452,26.95735,27.40085,3,,,,
X-10_Y+0_Z50,mechanics_offset,4,90.0,-169.0308142741155,0.0209516712889818,True,True,1.430677799710561e-05,82.85344076145587,256,Xm10_Yp0_Z50__Q0004,2.6996,2.701383548316175e-17,12.4292,12.36625,13.3918,3,0.0171584720362442,True,1.4389794824438395e-05,256.0
X-10_Y+0_Z50,fixed_nearest,8,45.0,-195.711099171245,0.1805018424717978,True,True,1.665014565775364e-05,96.4243561480714,1,,2.6996,2.701383548316175e-17,0.5456,0.4345,0.6234999999999999,3,,,,
X-10_Y+0_Z50,best_offset,8,45.0,-196.52844417728605,0.1743821197118692,True,True,1.6532584781021055e-05,95.74353736845528,256,,2.6996,2.701383548316175e-17,26.6073,26.5001,26.8132,3,,,,
X-10_Y+0_Z50,mechanics_offset,8,45.0,-194.6758649155614,0.0109494668492445,True,True,1.6204174449092663e-05,93.84164681088993,256,Xm10_Yp0_Z50__Q0008,2.6996,2.701383548316175e-17,11.9885,11.96255,12.3173,3,0.0101221674343335,True,1.629352420717832e-05,256.0
X-10_Y+0_Z50,fixed_nearest,10,36.0,-198.8806479829527,0.1345512198406525,True,True,1.6769761886764098e-05,97.11707788782522,1,,2.6996,2.701383548316175e-17,0.5248999999999999,0.4359999999999999,0.6085999999999999,3,,,,
X-10_Y+0_Z50,best_offset,10,36.0,-199.40206502288515,0.0504307600043621,True,True,1.6726765829143033e-05,96.86807903470792,256,,2.6996,2.701383548316175e-17,27.8264,27.2503,28.33195,3,,,,
X-10_Y+0_Z50,mechanics_offset,10,36.0,-199.04036332833115,0.0079197720367839,True,True,1.6794965557157214e-05,97.26303743317568,256,Xm10_Yp0_Z50__Q0010,2.6996,2.701383548316175e-17,12.3633,12.316399999999998,12.581699999999998,3,0.007537217033705,True,1.6885068694908586e-05,256.0
X-10_Y+0_Z50,fixed_nearest,16,22.5,-203.15900372385724,0.0541919022982638,True,True,1.7140824791031736e-05,99.26597810587096,1,,2.6996,2.701383548316175e-17,0.517,0.4432,0.6034999999999999,3,,,,
X-10_Y+0_Z50,best_offset,16,22.5,-203.39476920642133,0.0104763263298769,True,True,1.710336661866648e-05,99.04905026469493,256,,2.6996,2.701383548316175e-17,27.0195,26.20305,27.30875,3,,,,
X-10_Y+0_Z50,mechanics_offset,16,22.5,-203.38155658150853,0.0035753248193307,True,True,1.7084137371458736e-05,98.93768981059851,256,Xm10_Yp0_Z50__Q0016,2.6996,2.701383548316175e-17,12.8815,12.74755,12.91595,3,0.0034426572640727,True,1.7172374704772592e-05,256.0
X-10_Y+0_Z50,fixed_nearest,32,11.25,-205.01130057697668,0.0296469551610285,True,True,1.7204419337041192e-05,99.63426696529216,1,,2.6996,2.701383548316175e-17,0.5179,0.4255,0.611,3,,,,
X-10_Y+0_Z50,best_offset,32,11.25,-205.12745481240157,0.0207535749956026,True,True,1.722539001926979e-05,99.75571242129251,256,,2.6996,2.701383548316175e-17,26.0356,25.73435,26.95175,3,,,,
X-10_Y+0_Z50,mechanics_offset,32,11.25,-205.12343428546197,0.0035821262192611,True,True,1.7245911734328356e-05,99.87455781773836,256,Xm10_Yp0_Z50__Q0032,2.6996,2.701383548316175e-17,12.6095,12.23965,12.829249999999998,3,0.0035087349071409,True,1.733714889296652e-05,256.0
X-10_Y+0_Z50,fixed_nearest,128,2.8125,-205.7126246254576,0.0117046993437698,True,True,1.7266843266407986e-05,99.99577654731932,1,,2.6996,2.701383548316175e-17,0.6675,0.60425,0.6920999999999999,3,,,,
X-10_Y+0_Z50,best_offset,128,2.8125,-205.7190190201806,0.0091850962175587,True,True,1.7264150730240165e-05,99.98018352659,256,,2.6996,2.701383548316175e-17,26.887,26.29475,27.86335,3,,,,
X-10_Y+0_Z50,mechanics_offset,128,2.8125,-205.7180742810848,0.000804861232735,True,True,1.7270236276346123e-05,100.0154261531194,256,Xm10_Yp0_Z50__Q0128,2.6996,2.701383548316175e-17,11.9228,11.91955,12.23205,3,0.0007987696084846,True,1.7360084337673384e-05,256.0
X-10_Y+0_Z50,fixed_nearest,2048,0.17578125,-205.75756427368395,0.0009516357308772,True,True,1.726673488058378e-05,99.99514886312188,1,,2.6996,2.701383548316175e-17,0.5500999999999999,0.4448,0.6288499999999999,3,,,,
X-10_Y+0_Z50,best_offset,2048,0.17578125,-205.7576004796768,0.0011774496260895,True,True,1.7267857731911602e-05,100.00165152193102,256,,2.6996,2.701383548316175e-17,27.6996,27.52305,29.01465,3,,,,
X-10_Y+0_Z50,mechanics_offset,2048,0.17578125,-205.75759729963784,2.938337412839771e-05,True,True,1.7267332749516366e-05,99.9986112428554,256,Xm10_Yp0_Z50__Q2048,2.6996,2.701383548316175e-17,12.8613,12.62665,14.2092,3,2.872871979488684e-05,True,1.735732082126893e-05,256.0
X+0_Y+10_Z50,fixed_nearest,4,90.0,-210.63267309751544,0.2038218665953715,True,True,1.438479365938428e-05,83.28037416584395,1,,2.4897,2.8344918661629703e-17,0.5496,0.44665,0.6686,3,,,,
X+0_Y+10_Z50,best_offset,4,90.0,-211.4926497931131,0.0214188660975466,True,True,1.4122634449096022e-05,81.7626105022974,256,,2.4897,2.8344918661629703e-17,27.0867,26.56275,27.4558,3,,,,
X+0_Y+10_Z50,mechanics_offset,4,90.0,-211.0411470492104,0.0174818444282486,True,True,1.435246495537688e-05,83.09320800762266,256,Xp0_Yp10_Z50__Q0004,2.4897,2.8344918661629703e-17,12.319,12.0748,13.886,3,0.013950967277507,True,1.4423115163406535e-05,256.0
X+0_Y+10_Z50,fixed_nearest,8,45.0,-244.7763172599348,0.1464635719992364,True,True,1.6581886664497818e-05,96.00038474615882,1,,2.4897,2.8344918661629703e-17,0.5591999999999999,0.4377999999999999,0.6109499999999999,3,,,,
X+0_Y+10_Z50,best_offset,8,45.0,-245.4113421998642,0.1997696200166163,True,True,1.6532584781020743e-05,95.7149528240698,256,,2.4897,2.8344918661629703e-17,26.2354,26.0133,26.7498,3,,,,
X+0_Y+10_Z50,mechanics_offset,8,45.0,-242.89558927964129,0.0166320881445776,True,True,1.6201736961013458e-05,93.79951831075056,256,Xp0_Yp10_Z50__Q0008,2.4897,2.8344918661629703e-17,12.5019,12.38535,12.6108,3,0.0155711640892904,True,1.6285848299558488e-05,256.0
X+0_Y+10_Z50,fixed_nearest,10,36.0,-248.56296962100825,0.0379523656439128,True,True,1.660189644701677e-05,96.11623084132113,1,,2.4897,2.8344918661629703e-17,0.5291,0.43255,0.6102,3,,,,
X+0_Y+10_Z50,best_offset,10,36.0,-249.02103318892335,0.0750973682251966,True,True,1.6726765829143294e-05,96.83915875475496,256,,2.4897,2.8344918661629703e-17,27.8469,27.6326,28.1124,3,,,,
X+0_Y+10_Z50,mechanics_offset,10,36.0,-248.7386956135325,0.0101369976684498,True,True,1.675803020451816e-05,97.02016301111992,256,Xp0_Yp10_Z50__Q0010,2.4897,2.8344918661629703e-17,12.4051,12.39555,12.80055,3,0.0099177056235835,True,1.684910440764737e-05,256.0
X+0_Y+10_Z50,fixed_nearest,16,22.5,-253.9455630763068,0.060411632340791,True,True,1.705643225217119e-05,98.74775360218732,1,,2.4897,2.8344918661629703e-17,0.5962,0.5118499999999999,0.7015499999999999,3,,,,
X+0_Y+10_Z50,best_offset,16,22.5,-254.02437034260157,0.1060876287799674,True,True,1.71468482589951e-05,99.2712146303519,256,,2.4897,2.8344918661629703e-17,27.0637,27.02395,27.53245,3,,,,
X+0_Y+10_Z50,mechanics_offset,16,22.5,-253.96627288323816,0.0065729922925206,True,True,1.710263336828046e-05,99.01523371539348,256,Xp0_Yp10_Z50__Q0016,2.4897,2.8344918661629703e-17,12.1978,12.05295,12.2338,3,0.0064153214442161,True,1.7194738892783464e-05,256.0
X+0_Y+10_Z50,fixed_nearest,32,11.25,-256.12310346068364,0.0436978285088702,True,True,1.726612550694125e-05,99.96176703406658,1,,2.4897,2.8344918661629703e-17,0.5306,0.43155,0.64665,3,,,,
X+0_Y+10_Z50,best_offset,32,11.25,-256.1604594987331,0.0049723336426373,True,True,1.7245727325471984e-05,99.84367231367726,256,,2.4897,2.8344918661629703e-17,26.9788,26.9576,26.9874,3,,,,
X+0_Y+10_Z50,mechanics_offset,32,11.25,-256.1604594987331,0.0049723336426373,True,True,1.7245727325471984e-05,99.84367231367726,256,Xp0_Yp10_Z50__Q0032,2.4897,2.8344918661629703e-17,12.3421,12.2059,12.58395,3,0.0049761493823853,True,1.733748723027561e-05,256.0
X+0_Y+10_Z50,fixed_nearest,128,2.8125,-256.8984109316206,0.0070572440726526,True,True,1.726611217684975e-05,99.96168985986208,1,,2.4897,2.8344918661629703e-17,0.648,0.5114,0.7529,3,,,,
X+0_Y+10_Z50,best_offset,128,2.8125,-256.9007735990758,0.0037393900113322,True,True,1.726747279068018e-05,99.96956709686502,256,,2.4897,2.8344918661629703e-17,28.7443,27.0162,29.2929,3,,,,
X+0_Y+10_Z50,mechanics_offset,128,2.8125,-256.9001877102992,0.0018698849816845,True,True,1.7268003659830222e-05,99.97264054946334,256,Xp0_Yp10_Z50__Q0128,2.4897,2.8344918661629703e-17,12.5781,12.4515,12.73695,3,0.0018411411184075,True,1.7357789876506294e-05,256.0
X+0_Y+10_Z50,fixed_nearest,2048,0.17578125,-256.95023624399056,0.0009441910638981,True,True,1.727283638149983e-05,100.00061946097324,1,,2.4897,2.8344918661629703e-17,0.515,0.43215,0.6409499999999999,3,,,,
X+0_Y+10_Z50,best_offset,2048,0.17578125,-256.95029000202345,0.000213841017876,True,True,1.727193924113869e-05,99.99542549109614,256,,2.4897,2.8344918661629703e-17,27.5203,27.22125,29.18555,3,,,,
X+0_Y+10_Z50,mechanics_offset,2048,0.17578125,-256.9502707969451,5.543824470790569e-05,True,True,1.727345254247577e-05,100.00418670829274,256,Xp0_Yp10_Z50__Q2048,2.4897,2.8344918661629703e-17,12.6219,12.2972,12.63245,3,5.5230551946346e-05,True,1.736347975261637e-05,256.0
X+0_Y-10_Z50,fixed_nearest,4,90.0,-228.82005111661323,0.2351197141904713,True,True,1.434070601113106e-05,83.02282605936897,1,,2.6399,2.8462212568578125e-17,0.5853999999999999,0.5219999999999999,0.6298999999999999,3,,,,
X+0_Y-10_Z50,best_offset,4,90.0,-229.47680165272132,0.0201975569213353,True,True,1.4122634449091243e-05,81.76034167752097,256,,2.6399,2.8462212568578125e-17,27.1906,26.50215,28.12195,3,,,,
X+0_Y-10_Z50,mechanics_offset,4,90.0,-228.98674494610503,0.017120120387359,True,True,1.435246495537228e-05,83.09090226019359,256,Xp0_Ym10_Z50__Q0004,2.6399,2.8462212568578125e-17,12.9329,12.64075,13.09715,3,0.0137517218365683,True,1.4424707550958605e-05,256.0
X+0_Y-10_Z50,fixed_nearest,8,45.0,-265.7890037719802,0.2224231443746702,True,True,1.6459553416289753e-05,95.28949545683756,1,,2.6399,2.8462212568578125e-17,0.5514,0.4963999999999999,0.63445,3,,,,
X+0_Y-10_Z50,best_offset,8,45.0,-266.2763461761106,0.2021291807339497,True,True,1.6532584781020215e-05,95.7122968367828,256,,2.6399,2.8462212568578125e-17,27.573,26.38435,27.76405,3,,,,
X+0_Y-10_Z50,mechanics_offset,8,45.0,-263.5497217757176,0.0172549146312782,True,True,1.6201736961020078e-05,93.79691547475834,256,Xp0_Ym10_Z50__Q0008,2.6399,2.8462212568578125e-17,12.2507,12.17875,12.34765,3,0.0161379432454114,True,1.6287825029105812e-05,256.0
X+0_Y-10_Z50,fixed_nearest,10,36.0,-269.56120540794774,0.0276683728531013,True,True,1.6556647498377674e-05,95.85160342295325,1,,2.6399,2.8462212568578125e-17,0.7176,0.6194500000000001,0.72035,3,,,,
X+0_Y-10_Z50,best_offset,10,36.0,-270.1950858456704,0.0774138308094527,True,True,1.672676582914102e-05,96.83647157194902,256,,2.6399,2.8462212568578125e-17,26.6782,26.3484,27.47465,3,,,,
X+0_Y-10_Z50,mechanics_offset,10,36.0,-269.80834854075465,0.0122886772580919,True,True,1.6771893954515596e-05,97.09773238438396,256,Xp0_Ym10_Z50__Q0010,2.6399,2.8462212568578125e-17,12.4218,12.22435,12.5345,3,0.0112610824959638,True,1.6857523307884705e-05,256.0
X+0_Y-10_Z50,fixed_nearest,16,22.5,-275.5628648202753,0.0117378535525251,True,True,1.7119267724277202e-05,99.10878763104476,1,,2.6399,2.8462212568578125e-17,0.6755,0.6044,0.71255,3,,,,
X+0_Y-10_Z50,best_offset,16,22.5,-275.6252109296096,0.103738935563868,True,True,1.7146848259000826e-05,99.2684599606502,256,,2.6399,2.8462212568578125e-17,26.3738,26.3493,27.20615,3,,,,
X+0_Y-10_Z50,mechanics_offset,16,22.5,-275.56043770504994,0.0078979893023095,True,True,1.7102633368278028e-05,99.01248614884038,256,Xp0_Ym10_Z50__Q0016,2.6399,2.8462212568578125e-17,12.8169,12.746199999999998,13.00405,3,0.0077497996928955,True,1.7196687802157642e-05,256.0
X+0_Y-10_Z50,fixed_nearest,32,11.25,-277.8551015565057,0.0430996980884819,True,True,1.7226720811337702e-05,99.73086711232284,1,,2.6399,2.8462212568578125e-17,0.5538,0.4477,0.6144,3,,,,
X+0_Y-10_Z50,best_offset,32,11.25,-277.9410138756167,0.0068725210768368,True,True,1.7245727325478814e-05,99.8409017588952,256,,2.6399,2.8462212568578125e-17,26.0893,25.7923,27.35485,3,,,,
X+0_Y-10_Z50,mechanics_offset,32,11.25,-277.9389222746957,0.0054284396239499,True,True,1.724505597471075e-05,99.83701509961922,256,Xp0_Ym10_Z50__Q0032,2.6399,2.8462212568578125e-17,12.3729,12.18865,12.60675,3,0.0053984797472223,True,1.732960497519984e-05,256.0
X+0_Y-10_Z50,fixed_nearest,128,2.8125,-278.7349168598544,0.0087239104472677,True,True,1.726694497860654e-05,99.963737379655,1,,2.6399,2.8462212568578125e-17,0.5558,0.5341499999999999,0.62025,3,,,,
X+0_Y-10_Z50,best_offset,128,2.8125,-278.7442473932336,0.0082067769984075,True,True,1.727033345931133e-05,99.98335435276223,256,,2.6399,2.8462212568578125e-17,27.166,26.735,27.4802,3,,,,
X+0_Y-10_Z50,mechanics_offset,128,2.8125,-278.7438904217328,0.0023205269347146,True,True,1.7265905053421962e-05,99.95771692796684,256,Xp0_Ym10_Z50__Q0128,2.6399,2.8462212568578125e-17,12.0872,11.97525,12.3853,3,0.0022726284188454,True,1.735693235461427e-05,256.0
X+0_Y-10_Z50,fixed_nearest,2048,0.17578125,-278.79794321059217,0.0015028977629611,True,True,1.7273269243980957e-05,100.00035052713363,1,,2.6399,2.8462212568578125e-17,0.5278999999999999,0.4279499999999999,0.60795,3,,,,
X+0_Y-10_Z50,best_offset,2048,0.17578125,-278.7979565371356,0.000980232371253,True,True,1.7273478435144006e-05,100.00156160011215,256,,2.6399,2.8462212568578125e-17,30.1455,29.87685,30.37665,3,,,,
X+0_Y-10_Z50,mechanics_offset,2048,0.17578125,-278.79795393720394,0.0001447109625683,True,True,1.7273132110820963e-05,99.99955662044032,256,Xp0_Ym10_Z50__Q2048,2.6399,2.8462212568578125e-17,12.0215,12.0019,12.8598,3,0.0001415941392816,True,1.7363076012274948e-05,256.0
X+0_Y+0_Z55,fixed_nearest,4,90.0,-217.77831349504228,0.1591192410402772,True,True,1.2973788525431373e-05,83.53466262296921,1,,2.5205,1.1609112271904723e-20,0.5246,0.419,0.5967499999999999,3,,,,
X+0_Y+0_Z55,best_offset,4,90.0,-220.0858430571768,0.8498793290203921,True,True,1.2335461853820025e-05,79.42465242419237,256,,2.5205,1.1609112271904723e-20,26.5841,26.2913,27.7984,3,,,,
X+0_Y+0_Z55,mechanics_offset,4,90.0,-215.0050866265385,0.0008592194875858,True,True,1.2581594391565502e-05,81.0094322640056,256,Xp0_Yp0_Z55__Q0004,2.5205,1.1609112271904723e-20,12.4413,12.2824,12.51115,3,0.0006953501526454,True,1.2616714722441442e-05,256.0
X+0_Y+0_Z55,fixed_nearest,8,45.0,-250.6805470734764,0.5301668166673851,True,True,1.48076688752926e-05,95.342514740819,1,,2.5205,1.1609112271904723e-20,0.5355,0.4317499999999999,0.61835,3,,,,
X+0_Y+0_Z55,best_offset,8,45.0,-253.33447375936765,0.2065634818353423,True,True,1.526380821799831e-05,98.27947074463349,256,,2.5205,1.1609112271904723e-20,26.2538,25.98025,26.8626,3,,,,
X+0_Y+0_Z55,mechanics_offset,8,45.0,-250.3199998850125,0.0008140550963798,True,True,1.4522384968662031e-05,93.50564998497433,256,Xp0_Yp0_Z55__Q0008,2.5205,1.1609112271904723e-20,12.6769,12.6433,12.6931,3,0.0007604332421604,True,1.4563211021592098e-05,256.0
X+0_Y+0_Z55,fixed_nearest,10,36.0,-256.6710390640972,0.0732280663679758,True,True,1.5219897006951198e-05,97.9967385116395,1,,2.5205,1.1609112271904723e-20,0.5411,0.43725,0.6266499999999999,3,,,,
X+0_Y+0_Z55,best_offset,10,36.0,-256.95643574098915,0.00160390072711,True,True,1.4975694617554942e-05,96.42438636716356,256,,2.5205,1.1609112271904723e-20,27.2503,27.001,28.1231,3,,,,
X+0_Y+0_Z55,mechanics_offset,10,36.0,-256.8037226702329,0.0005119619336002,True,True,1.4968968362894242e-05,96.38107785996104,256,Xp0_Yp0_Z55__Q0010,2.5205,1.1609112271904723e-20,12.4344,12.30525,12.78115,3,0.0004929517823456,True,1.50113959100898e-05,256.0
X+0_Y+0_Z55,fixed_nearest,16,22.5,-261.8649690465693,0.1517880095370586,True,True,1.522732905377168e-05,98.04459142079784,1,,2.5205,1.1609112271904723e-20,0.7261,0.6209,0.7438499999999999,3,,,,
X+0_Y+0_Z55,best_offset,16,22.5,-262.39292251382113,0.0214302542441912,True,True,1.544958714861994e-05,99.47565027704324,256,,2.5205,1.1609112271904723e-20,27.1618,26.3471,28.14735,3,,,,
X+0_Y+0_Z55,mechanics_offset,16,22.5,-261.7168137125641,0.0044046482880003,True,True,1.525899968176056e-05,98.24850989988532,256,Xp0_Yp0_Z55__Q0016,2.5205,1.1609112271904723e-20,13.2613,12.6478,13.275849999999998,3,0.0043228630695812,True,1.5299355605229298e-05,256.0
X+0_Y+0_Z55,fixed_nearest,32,11.25,-264.4696802434684,0.0231752842763252,True,True,1.545031959245532e-05,99.48036628182156,1,,2.5205,1.1609112271904723e-20,0.5307999999999999,0.43565,0.6155499999999999,3,,,,
X+0_Y+0_Z55,best_offset,32,11.25,-264.50018035543684,0.0300560528804368,True,True,1.544228826850086e-05,99.42865479171697,256,,2.5205,1.1609112271904723e-20,27.2723,26.15795,28.0608,3,,,,
X+0_Y+0_Z55,mechanics_offset,32,11.25,-264.3973411034722,0.0004080302769538,True,True,1.5500695276677144e-05,99.80472148289658,256,Xp0_Yp0_Z55__Q0032,2.5205,1.1609112271904723e-20,12.3702,12.098399999999998,12.66345,3,0.0004068494161625,True,1.554562560224603e-05,256.0
X+0_Y+0_Z55,fixed_nearest,128,2.8125,-265.23664131298574,0.0363165339501427,True,True,1.55130781829895e-05,99.88445161716436,1,,2.5205,1.1609112271904723e-20,0.5241,0.42655,0.605,3,,,,
X+0_Y+0_Z55,best_offset,128,2.8125,-265.23702818842776,0.0312603476165866,True,True,1.5508269453975098e-05,99.8534895311803,256,,2.5205,1.1609112271904723e-20,26.8866,26.3805,27.34455,3,,,,
X+0_Y+0_Z55,mechanics_offset,128,2.8125,-265.2334935376999,0.0006673360767396,True,True,1.5524913743908905e-05,99.9606575447096,256,Xp0_Yp0_Z55__Q0128,2.5205,1.1609112271904723e-20,12.6731,12.31675,12.6749,3,0.0006664461326061,True,1.5570024566860714e-05,256.0
X+0_Y+0_Z55,fixed_nearest,2048,0.17578125,-265.274895482922,0.0019832004029023,True,True,1.5531741381824974e-05,100.00461883086072,1,,2.5205,1.1609112271904723e-20,0.5026999999999999,0.4158999999999999,0.5844499999999999,3,,,,
X+0_Y+0_Z55,best_offset,2048,0.17578125,-265.27492870084427,0.0002904181261628,True,True,1.553039582783258e-05,99.99595517809844,256,,2.5205,1.1609112271904723e-20,30.0062,29.12555,30.14475,3,,,,
X+0_Y+0_Z55,mechanics_offset,2048,0.17578125,-265.2748958644969,2.851453072341596e-06,True,True,1.5530868569061494e-05,99.99899902908984,256,Xp0_Yp0_Z55__Q2048,2.5205,1.1609112271904723e-20,12.5887,12.4573,12.72315,3,2.8486970130647608e-06,True,1.55754948527647e-05,256.0
X+10_Y+0_Z55,fixed_nearest,4,90.0,-170.48590834559712,0.2439187008098773,True,True,1.2474685977885096e-05,82.16907795681468,1,,2.7797,2.934193502041841e-17,0.5277999999999999,0.4340999999999999,0.60915,3,,,,
X+10_Y+0_Z55,best_offset,4,90.0,-172.2874993058944,0.4381491757283949,True,True,1.204070052565892e-05,79.31047417958824,256,,2.7797,2.934193502041841e-17,26.8589,26.7312,26.96655,3,,,,
X+10_Y+0_Z55,mechanics_offset,4,90.0,-170.40069643603906,0.0146699525911763,True,True,1.2540891749659824e-05,82.60516646692169,256,Xp10_Yp0_Z55__Q0004,2.7797,2.934193502041841e-17,12.5359,12.50555,12.599799999999998,3,0.0120222761634269,True,1.2591039001555388e-05,256.0
X+10_Y+0_Z55,fixed_nearest,8,45.0,-195.61552695869688,0.1017382516924382,True,True,1.4242092803278227e-05,93.810748895433,1,,2.7797,2.934193502041841e-17,0.6138,0.50125,0.73285,3,,,,
X+10_Y+0_Z55,best_offset,8,45.0,-197.814510556232,0.1198703313429869,True,True,1.4654579195239052e-05,96.52774125558062,256,,2.7797,2.934193502041841e-17,26.1802,25.88395,27.21655,3,,,,
X+10_Y+0_Z55,mechanics_offset,8,45.0,-196.9067623774368,0.0368644608440136,True,True,1.4420188257680636e-05,94.9838396892605,256,Xp10_Yp0_Z55__Q0008,2.7797,2.934193502041841e-17,12.9602,12.590599999999998,13.21155,3,0.0355403962346348,True,1.4468790869917676e-05,256.0
X+10_Y+0_Z55,fixed_nearest,10,36.0,-200.91624102993464,0.0195250421270144,True,True,1.4661705581493993e-05,96.57468180292348,1,,2.7797,2.934193502041841e-17,0.5533,0.45675,0.633,3,,,,
X+10_Y+0_Z55,best_offset,10,36.0,-201.08484956439128,0.065407077148905,True,True,1.4695737651407891e-05,96.79884646812988,256,,2.7797,2.934193502041841e-17,28.5276,27.8695,30.0629,3,,,,
X+10_Y+0_Z55,mechanics_offset,10,36.0,-200.5399131345572,0.0048126641413012,True,True,1.4592895995466212e-05,96.12144231869792,256,Xp10_Yp0_Z55__Q0010,2.7797,2.934193502041841e-17,12.1898,12.02815,12.419899999999998,3,0.004657381167138,True,1.466602108112655e-05,256.0
X+10_Y+0_Z55,fixed_nearest,16,22.5,-204.66690627814395,0.1091781449324131,True,True,1.4919553794494677e-05,98.2730932861976,1,,2.7797,2.934193502041841e-17,0.8119,0.6875499999999999,0.91505,3,,,,
X+10_Y+0_Z55,best_offset,16,22.5,-205.0631345683861,0.0166208388602109,True,True,1.5040786305207082e-05,99.07163552135188,256,,2.7797,2.934193502041841e-17,27.6429,27.549949999999995,27.98975,3,,,,
X+10_Y+0_Z55,mechanics_offset,16,22.5,-204.8630346038496,0.0095781027688353,True,True,1.5024166846841644e-05,98.9621653853941,256,Xp10_Yp0_Z55__Q0016,2.7797,2.934193502041841e-17,12.0094,11.97495,12.3439,3,0.0093169835425647,True,1.5099833032923269e-05,256.0
X+10_Y+0_Z55,fixed_nearest,32,11.25,-206.79604417584952,0.0677302755134375,True,True,1.5144031374494204e-05,99.7516969002074,1,,2.7797,2.934193502041841e-17,0.5418999999999999,0.4542999999999999,0.66205,3,,,,
X+10_Y+0_Z55,best_offset,32,11.25,-206.82795780998796,0.0634329794751219,True,True,1.5123649391241445e-05,99.61744351909788,256,,2.7797,2.934193502041841e-17,33.925799999999995,30.88005,34.33085,3,,,,
X+10_Y+0_Z55,mechanics_offset,32,11.25,-206.79790997900963,0.0097334926079828,True,True,1.5131708655819311e-05,99.67052881042686,256,Xp10_Yp0_Z55__Q0032,2.7797,2.934193502041841e-17,15.3304,14.1795,16.3995,3,0.0095386541446917,True,1.5198868401923156e-05,256.0
X+10_Y+0_Z55,fixed_nearest,128,2.8125,-207.4433061590957,0.0020953975092864,True,True,1.517593411560792e-05,99.961835963127,1,,2.7797,2.934193502041841e-17,0.8958999999999999,0.7399499999999999,1.03365,3,,,,
X+10_Y+0_Z55,best_offset,128,2.8125,-207.44361318370323,0.0011375473274866,True,True,1.518000464498733e-05,99.9886479924234,256,,2.7797,2.934193502041841e-17,29.2231,29.1438,29.66825,3,,,,
X+10_Y+0_Z55,mechanics_offset,128,2.8125,-207.4435628504603,0.0008285877737717,True,True,1.5178953845373906e-05,99.98172651676416,256,Xp10_Yp0_Z55__Q0128,2.7797,2.934193502041841e-17,12.1633,12.060099999999998,12.16665,3,0.0008328917022974,True,1.525333684331383e-05,256.0
X+10_Y+0_Z55,fixed_nearest,2048,0.17578125,-207.4806317903143,0.0008253900024506,True,True,1.5181678669296863e-05,99.99967456529548,1,,2.7797,2.934193502041841e-17,0.5201,0.4431,0.5992,3,,,,
X+10_Y+0_Z55,best_offset,2048,0.17578125,-207.4806708083715,0.001152166800883,True,True,1.5181194252512138e-05,99.99648377711708,256,,2.7797,2.934193502041841e-17,28.9453,28.909,29.28965,3,,,,
X+10_Y+0_Z55,mechanics_offset,2048,0.17578125,-207.4806623935364,6.074242675573195e-05,True,True,1.5181974788691204e-05,100.00162506390052,256,Xp10_Yp0_Z55__Q2048,2.7797,2.934193502041841e-17,12.4462,12.3861,12.48445,3,5.970969794646859e-05,True,1.5256003186324164e-05,256.0
X-10_Y+0_Z55,fixed_nearest,4,90.0,-205.5791098827033,0.322278031459781,True,True,1.2244084522485328e-05,80.58628985087937,1,,2.8631,3.267118352394919e-17,0.5418999999999999,0.4317999999999999,0.6195499999999999,3,,,,
X-10_Y+0_Z55,best_offset,4,90.0,-205.70200539839647,0.4900385043824824,True,True,1.2040700525662011e-05,79.24768738624142,256,,2.8631,3.267118352394919e-17,26.7915,26.58415,27.3122,3,,,,
X-10_Y+0_Z55,mechanics_offset,4,90.0,-203.3082614029307,0.0155325315863691,True,True,1.2561354738227124e-05,82.67445165014385,256,Xm10_Yp0_Z55__Q0004,2.8631,3.267118352394919e-17,11.7927,11.7245,12.14245,3,0.0128178571909803,True,1.2616223712195588e-05,256.0
X-10_Y+0_Z55,fixed_nearest,8,45.0,-236.0333315643445,0.1278393177208504,True,True,1.4699217548082018e-05,96.74511832514092,1,,2.8631,3.267118352394919e-17,0.5535,0.4499999999999999,0.6766,3,,,,
X-10_Y+0_Z55,best_offset,8,45.0,-236.18343472493615,0.1727149877207562,True,True,1.451935079927709e-05,95.56129817696156,256,,2.8631,3.267118352394919e-17,29.1851,28.79995,29.84005,3,,,,
X-10_Y+0_Z55,mechanics_offset,8,45.0,-233.70716036927047,0.0274023276911004,True,True,1.4159003209291929e-05,93.18961613897154,256,Xm10_Yp0_Z55__Q0008,2.8631,3.267118352394919e-17,13.4545,12.9905,13.8637,3,0.025947429655596,True,1.4227404713679685e-05,256.0
X-10_Y+0_Z55,fixed_nearest,10,36.0,-239.50274243399664,0.0387055463958006,True,True,1.4682806796428655e-05,96.63710848684065,1,,2.8631,3.267118352394919e-17,0.5438,0.4499499999999999,0.62035,3,,,,
X-10_Y+0_Z55,best_offset,10,36.0,-240.0511643151081,0.0747559839442467,True,True,1.471964513901042e-05,96.8795655972492,256,,2.8631,3.267118352394919e-17,27.1876,27.10155,27.20135,3,,,,
X-10_Y+0_Z55,mechanics_offset,10,36.0,-239.54828920433695,0.0051566353160839,True,True,1.4750126379493069e-05,97.08018248094012,256,Xm10_Yp0_Z55__Q0010,2.8631,3.267118352394919e-17,12.9136,12.77965,12.913999999999998,3,0.0050615045704824,True,1.4820148265743518e-05,256.0
X-10_Y+0_Z55,fixed_nearest,16,22.5,-244.53315029694133,0.0513605775235511,True,True,1.5013249352611072e-05,98.81196603235,1,,2.8631,3.267118352394919e-17,0.601,0.5014,0.68475,3,,,,
X-10_Y+0_Z55,best_offset,16,22.5,-244.77905392823004,0.0227325654895536,True,True,1.5049304734221068e-05,99.04926996697831,256,,2.8631,3.267118352394919e-17,27.1538,27.12685,27.6626,3,,,,
X-10_Y+0_Z55,mechanics_offset,16,22.5,-244.6020066162833,0.0104981098816332,True,True,1.5014601306853748e-05,98.82086412320078,256,Xm10_Yp0_Z55__Q0016,2.8631,3.267118352394919e-17,12.2758,12.18715,12.61465,3,0.0102034130714373,True,1.5084964100497144e-05,256.0
X-10_Y+0_Z55,fixed_nearest,32,11.25,-246.85632172974945,0.0343988435253029,True,True,1.5093475568906367e-05,99.3399869805997,1,,2.8631,3.267118352394919e-17,0.6262,0.51515,0.7157,3,,,,
X-10_Y+0_Z55,best_offset,32,11.25,-246.890216450112,0.0353923235815158,True,True,1.5177264158842568e-05,99.89145422850991,256,,2.8631,3.267118352394919e-17,27.0693,26.7735,27.5424,3,,,,
X-10_Y+0_Z55,mechanics_offset,32,11.25,-246.88947524222425,0.0040653061260401,True,True,1.5167813975292165e-05,99.82925641949134,256,Xm10_Yp0_Z55__Q0032,2.8631,3.267118352394919e-17,11.8139,11.7681,11.87265,3,0.0039813431458643,True,1.524135444288115e-05,256.0
X-10_Y+0_Z55,fixed_nearest,128,2.8125,-247.6254674526513,0.0032916001927593,True,True,1.5196518449367382e-05,100.0181792469673,1,,2.8631,3.267118352394919e-17,0.5301,0.4398499999999999,0.61095,3,,,,
X-10_Y+0_Z55,best_offset,128,2.8125,-247.6260609714218,0.001384068369529,True,True,1.5193147678491325e-05,99.99599400981542,256,,2.8631,3.267118352394919e-17,27.3403,26.69425,27.4634,3,,,,
X-10_Y+0_Z55,mechanics_offset,128,2.8125,-247.62490826555472,0.000926551816557,True,True,1.519631003159408e-05,100.0168075139432,256,Xm10_Yp0_Z55__Q0128,2.8631,3.267118352394919e-17,12.8751,12.70885,13.034949999999998,3,0.0009105539493539,True,1.5270633768552613e-05,256.0
X-10_Y+0_Z55,fixed_nearest,2048,0.17578125,-247.67049042168784,0.0008211017815268,True,True,1.5194310382266384e-05,100.00364652015668,1,,2.8631,3.267118352394919e-17,0.5361,0.45725,0.62025,3,,,,
X-10_Y+0_Z55,best_offset,2048,0.17578125,-247.67049846464417,0.0004834403130114,True,True,1.5193543112638228e-05,99.99859661932216,256,,2.8631,3.267118352394919e-17,28.6461,28.28755,28.7705,3,,,,
X-10_Y+0_Z55,mechanics_offset,2048,0.17578125,-247.6704933598382,4.578439147845564e-05,True,True,1.5194268570989875e-05,100.00337133293128,256,Xm10_Yp0_Z55__Q2048,2.8631,3.267118352394919e-17,12.2328,12.21015,12.317049999999998,3,4.568657560248772e-05,True,1.5268325926365625e-05,256.0
X+0_Y+10_Z55,fixed_nearest,4,90.0,-171.37077463766525,0.2417681950752171,True,True,1.2484941325101244e-05,82.20593076018488,1,,2.6241,3.08393987515275e-17,0.5869,0.47065,0.7162,3,,,,
X+0_Y+10_Z55,best_offset,4,90.0,-172.87164599649452,0.6133994847576609,True,True,1.2107979637108228e-05,79.72386171272423,256,,2.6241,3.08393987515275e-17,27.3482,26.7509,28.72375,3,,,,
X+0_Y+10_Z55,mechanics_offset,4,90.0,-170.9593184656581,0.0110684341343638,True,True,1.254089174966216e-05,82.5743311080672,256,Xp0_Yp10_Z55__Q0004,2.6241,3.08393987515275e-17,12.7902,12.291049999999998,12.7987,3,0.00917248495296,True,1.2605293679504152e-05,256.0
X+0_Y+10_Z55,fixed_nearest,8,45.0,-198.0425072676747,0.0688242237874413,True,True,1.445600845568186e-05,95.18423829411095,1,,2.6241,3.08393987515275e-17,0.6824,0.55385,0.70645,3,,,,
X+0_Y+10_Z55,best_offset,8,45.0,-198.47407649810464,0.095437801293423,True,True,1.465457919523661e-05,96.49170879331284,256,,2.6241,3.08393987515275e-17,26.8261,26.592,26.85445,3,,,,
X+0_Y+10_Z55,mechanics_offset,8,45.0,-197.56582752634853,0.0225974810762543,True,True,1.4420188257677324e-05,94.94838354395232,256,Xp0_Yp10_Z55__Q0008,2.6241,3.08393987515275e-17,12.7612,12.52975,12.7928,3,0.0213631731037409,True,1.4486083365554145e-05,256.0
X+0_Y+10_Z55,fixed_nearest,10,36.0,-201.3291924465337,0.1127792710153708,True,True,1.4666288951231592e-05,96.5688105886258,1,,2.6241,3.08393987515275e-17,0.6784,0.59605,0.6859,3,,,,
X+0_Y+10_Z55,best_offset,10,36.0,-201.76149911304492,0.0472672034867449,True,True,1.471964513901353e-05,96.9201294265935,256,,2.6241,3.08393987515275e-17,26.6065,26.242,27.12395,3,,,,
X+0_Y+10_Z55,mechanics_offset,10,36.0,-201.5677030861548,0.0041564143151958,True,True,1.4660746221286649e-05,96.53231500068416,256,Xp0_Yp10_Z55__Q0010,2.6241,3.08393987515275e-17,12.9214,12.66885,13.33655,3,0.0039680789544859,True,1.473546194524398e-05,256.0
X+0_Y+10_Z55,fixed_nearest,16,22.5,-205.1682163466897,0.0308099545088162,True,True,1.4886805895911715e-05,98.02078382692812,1,,2.6241,3.08393987515275e-17,0.5685,0.4522,0.67035,3,,,,
X+0_Y+10_Z55,best_offset,16,22.5,-205.72988514595843,0.0284985518101291,True,True,1.5051855861931883e-05,99.10753992175624,256,,2.6241,3.08393987515275e-17,27.1881,26.42545,27.9294,3,,,,
X+0_Y+10_Z55,mechanics_offset,16,22.5,-205.53639177564747,0.0128543971912173,True,True,1.5007437440943053e-05,98.81507097495042,256,Xp0_Yp10_Z55__Q0016,2.6241,3.08393987515275e-17,12.0435,12.03665,12.3704,3,0.0125213779049175,True,1.5088065460615136e-05,256.0
X+0_Y+10_Z55,fixed_nearest,32,11.25,-207.48909092274425,0.0293387878664488,True,True,1.517099485967026e-05,99.8919995314484,1,,2.6241,3.08393987515275e-17,0.5805,0.48875,0.6941999999999999,3,,,,
X+0_Y+10_Z55,best_offset,32,11.25,-207.502940534189,0.0324140410579574,True,True,1.5174014915781943e-05,99.91188480901154,256,,2.6241,3.08393987515275e-17,27.191,26.37155,28.40325,3,,,,
X+0_Y+10_Z55,mechanics_offset,32,11.25,-207.47570338762637,0.0061145030263881,True,True,1.511459757126932e-05,99.52065685032352,256,Xp0_Yp10_Z55__Q0032,2.6241,3.08393987515275e-17,12.3525,12.1664,12.44925,3,0.0060398918013652,True,1.5188626719891862e-05,256.0
X+0_Y+10_Z55,fixed_nearest,128,2.8125,-208.11616008322125,0.0102066157287755,True,True,1.518370251623843e-05,99.97567190993745,1,,2.6241,3.08393987515275e-17,0.5666,0.48695,0.6368,3,,,,
X+0_Y+10_Z55,best_offset,128,2.8125,-208.122477854548,0.0017724607948813,True,True,1.5179342532888096e-05,99.94696400654564,256,,2.6241,3.08393987515275e-17,27.8221,27.6158,29.4683,3,,,,
X+0_Y+10_Z55,mechanics_offset,128,2.8125,-208.12244345342117,0.0006988638527434,True,True,1.5180544534744732e-05,99.95487847557096,256,Xp0_Yp10_Z55__Q0128,2.6241,3.08393987515275e-17,12.6588,12.48675,14.78565,3,0.0006840923292047,True,1.525491962016279e-05,256.0
X+0_Y+10_Z55,fixed_nearest,2048,0.17578125,-208.1596852638999,0.0003754937051854,True,True,1.5187109018901822e-05,99.9981017087478,1,,2.6241,3.08393987515275e-17,0.5343,0.46395,0.6336999999999999,3,,,,
X+0_Y+10_Z55,best_offset,2048,0.17578125,-208.159705377332,0.0002800294056957,True,True,1.5187327493258708e-05,99.99954023275744,256,,2.6241,3.08393987515275e-17,27.5504,27.45315,28.0133,3,,,,
X+0_Y+10_Z55,mechanics_offset,2048,0.17578125,-208.1596848756933,3.2380899997475164e-05,True,True,1.5187317303881794e-05,99.99947314175624,256,Xp0_Yp10_Z55__Q2048,2.6241,3.08393987515275e-17,12.7109,12.60805,13.13595,3,3.184796330547029e-05,True,1.526136325137851e-05,256.0
X+0_Y-10_Z55,fixed_nearest,4,90.0,-227.23046399355704,1.1595875346639877,True,True,1.2273855226052903e-05,80.77174268741854,1,,2.5837,3.327965426315325e-17,0.6722,0.5518000000000001,0.70615,3,,,,
X+0_Y-10_Z55,best_offset,4,90.0,-228.2285057847195,0.4985566620977624,True,True,1.2040700525653238e-05,79.23739906675485,256,,2.5837,3.327965426315325e-17,27.969,26.6812,28.0739,3,,,,
X+0_Y-10_Z55,mechanics_offset,4,90.0,-225.568400014619,0.0145038649916437,True,True,1.256135473822764e-05,82.66371845154883,256,Xp0_Ym10_Z55__Q0004,2.5837,3.327965426315325e-17,12.8082,12.5016,12.83425,3,0.0118479945606042,True,1.2621172320175165e-05,256.0
X+0_Y-10_Z55,fixed_nearest,8,45.0,-261.8542971868769,0.1358516490338593,True,True,1.45548646501931e-05,95.78260136881735,1,,2.5837,3.327965426315325e-17,0.5432,0.4376,0.6187499999999999,3,,,,
X+0_Y-10_Z55,best_offset,8,45.0,-262.05335274125764,0.1642882080414198,True,True,1.451935079927678e-05,95.54889194539484,256,,2.5837,3.327965426315325e-17,27.8883,27.6127,28.7315,3,,,,
X+0_Y-10_Z55,mechanics_offset,8,45.0,-260.73809645812054,0.0246440026776182,True,True,1.4430179572338438e-05,94.9620742532571,256,Xp0_Ym10_Z55__Q0008,2.5837,3.327965426315325e-17,13.3671,13.308799999999998,13.45695,3,0.0236353093615913,True,1.448561990416147e-05,256.0
X+0_Y-10_Z55,fixed_nearest,10,36.0,-265.75248682441577,0.099119076842012,True,True,1.4670056735988917e-05,96.54065703610084,1,,2.5837,3.327965426315325e-17,0.5519999999999999,0.45285,0.6386499999999999,3,,,,
X+0_Y-10_Z55,best_offset,10,36.0,-266.328565910207,0.0832914555872596,True,True,1.4719645139006211e-05,96.86698822178172,256,,2.5837,3.327965426315325e-17,26.7676,26.4096,27.5273,3,,,,
X+0_Y-10_Z55,mechanics_offset,10,36.0,-265.7738427612753,0.0050694901411964,True,True,1.4750126379492975e-05,97.06757906044211,256,Xp0_Ym10_Z55__Q0010,2.5837,3.327965426315325e-17,12.8167,12.732499999999998,12.8383,3,0.0047457103159041,True,1.4826320591734324e-05,256.0
X+0_Y-10_Z55,fixed_nearest,16,22.5,-271.4167779200709,0.0381040807232296,True,True,1.50449510047718e-05,99.00775990275712,1,,2.5837,3.327965426315325e-17,0.6053999999999999,0.4908999999999999,0.8020499999999999,3,,,,
X+0_Y-10_Z55,best_offset,16,22.5,-271.57749089256384,0.0312967936972839,True,True,1.5037107108642062e-05,98.95614081908786,256,,2.5837,3.327965426315325e-17,26.2932,26.08545,27.3706,3,,,,
X+0_Y-10_Z55,mechanics_offset,16,22.5,-271.3757253431055,0.0127053149745799,True,True,1.502723124247553e-05,98.89114975424904,256,Xp0_Ym10_Z55__Q0016,2.5837,3.327965426315325e-17,12.6853,12.40605,12.77145,3,0.0123412101102473,True,1.5099598003738127e-05,256.0
X+0_Y-10_Z55,fixed_nearest,32,11.25,-273.88212353269046,0.0888800549477444,True,True,1.5219006304967891e-05,100.15318240138484,1,,2.5837,3.327965426315325e-17,0.5419999999999999,0.44265,0.6258999999999999,3,,,,
X+0_Y-10_Z55,best_offset,32,11.25,-273.9214686179357,0.0271504911630708,True,True,1.5177264158843597e-05,99.87848583507568,256,,2.5837,3.327965426315325e-17,28.816,28.4163,29.25825,3,,,,
X+0_Y-10_Z55,mechanics_offset,32,11.25,-273.91795466654054,0.0040337774045823,True,True,1.5174989622849457e-05,99.86351757671932,256,Xp0_Ym10_Z55__Q0032,2.5837,3.327965426315325e-17,12.1154,11.9572,12.67025,3,0.0040421399279272,True,1.5246069761500007e-05,256.0
X+0_Y-10_Z55,fixed_nearest,128,2.8125,-274.72320789868166,0.0175460253987224,True,True,1.5187791932178375e-05,99.94776696828175,1,,2.5837,3.327965426315325e-17,0.5516,0.4453,0.62985,3,,,,
X+0_Y-10_Z55,best_offset,128,2.8125,-274.73560420300873,0.0020756910302199,True,True,1.5197476723607215e-05,100.01150060916838,256,,2.5837,3.327965426315325e-17,27.8525,26.8093,27.9064,3,,,,
X+0_Y-10_Z55,mechanics_offset,128,2.8125,-274.73505571710984,0.0020953398091629,True,True,1.5191623500767523e-05,99.97298174118498,256,Xp0_Ym10_Z55__Q0128,2.5837,3.327965426315325e-17,12.5915,12.19925,13.282,3,0.002066269960139,True,1.526510353975056e-05,256.0
X+0_Y-10_Z55,fixed_nearest,2048,0.17578125,-274.7850643043419,0.0003445162030509,True,True,1.5195700624385356e-05,99.999812461745,1,,2.5837,3.327965426315325e-17,0.5761999999999999,0.4726499999999999,0.68275,3,,,,
X+0_Y-10_Z55,best_offset,2048,0.17578125,-274.7851094572829,0.0004340976656836,True,True,1.519565900207257e-05,99.99953855377748,256,,2.5837,3.327965426315325e-17,29.3148,28.64965,29.3778,3,,,,
X+0_Y-10_Z55,mechanics_offset,2048,0.17578125,-274.7850650185334,4.345039683547957e-05,True,True,1.5195995606881876e-05,100.0017536815058,256,Xp0_Ym10_Z55__Q2048,2.5837,3.327965426315325e-17,12.2373,12.09575,12.61055,3,4.229189957738268e-05,True,1.52700798727289e-05,256.0
