run_id,seed,ablation,gamma_uniformity,std_scale_multiplier,stage_index,stage_factor,maxiter,iterations,nfev,njev,runtime_sec,objective,gradient_norm,success,status,message,force_epsilon,uniformity_epsilon,gradient_inf_norm
STD_GFE_gamma1_eps1_seed260869,260869,GFE,1.0,1.0,0,0.05,250,250,287,287,1.5092451999953482,-0.025263699702974096,0.012892523244950379,False,1,Maximum number of iterations has been exceeded.,6.467464577569612e-08,0.0005633276970247384,0.0036548613415339753
STD_GFE_gamma1_eps1_seed260869,260869,GFE,1.0,1.0,1,0.01,29750,2232,2283,2283,12.575450400006957,-0.049648932268266825,2.921422150885048e-08,True,0,Optimization terminated successfully.,1.2934929155139225e-08,0.00011266553940494768,8.04698555354391e-09
STD_FE_gamma1_eps1_seed260869,260869,FE,1.0,1.0,0,0.05,250,250,293,293,1.4553802000009455,-0.019101220912277207,0.011316669851080718,False,1,Maximum number of iterations has been exceeded.,1.523759806889276e-08,0.0005715670427457971,0.004017088400458547
STD_FE_gamma1_eps1_seed260869,260869,FE,1.0,1.0,1,0.01,29750,3419,3517,3517,19.563461500001722,-0.05047948340067951,3.793737215887195e-08,True,0,Optimization terminated successfully.,3.047519613778552e-09,0.0001143134085491594,9.860947602826153e-09
STD_GFE_gamma0.3_eps1_seed260869,260869,GFE,0.3,1.0,0,0.05,250,250,293,293,1.5017006999987643,-0.03005368860115605,0.013062378534892978,False,1,Maximum number of iterations has been exceeded.,6.467464577569612e-08,0.0005633276970247384,0.0041304817365226155
STD_GFE_gamma0.3_eps1_seed260869,260869,GFE,0.3,1.0,1,0.01,29750,1997,2038,2038,11.337597999998252,-0.049649067914067764,2.854015092515441e-08,True,0,Optimization terminated successfully.,1.2934929155139225e-08,0.00011266553940494768,8.774949029996293e-09
STD_GFE_gamma1_eps0.1_seed260869,260869,GFE,1.0,0.1,0,0.05,250,250,304,304,1.5281824999983655,-0.023672946802825785,0.028594150133408453,False,1,Maximum number of iterations has been exceeded.,6.467464577569612e-08,5.633276970247384e-05,0.00878413565886233
STD_GFE_gamma1_eps0.1_seed260869,260869,GFE,1.0,0.1,1,0.01,29750,3223,3337,3337,18.564042600002722,-0.049648879938834344,3.776022368164293e-08,True,0,Optimization terminated successfully.,1.2934929155139225e-08,1.1266553940494769e-05,8.887479876782474e-09
STD_GFE_gamma1_eps0_seed260869,260869,GFE,1.0,0.0,0,0.05,250,250,339,339,1.5927653999970062,-0.02127670887720705,0.026819426896374184,False,1,Maximum number of iterations has been exceeded.,6.467464577569612e-08,0.0,0.00939536130157724
STD_GFE_gamma1_eps0_seed260869,260869,GFE,1.0,0.0,1,0.01,29750,25477,28127,28116,155.51992409999366,-0.04963700013026554,0.005458508161479429,False,2,Desired error not necessarily achieved due to precision loss.,1.2934929155139225e-08,0.0,0.0017416202171686493
STD_GFE_gamma1_eps10_seed260869,260869,GFE,1.0,10.0,0,0.05,250,250,290,290,1.5392977000010433,-0.025991862418667914,0.014896717579577692,False,1,Maximum number of iterations has been exceeded.,6.467464577569612e-08,0.005633276970247384,0.003970104532156258
STD_GFE_gamma1_eps10_seed260869,260869,GFE,1.0,10.0,1,0.01,29750,2359,2424,2424,13.487944399996195,-0.04964944941854467,3.3431207598429154e-08,True,0,Optimization terminated successfully.,1.2934929155139225e-08,0.0011266553940494767,9.468428049254867e-09
STD_GFE_gamma3_eps1_seed260869,260869,GFE,3.0,1.0,0,0.05,250,250,297,297,1.5327378999936627,-0.02269323403575982,0.02379127879223195,False,1,Maximum number of iterations has been exceeded.,6.467464577569612e-08,0.0005633276970247384,0.00697713989542647
STD_GFE_gamma3_eps1_seed260869,260869,GFE,3.0,1.0,1,0.01,29750,2670,2757,2757,15.166085299992119,-0.04964889351219079,3.721463410088803e-08,True,0,Optimization terminated successfully.,1.2934929155139225e-08,0.00011266553940494768,9.135959796978535e-09
STD_No_force_smoothing_gamma1_eps1_seed260869,260869,No force smoothing,1.0,1.0,0,0.05,250,250,310,310,1.5664227999950526,-0.024156415499044414,0.008379054779219582,False,1,Maximum number of iterations has been exceeded.,0.0,0.0005633276970247384,0.0024411210150210635
STD_No_force_smoothing_gamma1_eps1_seed260869,260869,No force smoothing,1.0,1.0,1,0.01,29750,9043,9463,9451,53.04619660000026,-0.04964090992964736,0.008126733359969709,False,2,Desired error not necessarily achieved due to precision loss.,0.0,0.00011266553940494768,0.0014865090467459966
STD_No_pressure_gamma1_eps1_seed260869,260869,No pressure,1.0,1.0,0,0.05,250,250,277,277,1.5248540000029607,-0.031702353529649556,0.004220503474235003,False,1,Maximum number of iterations has been exceeded.,6.467464577569612e-08,6.935575101567343e-05,0.0008036824086520413
STD_No_pressure_gamma1_eps1_seed260869,260869,No pressure,1.0,1.0,1,0.01,29750,1699,1757,1757,9.805736800000886,-0.05095068656398968,5.103636150589008e-08,True,0,Optimization terminated successfully.,1.2934929155139225e-08,1.3871150203134686e-05,9.829222724860951e-09
STD_No_uniformity_gamma1_eps1_seed260869,260869,No uniformity,1.0,1.0,0,0.05,250,250,291,291,1.4913860999949975,-0.030239857167863652,0.012611838380667711,False,1,Maximum number of iterations has been exceeded.,6.467464577569612e-08,0.0,0.003647142756609744
STD_No_uniformity_gamma1_eps1_seed260869,260869,No uniformity,1.0,1.0,1,0.01,29750,2067,2133,2133,11.853528399995412,-0.04969504113656593,2.4548353139962334e-08,True,0,Optimization terminated successfully.,1.2934929155139225e-08,0.0,6.307674659932622e-09
STD_GFE_gamma1_eps1_seed260870,260870,GFE,1.0,1.0,0,0.05,250,250,300,300,1.577341800002614,-0.0186250765423094,0.018959832563659098,False,1,Maximum number of iterations has been exceeded.,5.1198535625620806e-08,0.00018883894902693417,0.007383634858624122
STD_GFE_gamma1_eps1_seed260870,260870,GFE,1.0,1.0,1,0.01,29750,3092,3192,3192,18.278646500009927,-0.04554830032213315,3.0438500456076246e-08,True,0,Optimization terminated successfully.,1.023970712512416e-08,3.776778980538683e-05,9.35523497127817e-09
STD_FE_gamma1_eps1_seed260870,260870,FE,1.0,1.0,0,0.05,250,250,285,285,1.6045548999973107,-0.019598208789111227,0.0231459600511021,False,1,Maximum number of iterations has been exceeded.,2.758495867319493e-08,0.00021541560587238695,0.006109712196108416
STD_FE_gamma1_eps1_seed260870,260870,FE,1.0,1.0,1,0.01,29750,4525,4629,4629,28.99913959999685,-0.050479879294609294,3.3520265053770327e-08,True,0,Optimization terminated successfully.,5.516991734638986e-09,4.308312117447739e-05,9.23170942529735e-09
STD_GFE_gamma0.3_eps1_seed260870,260870,GFE,0.3,1.0,0,0.05,250,250,298,298,1.5004230000049574,-0.021997475883166175,0.012715975040646785,False,1,Maximum number of iterations has been exceeded.,5.1198535625620806e-08,0.00018883894902693417,0.004764445530420309
STD_GFE_gamma0.3_eps1_seed260870,260870,GFE,0.3,1.0,1,0.01,29750,3931,4077,4067,22.83576180000091,-0.04964731460771823,3.607901741569357e-08,False,2,Desired error not necessarily achieved due to precision loss.,1.023970712512416e-08,3.776778980538683e-05,1.3841130999224115e-08
STD_GFE_gamma1_eps0.1_seed260870,260870,GFE,1.0,0.1,0,0.05,250,250,313,313,1.6713561999931699,-0.018250182050349006,0.02830730777019549,False,1,Maximum number of iterations has been exceeded.,5.1198535625620806e-08,1.8883894902693418e-05,0.009980902218489171
STD_GFE_gamma1_eps0.1_seed260870,260870,GFE,1.0,0.1,1,0.01,29750,4880,5048,5047,29.373429700004635,-0.045542970153969665,3.088414486020814e-08,True,0,Optimization terminated successfully.,1.023970712512416e-08,3.776778980538683e-06,9.197283075573385e-09
STD_GFE_gamma1_eps0_seed260870,260870,GFE,1.0,0.0,0,0.05,250,250,345,345,1.6858457000053022,-0.017654761026161394,0.01955722951177088,False,1,Maximum number of iterations has been exceeded.,5.1198535625620806e-08,0.0,0.007006527013838004
STD_GFE_gamma1_eps0_seed260870,260870,GFE,1.0,0.0,1,0.01,29750,29750,32648,32648,204.7814425000106,-0.04820234092951611,0.005933323418564803,False,1,Maximum number of iterations has been exceeded.,1.023970712512416e-08,0.0,0.001514937572613654
STD_GFE_gamma1_eps10_seed260870,260870,GFE,1.0,10.0,0,0.05,250,250,294,294,1.633805299992673,-0.021036761611527715,0.012881308366454063,False,1,Maximum number of iterations has been exceeded.,5.1198535625620806e-08,0.0018883894902693417,0.004241622075070953
STD_GFE_gamma1_eps10_seed260870,260870,GFE,1.0,10.0,1,0.01,29750,2749,2807,2807,16.77972229999432,-0.04964744363890608,3.208769856543325e-08,True,0,Optimization terminated successfully.,1.023970712512416e-08,0.0003776778980538683,8.010468256497704e-09
STD_GFE_gamma3_eps1_seed260870,260870,GFE,3.0,1.0,0,0.05,250,250,297,297,1.606956799994805,-0.0130513075380334,0.032678623585070135,False,1,Maximum number of iterations has been exceeded.,5.1198535625620806e-08,0.00018883894902693417,0.012964722893705358
STD_GFE_gamma3_eps1_seed260870,260870,GFE,3.0,1.0,1,0.01,29750,4596,4780,4779,27.418361300005927,-0.049647256070165895,3.0205971147392785e-08,True,0,Optimization terminated successfully.,1.023970712512416e-08,3.776778980538683e-05,9.852132405764467e-09
STD_No_force_smoothing_gamma1_eps1_seed260870,260870,No force smoothing,1.0,1.0,0,0.05,250,250,293,293,1.641118200001074,-0.019290675244072016,0.013934334569397591,False,1,Maximum number of iterations has been exceeded.,0.0,0.00018883894902693417,0.004850559219581079
STD_No_force_smoothing_gamma1_eps1_seed260870,260870,No force smoothing,1.0,1.0,1,0.01,29750,29750,30687,30687,203.7700041000062,-0.049505608465675505,0.007338270544428395,False,1,Maximum number of iterations has been exceeded.,0.0,3.776778980538683e-05,0.0013723545159687529
STD_No_pressure_gamma1_eps1_seed260870,260870,No pressure,1.0,1.0,0,0.05,250,250,280,280,1.5308912000036798,-0.023488758464415282,0.004474753752674633,False,1,Maximum number of iterations has been exceeded.,5.1198535625620806e-08,6.126288391464856e-05,0.0013120876718696727
STD_No_pressure_gamma1_eps1_seed260870,260870,No pressure,1.0,1.0,1,0.01,29750,3336,3457,3457,20.48445439999341,-0.05094907856128744,4.823104273330661e-08,True,0,Optimization terminated successfully.,1.023970712512416e-08,1.225257678292971e-05,9.875251852005677e-09
STD_No_uniformity_gamma1_eps1_seed260870,260870,No uniformity,1.0,1.0,0,0.05,250,250,296,296,1.6506634000106715,-0.025624536460935154,0.010109169968144939,False,1,Maximum number of iterations has been exceeded.,5.1198535625620806e-08,0.0,0.0031573961294308673
STD_No_uniformity_gamma1_eps1_seed260870,260870,No uniformity,1.0,1.0,1,0.01,29750,2997,3088,3079,19.18428019998828,-0.049693311341365655,4.627137051577686e-08,False,2,Desired error not necessarily achieved due to precision loss.,1.023970712512416e-08,0.0,1.2874615376839288e-08
STD_GFE_gamma1_eps1_seed260871,260871,GFE,1.0,1.0,0,0.05,250,250,306,306,1.884585199994035,-0.03517958382726689,0.011539097675938945,False,1,Maximum number of iterations has been exceeded.,6.108055262935204e-08,0.0018362793624443652,0.005643837836448303
STD_GFE_gamma1_eps1_seed260871,260871,GFE,1.0,1.0,1,0.01,29750,1813,1864,1864,12.098141300011775,-0.04964863024891083,3.5614781226631975e-08,True,0,Optimization terminated successfully.,1.2216110525870408e-08,0.00036725587248887307,9.691951344881547e-09
STD_FE_gamma1_eps1_seed260871,260871,FE,1.0,1.0,0,0.05,250,250,296,296,1.689792999997735,-0.026059734836822605,0.011639160587090525,False,1,Maximum number of iterations has been exceeded.,1.8255424908216542e-08,0.0018796079452960439,0.004830971830384791
STD_FE_gamma1_eps1_seed260871,260871,FE,1.0,1.0,1,0.01,29750,2132,2186,2186,13.779172900001868,-0.05047969206715773,3.3393382323347174e-08,True,0,Optimization terminated successfully.,3.6510849816433085e-09,0.0003759215890592087,9.65797580038664e-09
STD_GFE_gamma0.3_eps1_seed260871,260871,GFE,0.3,1.0,0,0.05,250,250,288,288,1.6635859999951208,-0.0388981302746738,0.018343813313412925,False,1,Maximum number of iterations has been exceeded.,6.108055262935204e-08,0.0018362793624443652,0.004966388416466144
STD_GFE_gamma0.3_eps1_seed260871,260871,GFE,0.3,1.0,1,0.01,29750,1680,1735,1735,10.627696800002013,-0.049649067051573084,3.3636403785332894e-08,True,0,Optimization terminated successfully.,1.2216110525870408e-08,0.00036725587248887307,9.761871590189754e-09
STD_GFE_gamma1_eps0.1_seed260871,260871,GFE,1.0,0.1,0,0.05,250,250,305,305,2.2232714999991003,-0.03182500038935615,0.01673437341733493,False,1,Maximum number of iterations has been exceeded.,6.108055262935204e-08,0.00018362793624443653,0.006686484886410173
STD_GFE_gamma1_eps0.1_seed260871,260871,GFE,1.0,0.1,1,0.01,29750,2035,2122,2122,16.449981700003264,-0.04964846025468048,2.1118116846428607e-08,True,0,Optimization terminated successfully.,1.2216110525870408e-08,3.672558724888731e-05,8.523542772296752e-09
STD_GFE_gamma1_eps0_seed260871,260871,GFE,1.0,0.0,0,0.05,250,250,342,342,1.8306564999948023,-0.028934999696672913,0.02656073391815821,False,1,Maximum number of iterations has been exceeded.,6.108055262935204e-08,0.0,0.010069792781618285
STD_GFE_gamma1_eps0_seed260871,260871,GFE,1.0,0.0,1,0.01,29750,23382,25768,25756,144.58810009999434,-0.04964598545456007,0.005070377999494176,False,2,Desired error not necessarily achieved due to precision loss.,1.2216110525870408e-08,0.0,0.0017891708969269473
STD_GFE_gamma1_eps10_seed260871,260871,GFE,1.0,10.0,0,0.05,250,250,296,296,1.969101700000465,-0.04163041604268715,0.011453108763176964,False,1,Maximum number of iterations has been exceeded.,6.108055262935204e-08,0.018362793624443652,0.0032986381738720053
STD_GFE_gamma1_eps10_seed260871,260871,GFE,1.0,10.0,1,0.01,29750,1685,1754,1754,13.696190399990883,-0.04965026673811054,3.725464773777373e-08,True,0,Optimization terminated successfully.,1.2216110525870408e-08,0.003672558724888731,9.612951593604133e-09
STD_GFE_gamma3_eps1_seed260871,260871,GFE,3.0,1.0,0,0.05,250,250,294,294,1.784916599994176,-0.030854977452525145,0.01037067232449202,False,1,Maximum number of iterations has been exceeded.,6.108055262935204e-08,0.0018362793624443652,0.003012247438284809
STD_GFE_gamma3_eps1_seed260871,260871,GFE,3.0,1.0,1,0.01,29750,1672,1733,1733,12.721829800007981,-0.049648504427504896,2.740606157888747e-08,True,0,Optimization terminated successfully.,1.2216110525870408e-08,0.00036725587248887307,9.846993278159687e-09
STD_No_force_smoothing_gamma1_eps1_seed260871,260871,No force smoothing,1.0,1.0,0,0.05,250,250,307,307,2.025061000007554,-0.035768931962568244,0.014033593331399417,False,1,Maximum number of iterations has been exceeded.,0.0,0.0018362793624443652,0.0053991778567508055
STD_No_force_smoothing_gamma1_eps1_seed260871,260871,No force smoothing,1.0,1.0,1,0.01,29750,12296,12929,12918,82.57036009999865,-0.049638593735061486,0.005399286877941098,False,2,Desired error not necessarily achieved due to precision loss.,0.0,0.00036725587248887307,0.0008913759159208204
STD_No_pressure_gamma1_eps1_seed260871,260871,No pressure,1.0,1.0,0,0.05,250,250,276,276,1.6392560999956913,-0.044735376401457666,0.004667713942562355,False,1,Maximum number of iterations has been exceeded.,6.108055262935204e-08,0.00014858364599154458,0.0011967106942578308
STD_No_pressure_gamma1_eps1_seed260871,260871,No pressure,1.0,1.0,1,0.01,29750,1331,1384,1384,9.032385600003181,-0.05095026978218575,2.8173101461809737e-08,True,0,Optimization terminated successfully.,1.2216110525870408e-08,2.9716729198308914e-05,6.4559384190414945e-09
STD_No_uniformity_gamma1_eps1_seed260871,260871,No uniformity,1.0,1.0,0,0.05,250,250,297,297,1.7305756999994628,-0.03617805790716833,0.017199714846055536,False,1,Maximum number of iterations has been exceeded.,6.108055262935204e-08,0.0,0.004972299749634539
STD_No_uniformity_gamma1_eps1_seed260871,260871,No uniformity,1.0,1.0,1,0.01,29750,1574,1622,1622,10.785089999990305,-0.04969458028729268,2.688893047644524e-08,True,0,Optimization terminated successfully.,1.2216110525870408e-08,0.0,9.77549622803095e-09
