seed,gamma_uniformity,std_scale_multiplier,ablation,sweep,run_id,nominal,task,method,alpha,alpha_factor,phase_content_id,initial_phase_content_id,native_success,native_status,native_message,iterations,evaluations,cap,gtol,terminal_gradient_l2,terminal_gradient_inf,command_time_s,command_timing_scope,local_loss_std_n_m,common_nominal_loss_std_n_m,common_nominal_loss_mean_n_m,terminal_uniformity_penalty_n_m,terminal_force_epsilon_n,terminal_uniformity_epsilon_n_m,initial_force_scale_n,initial_loss_std_scale_n_m,config_json,stages_json,cache_status,cache_source,evidence_status
260869,0.3,1.0,GFE,gamma,STD_GFE_gamma0.3_eps1_seed260869,False,Triple,GFE,3000.0,1.0,000000000000080f499b4fe370c91a33,000000000000080f2d7b5efbd5a31fd5,True,0,Optimization terminated successfully.,2247,2331,30000,1e-08,2.8540151501713183e-08,8.774950740938472e-09,12.95824690000154,native run_multitrap end-to-end; no pooled benchmark claim,1.2092500206296085e-05,1.2092500206296085e-05,-0.04964926204152842,6.470915355043645e-07,1.2934929155139225e-08,0.00011266553940494768,1.2934929155139224e-06,0.011266553940494767,"{""method"": ""Regularized-FE"", ""components"": {""force_smoothing"": true, ""pressure_retention"": true, ""uniformity"": true}, ""alpha_force"": 3000.0, ""beta_pressure"": 5e-05, ""gamma_uniformity"": 0.3, ""curvature_weight_override"": [[1.0, 0.0, 0.0], [0.0, 1.0, 0.0], [0.0, 0.0, 10.0]], ""pressure_epsilon_rel"": 0.001, ""smooth_stage_factors"": [0.05, 0.01], ""smooth_stage_maxiters"": [250, 29750], ""smooth_scale_floor"": 1e-20, ""gtol"": 1e-08, ""report_gradient_tol"": 0.001, ""compensate_effective_gravity"": true}","[{""stage_index"": 0, ""stage_factor"": 0.05, ""maxiter"": 250, ""iterations"": 250, ""nfev"": 293, ""njev"": 293, ""runtime_sec"": 1.5017006999987643, ""objective"": -0.03005368860115605, ""gradient_norm"": 0.013062378534892978, ""success"": false, ""status"": 1, ""message"": ""Maximum number of iterations has been exceeded."", ""force_epsilon"": 6.467464577569612e-08, ""uniformity_epsilon"": 0.0005633276970247384, ""gradient_inf_norm"": 0.0041304817365226155}, {""stage_index"": 1, ""stage_factor"": 0.01, ""maxiter"": 29750, ""iterations"": 1997, ""nfev"": 2038, ""njev"": 2038, ""runtime_sec"": 11.337597999998252, ""objective"": -0.049649067914067764, ""gradient_norm"": 2.854015092515441e-08, ""success"": true, ""status"": 0, ""message"": ""Optimization terminated successfully."", ""force_epsilon"": 1.2934929155139225e-08, ""uniformity_epsilon"": 0.00011266553940494768, ""gradient_inf_norm"": 8.774949029996293e-09}]",new,appendix_outputs\C_GFE\std_sensitivity\cache\C_STD_commands\00000000000004769583b2616fa477d1.pkl,SMOKE
260869,1.0,1.0,GFE,gamma,STD_GFE_gamma1_eps1_seed260869,True,Triple,GFE,3000.0,1.0,000000000000080f41d566cd4e7b05fe,000000000000080f2d7b5efbd5a31fd5,True,0,Optimization terminated successfully.,2482,2570,30000,1e-08,2.921422360633565e-08,8.046987238502506e-09,14.202243399995496,native run_multitrap end-to-end; no pooled benchmark claim,3.618998813753253e-06,3.618998813753253e-06,-0.049648990377320186,5.810905366887824e-08,1.2934929155139225e-08,0.00011266553940494768,1.2934929155139224e-06,0.011266553940494767,"{""method"": ""Regularized-FE"", ""components"": {""force_smoothing"": true, ""pressure_retention"": true, ""uniformity"": true}, ""alpha_force"": 3000.0, ""beta_pressure"": 5e-05, ""gamma_uniformity"": 1.0, ""curvature_weight_override"": [[1.0, 0.0, 0.0], [0.0, 1.0, 0.0], [0.0, 0.0, 10.0]], ""pressure_epsilon_rel"": 0.001, ""smooth_stage_factors"": [0.05, 0.01], ""smooth_stage_maxiters"": [250, 29750], ""smooth_scale_floor"": 1e-20, ""gtol"": 1e-08, ""report_gradient_tol"": 0.001, ""compensate_effective_gravity"": true}","[{""stage_index"": 0, ""stage_factor"": 0.05, ""maxiter"": 250, ""iterations"": 250, ""nfev"": 287, ""njev"": 287, ""runtime_sec"": 1.5092451999953482, ""objective"": -0.025263699702974096, ""gradient_norm"": 0.012892523244950379, ""success"": false, ""status"": 1, ""message"": ""Maximum number of iterations has been exceeded."", ""force_epsilon"": 6.467464577569612e-08, ""uniformity_epsilon"": 0.0005633276970247384, ""gradient_inf_norm"": 0.0036548613415339753}, {""stage_index"": 1, ""stage_factor"": 0.01, ""maxiter"": 29750, ""iterations"": 2232, ""nfev"": 2283, ""njev"": 2283, ""runtime_sec"": 12.575450400006957, ""objective"": -0.049648932268266825, ""gradient_norm"": 2.921422150885048e-08, ""success"": true, ""status"": 0, ""message"": ""Optimization terminated successfully."", ""force_epsilon"": 1.2934929155139225e-08, ""uniformity_epsilon"": 0.00011266553940494768, ""gradient_inf_norm"": 8.04698555354391e-09}]",new,appendix_outputs\C_GFE\std_sensitivity\cache\C_STD_commands\00000000000004762c10e54b6a5a77cf.pkl,SMOKE
260869,3.0,1.0,GFE,gamma,STD_GFE_gamma3_eps1_seed260869,False,Triple,GFE,3000.0,1.0,000000000000080f4f4bda39090c1957,000000000000080f2d7b5efbd5a31fd5,True,0,Optimization terminated successfully.,2920,3054,30000,1e-08,3.7214652091466874e-08,9.135959958487389e-09,16.814902600002824,native run_multitrap end-to-end; no pooled benchmark claim,1.2068085773953292e-06,1.2068085773953292e-06,-0.049648912901595864,6.4631349481569875e-09,1.2934929155139225e-08,0.00011266553940494768,1.2934929155139224e-06,0.011266553940494767,"{""method"": ""Regularized-FE"", ""components"": {""force_smoothing"": true, ""pressure_retention"": true, ""uniformity"": true}, ""alpha_force"": 3000.0, ""beta_pressure"": 5e-05, ""gamma_uniformity"": 3.0, ""curvature_weight_override"": [[1.0, 0.0, 0.0], [0.0, 1.0, 0.0], [0.0, 0.0, 10.0]], ""pressure_epsilon_rel"": 0.001, ""smooth_stage_factors"": [0.05, 0.01], ""smooth_stage_maxiters"": [250, 29750], ""smooth_scale_floor"": 1e-20, ""gtol"": 1e-08, ""report_gradient_tol"": 0.001, ""compensate_effective_gravity"": true}","[{""stage_index"": 0, ""stage_factor"": 0.05, ""maxiter"": 250, ""iterations"": 250, ""nfev"": 297, ""njev"": 297, ""runtime_sec"": 1.5327378999936627, ""objective"": -0.02269323403575982, ""gradient_norm"": 0.02379127879223195, ""success"": false, ""status"": 1, ""message"": ""Maximum number of iterations has been exceeded."", ""force_epsilon"": 6.467464577569612e-08, ""uniformity_epsilon"": 0.0005633276970247384, ""gradient_inf_norm"": 0.00697713989542647}, {""stage_index"": 1, ""stage_factor"": 0.01, ""maxiter"": 29750, ""iterations"": 2670, ""nfev"": 2757, ""njev"": 2757, ""runtime_sec"": 15.166085299992119, ""objective"": -0.04964889351219079, ""gradient_norm"": 3.721463410088803e-08, ""success"": true, ""status"": 0, ""message"": ""Optimization terminated successfully."", ""force_epsilon"": 1.2934929155139225e-08, ""uniformity_epsilon"": 0.00011266553940494768, ""gradient_inf_norm"": 9.135959796978535e-09}]",new,appendix_outputs\C_GFE\std_sensitivity\cache\C_STD_commands\0000000000000476ce5ac4ab6faa77d1.pkl,SMOKE
260869,1.0,0.0,GFE,epsilon_std,STD_GFE_gamma1_eps0_seed260869,False,Triple,GFE,3000.0,1.0,000000000000080faec5cd2ec71e1b85,000000000000080f2d7b5efbd5a31fd5,False,2,Desired error not necessarily achieved due to precision loss.,25727,28466,30000,1e-08,0.005458479518187707,0.0017416100635272503,157.24779520000448,native run_multitrap end-to-end; no pooled benchmark claim,1.3464364140845983e-14,1.3464364140845983e-14,-0.049637000130279336,1.3464364140845983e-14,1.2934929155139225e-08,0.0,1.2934929155139224e-06,0.011266553940494767,"{""method"": ""Regularized-FE"", ""components"": {""force_smoothing"": true, ""pressure_retention"": true, ""uniformity"": true}, ""alpha_force"": 3000.0, ""beta_pressure"": 5e-05, ""gamma_uniformity"": 1.0, ""curvature_weight_override"": [[1.0, 0.0, 0.0], [0.0, 1.0, 0.0], [0.0, 0.0, 10.0]], ""pressure_epsilon_rel"": 0.001, ""smooth_stage_factors"": [0.05, 0.01], ""smooth_stage_maxiters"": [250, 29750], ""smooth_scale_floor"": 1e-20, ""gtol"": 1e-08, ""report_gradient_tol"": 0.001, ""compensate_effective_gravity"": true}","[{""stage_index"": 0, ""stage_factor"": 0.05, ""maxiter"": 250, ""iterations"": 250, ""nfev"": 339, ""njev"": 339, ""runtime_sec"": 1.5927653999970062, ""objective"": -0.02127670887720705, ""gradient_norm"": 0.026819426896374184, ""success"": false, ""status"": 1, ""message"": ""Maximum number of iterations has been exceeded."", ""force_epsilon"": 6.467464577569612e-08, ""uniformity_epsilon"": 0.0, ""gradient_inf_norm"": 0.00939536130157724}, {""stage_index"": 1, ""stage_factor"": 0.01, ""maxiter"": 29750, ""iterations"": 25477, ""nfev"": 28127, ""njev"": 28116, ""runtime_sec"": 155.51992409999366, ""objective"": -0.04963700013026554, ""gradient_norm"": 0.005458508161479429, ""success"": false, ""status"": 2, ""message"": ""Desired error not necessarily achieved due to precision loss."", ""force_epsilon"": 1.2934929155139225e-08, ""uniformity_epsilon"": 0.0, ""gradient_inf_norm"": 0.0017416202171686493}]",new,appendix_outputs\C_GFE\std_sensitivity\cache\C_STD_commands\00000000000004761170ccfb6a5577ce.pkl,SMOKE
260869,1.0,0.1,GFE,epsilon_std,STD_GFE_gamma1_eps0.1_seed260869,False,Triple,GFE,3000.0,1.0,000000000000080f41f3b10d58b71424,000000000000080f2d7b5efbd5a31fd5,True,0,Optimization terminated successfully.,3473,3641,30000,1e-08,3.776021827910022e-08,8.887531448268271e-09,20.19731829999364,native run_multitrap end-to-end; no pooled benchmark claim,3.6230613738969337e-07,3.6230613738969337e-07,-0.049648885762789856,5.82395555132081e-09,1.2934929155139225e-08,1.1266553940494769e-05,1.2934929155139224e-06,0.011266553940494767,"{""method"": ""Regularized-FE"", ""components"": {""force_smoothing"": true, ""pressure_retention"": true, ""uniformity"": true}, ""alpha_force"": 3000.0, ""beta_pressure"": 5e-05, ""gamma_uniformity"": 1.0, ""curvature_weight_override"": [[1.0, 0.0, 0.0], [0.0, 1.0, 0.0], [0.0, 0.0, 10.0]], ""pressure_epsilon_rel"": 0.001, ""smooth_stage_factors"": [0.05, 0.01], ""smooth_stage_maxiters"": [250, 29750], ""smooth_scale_floor"": 1e-20, ""gtol"": 1e-08, ""report_gradient_tol"": 0.001, ""compensate_effective_gravity"": true}","[{""stage_index"": 0, ""stage_factor"": 0.05, ""maxiter"": 250, ""iterations"": 250, ""nfev"": 304, ""njev"": 304, ""runtime_sec"": 1.5281824999983655, ""objective"": -0.023672946802825785, ""gradient_norm"": 0.028594150133408453, ""success"": false, ""status"": 1, ""message"": ""Maximum number of iterations has been exceeded."", ""force_epsilon"": 6.467464577569612e-08, ""uniformity_epsilon"": 5.633276970247384e-05, ""gradient_inf_norm"": 0.00878413565886233}, {""stage_index"": 1, ""stage_factor"": 0.01, ""maxiter"": 29750, ""iterations"": 3223, ""nfev"": 3337, ""njev"": 3337, ""runtime_sec"": 18.564042600002722, ""objective"": -0.049648879938834344, ""gradient_norm"": 3.776022368164293e-08, ""success"": true, ""status"": 0, ""message"": ""Optimization terminated successfully."", ""force_epsilon"": 1.2934929155139225e-08, ""uniformity_epsilon"": 1.1266553940494769e-05, ""gradient_inf_norm"": 8.887479876782474e-09}]",new,appendix_outputs\C_GFE\std_sensitivity\cache\C_STD_commands\000000000000047610b2a6cc6a5877cf.pkl,SMOKE
260869,1.0,10.0,GFE,epsilon_std,STD_GFE_gamma1_eps10_seed260869,False,Triple,GFE,3000.0,1.0,000000000000080f516a2ad7f2d318ec,000000000000080f2d7b5efbd5a31fd5,True,0,Optimization terminated successfully.,2609,2714,30000,1e-08,3.343120533636499e-08,9.468425381568645e-09,15.13995789999899,native run_multitrap end-to-end; no pooled benchmark claim,3.5803605535625165e-05,3.5803605535625165e-05,-0.049650018170399275,5.687518550244724e-07,1.2934929155139225e-08,0.0011266553940494767,1.2934929155139224e-06,0.011266553940494767,"{""method"": ""Regularized-FE"", ""components"": {""force_smoothing"": true, ""pressure_retention"": true, ""uniformity"": true}, ""alpha_force"": 3000.0, ""beta_pressure"": 5e-05, ""gamma_uniformity"": 1.0, ""curvature_weight_override"": [[1.0, 0.0, 0.0], [0.0, 1.0, 0.0], [0.0, 0.0, 10.0]], ""pressure_epsilon_rel"": 0.001, ""smooth_stage_factors"": [0.05, 0.01], ""smooth_stage_maxiters"": [250, 29750], ""smooth_scale_floor"": 1e-20, ""gtol"": 1e-08, ""report_gradient_tol"": 0.001, ""compensate_effective_gravity"": true}","[{""stage_index"": 0, ""stage_factor"": 0.05, ""maxiter"": 250, ""iterations"": 250, ""nfev"": 290, ""njev"": 290, ""runtime_sec"": 1.5392977000010433, ""objective"": -0.025991862418667914, ""gradient_norm"": 0.014896717579577692, ""success"": false, ""status"": 1, ""message"": ""Maximum number of iterations has been exceeded."", ""force_epsilon"": 6.467464577569612e-08, ""uniformity_epsilon"": 0.005633276970247384, ""gradient_inf_norm"": 0.003970104532156258}, {""stage_index"": 1, ""stage_factor"": 0.01, ""maxiter"": 29750, ""iterations"": 2359, ""nfev"": 2424, ""njev"": 2424, ""runtime_sec"": 13.487944399996195, ""objective"": -0.04964944941854467, ""gradient_norm"": 3.3431207598429154e-08, ""success"": true, ""status"": 0, ""message"": ""Optimization terminated successfully."", ""force_epsilon"": 1.2934929155139225e-08, ""uniformity_epsilon"": 0.0011266553940494767, ""gradient_inf_norm"": 9.468428049254867e-09}]",new,appendix_outputs\C_GFE\std_sensitivity\cache\C_STD_commands\00000000000004770ac07d2de1c177ff.pkl,SMOKE
260869,1.0,1.0,No force smoothing,ablation,STD_No_force_smoothing_gamma1_eps1_seed260869,False,Triple,GFE,3000.0,1.0,000000000000080fec7413b214c51959,000000000000080f2d7b5efbd5a31fd5,False,2,Desired error not necessarily achieved due to precision loss.,9293,9773,30000,1e-08,0.008126716460418255,0.001486504851479552,54.73316519999935,native run_multitrap end-to-end; no pooled benchmark claim,3.5878722077295152e-06,3.587858699951993e-06,-0.049640967124648605,5.711402543788491e-08,0.0,0.00011266553940494768,1.2934929155139224e-06,0.011266553940494767,"{""method"": ""Regularized-FE"", ""components"": {""force_smoothing"": false, ""pressure_retention"": true, ""uniformity"": true}, ""alpha_force"": 3000.0, ""beta_pressure"": 5e-05, ""gamma_uniformity"": 1.0, ""curvature_weight_override"": [[1.0, 0.0, 0.0], [0.0, 1.0, 0.0], [0.0, 0.0, 10.0]], ""pressure_epsilon_rel"": 0.001, ""smooth_stage_factors"": [0.05, 0.01], ""smooth_stage_maxiters"": [250, 29750], ""smooth_scale_floor"": 1e-20, ""gtol"": 1e-08, ""report_gradient_tol"": 0.001, ""compensate_effective_gravity"": true}","[{""stage_index"": 0, ""stage_factor"": 0.05, ""maxiter"": 250, ""iterations"": 250, ""nfev"": 310, ""njev"": 310, ""runtime_sec"": 1.5664227999950526, ""objective"": -0.024156415499044414, ""gradient_norm"": 0.008379054779219582, ""success"": false, ""status"": 1, ""message"": ""Maximum number of iterations has been exceeded."", ""force_epsilon"": 0.0, ""uniformity_epsilon"": 0.0005633276970247384, ""gradient_inf_norm"": 0.0024411210150210635}, {""stage_index"": 1, ""stage_factor"": 0.01, ""maxiter"": 29750, ""iterations"": 9043, ""nfev"": 9463, ""njev"": 9451, ""runtime_sec"": 53.04619660000026, ""objective"": -0.04964090992964736, ""gradient_norm"": 0.008126733359969709, ""success"": false, ""status"": 2, ""message"": ""Desired error not necessarily achieved due to precision loss."", ""force_epsilon"": 0.0, ""uniformity_epsilon"": 0.00011266553940494768, ""gradient_inf_norm"": 0.0014865090467459966}]",new,appendix_outputs\C_GFE\std_sensitivity\cache\C_STD_commands\00000000000004770a7e38acd065781a.pkl,SMOKE
260869,1.0,1.0,No pressure,ablation,STD_No_pressure_gamma1_eps1_seed260869,False,Triple,GFE,3000.0,1.0,000000000000080f62fb89723689171a,000000000000080f2d7b5efbd5a31fd5,True,0,Optimization terminated successfully.,1949,2034,30000,1e-08,5.103638034411173e-08,9.829220495436353e-09,11.44140999999945,native run_multitrap end-to-end; no pooled benchmark claim,5.22710252164771e-07,0.01574860338044908,-0.0202947828700565,9.845221028583048e-09,1.2934929155139225e-08,1.3871150203134686e-05,1.2934929155139224e-06,0.0013871150203134685,"{""method"": ""Regularized-FE"", ""components"": {""force_smoothing"": true, ""pressure_retention"": false, ""uniformity"": true}, ""alpha_force"": 3000.0, ""beta_pressure"": 5e-05, ""gamma_uniformity"": 1.0, ""curvature_weight_override"": [[1.0, 0.0, 0.0], [0.0, 1.0, 0.0], [0.0, 0.0, 10.0]], ""pressure_epsilon_rel"": 0.001, ""smooth_stage_factors"": [0.05, 0.01], ""smooth_stage_maxiters"": [250, 29750], ""smooth_scale_floor"": 1e-20, ""gtol"": 1e-08, ""report_gradient_tol"": 0.001, ""compensate_effective_gravity"": true}","[{""stage_index"": 0, ""stage_factor"": 0.05, ""maxiter"": 250, ""iterations"": 250, ""nfev"": 277, ""njev"": 277, ""runtime_sec"": 1.5248540000029607, ""objective"": -0.031702353529649556, ""gradient_norm"": 0.004220503474235003, ""success"": false, ""status"": 1, ""message"": ""Maximum number of iterations has been exceeded."", ""force_epsilon"": 6.467464577569612e-08, ""uniformity_epsilon"": 6.935575101567343e-05, ""gradient_inf_norm"": 0.0008036824086520413}, {""stage_index"": 1, ""stage_factor"": 0.01, ""maxiter"": 29750, ""iterations"": 1699, ""nfev"": 1757, ""njev"": 1757, ""runtime_sec"": 9.805736800000886, ""objective"": -0.05095068656398968, ""gradient_norm"": 5.103636150589008e-08, ""success"": true, ""status"": 0, ""message"": ""Optimization terminated successfully."", ""force_epsilon"": 1.2934929155139225e-08, ""uniformity_epsilon"": 1.3871150203134686e-05, ""gradient_inf_norm"": 9.829222724860951e-09}]",new,appendix_outputs\C_GFE\std_sensitivity\cache\C_STD_commands\0000000000000477306b6425d2e1781a.pkl,SMOKE
260869,1.0,1.0,No uniformity,ablation,STD_No_uniformity_gamma1_eps1_seed260869,False,Triple,GFE,3000.0,1.0,000000000000080ffe5131e9bb57190e,000000000000080f2d7b5efbd5a31fd5,True,0,Optimization terminated successfully.,2317,2424,30000,1e-08,2.4548354204895327e-08,6.307672809560914e-09,13.454325600003358,native run_multitrap end-to-end; no pooled benchmark claim,0.002825795943220139,0.002825795943220139,-0.04969504113656575,0.0,1.2934929155139225e-08,0.0,1.2934929155139224e-06,0.011266553940494767,"{""method"": ""Regularized-FE"", ""components"": {""force_smoothing"": true, ""pressure_retention"": true, ""uniformity"": false}, ""alpha_force"": 3000.0, ""beta_pressure"": 5e-05, ""gamma_uniformity"": 1.0, ""curvature_weight_override"": [[1.0, 0.0, 0.0], [0.0, 1.0, 0.0], [0.0, 0.0, 10.0]], ""pressure_epsilon_rel"": 0.001, ""smooth_stage_factors"": [0.05, 0.01], ""smooth_stage_maxiters"": [250, 29750], ""smooth_scale_floor"": 1e-20, ""gtol"": 1e-08, ""report_gradient_tol"": 0.001, ""compensate_effective_gravity"": true}","[{""stage_index"": 0, ""stage_factor"": 0.05, ""maxiter"": 250, ""iterations"": 250, ""nfev"": 291, ""njev"": 291, ""runtime_sec"": 1.4913860999949975, ""objective"": -0.030239857167863652, ""gradient_norm"": 0.012611838380667711, ""success"": false, ""status"": 1, ""message"": ""Maximum number of iterations has been exceeded."", ""force_epsilon"": 6.467464577569612e-08, ""uniformity_epsilon"": 0.0, ""gradient_inf_norm"": 0.003647142756609744}, {""stage_index"": 1, ""stage_factor"": 0.01, ""maxiter"": 29750, ""iterations"": 2067, ""nfev"": 2133, ""njev"": 2133, ""runtime_sec"": 11.853528399995412, ""objective"": -0.04969504113656593, ""gradient_norm"": 2.4548353139962334e-08, ""success"": true, ""status"": 0, ""message"": ""Optimization terminated successfully."", ""force_epsilon"": 1.2934929155139225e-08, ""uniformity_epsilon"": 0.0, ""gradient_inf_norm"": 6.307674659932622e-09}]",new,appendix_outputs\C_GFE\std_sensitivity\cache\C_STD_commands\00000000000004779d7ef478d45b781a.pkl,SMOKE
260869,1.0,1.0,FE,ablation,STD_FE_gamma1_eps1_seed260869,False,Triple,FE,3000.0,1.0,000000000000080ffa85ea9a82131d42,000000000000080f2d7b5efbd5a31fd5,True,0,Optimization terminated successfully.,3669,3810,30000,1e-08,3.793735168439169e-08,9.860952200319397e-09,21.156465899999603,native run_multitrap end-to-end; no pooled benchmark claim,3.2411620635660087e-06,3.3584020773065663e-06,-0.04717580874419428,4.5939584910204955e-08,3.047519613778552e-09,0.0001143134085491594,3.047519613778552e-07,0.01143134085491594,"{""method"": ""Regularized-FE"", ""components"": {""force_smoothing"": true, ""pressure_retention"": true, ""uniformity"": true}, ""alpha_force"": 3000.0, ""beta_pressure"": 5e-05, ""gamma_uniformity"": 1.0, ""curvature_weight_override"": [[1.0, 0.0, 0.0], [0.0, 1.0, 0.0], [0.0, 0.0, 10.0]], ""pressure_epsilon_rel"": 0.001, ""smooth_stage_factors"": [0.05, 0.01], ""smooth_stage_maxiters"": [250, 29750], ""smooth_scale_floor"": 1e-20, ""gtol"": 1e-08, ""report_gradient_tol"": 0.001}","[{""stage_index"": 0, ""stage_factor"": 0.05, ""maxiter"": 250, ""iterations"": 250, ""nfev"": 293, ""njev"": 293, ""runtime_sec"": 1.4553802000009455, ""objective"": -0.019101220912277207, ""gradient_norm"": 0.011316669851080718, ""success"": false, ""status"": 1, ""message"": ""Maximum number of iterations has been exceeded."", ""force_epsilon"": 1.523759806889276e-08, ""uniformity_epsilon"": 0.0005715670427457971, ""gradient_inf_norm"": 0.004017088400458547}, {""stage_index"": 1, ""stage_factor"": 0.01, ""maxiter"": 29750, ""iterations"": 3419, ""nfev"": 3517, ""njev"": 3517, ""runtime_sec"": 19.563461500001722, ""objective"": -0.05047948340067951, ""gradient_norm"": 3.793737215887195e-08, ""success"": true, ""status"": 0, ""message"": ""Optimization terminated successfully."", ""force_epsilon"": 3.047519613778552e-09, ""uniformity_epsilon"": 0.0001143134085491594, ""gradient_inf_norm"": 9.860947602826153e-09}]",new,appendix_outputs\C_GFE\std_sensitivity\cache\C_STD_commands\0000000000000452c8d8a429bde169c1.pkl,SMOKE
260870,0.3,1.0,GFE,gamma,STD_GFE_gamma0.3_eps1_seed260870,False,Triple,GFE,3000.0,1.0,000000000000080f69ea8d55f4351023,000000000000080f65c048ed9e7206a6,False,2,Desired error not necessarily achieved due to precision loss.,4181,4375,30000,1e-08,3.60789999847552e-08,1.384112221397118e-08,24.442731000002823,native run_multitrap end-to-end; no pooled benchmark claim,4.061315036944665e-06,4.061315036944665e-06,-0.049647379928738335,2.177367358261286e-07,1.023970712512416e-08,3.776778980538683e-05,1.023970712512416e-06,0.003776778980538683,"{""method"": ""Regularized-FE"", ""components"": {""force_smoothing"": true, ""pressure_retention"": true, ""uniformity"": true}, ""alpha_force"": 3000.0, ""beta_pressure"": 5e-05, ""gamma_uniformity"": 0.3, ""curvature_weight_override"": [[1.0, 0.0, 0.0], [0.0, 1.0, 0.0], [0.0, 0.0, 10.0]], ""pressure_epsilon_rel"": 0.001, ""smooth_stage_factors"": [0.05, 0.01], ""smooth_stage_maxiters"": [250, 29750], ""smooth_scale_floor"": 1e-20, ""gtol"": 1e-08, ""report_gradient_tol"": 0.001, ""compensate_effective_gravity"": true}","[{""stage_index"": 0, ""stage_factor"": 0.05, ""maxiter"": 250, ""iterations"": 250, ""nfev"": 298, ""njev"": 298, ""runtime_sec"": 1.5004230000049574, ""objective"": -0.021997475883166175, ""gradient_norm"": 0.012715975040646785, ""success"": false, ""status"": 1, ""message"": ""Maximum number of iterations has been exceeded."", ""force_epsilon"": 5.1198535625620806e-08, ""uniformity_epsilon"": 0.00018883894902693417, ""gradient_inf_norm"": 0.004764445530420309}, {""stage_index"": 1, ""stage_factor"": 0.01, ""maxiter"": 29750, ""iterations"": 3931, ""nfev"": 4077, ""njev"": 4067, ""runtime_sec"": 22.83576180000091, ""objective"": -0.04964731460771823, ""gradient_norm"": 3.607901741569357e-08, ""success"": false, ""status"": 2, ""message"": ""Desired error not necessarily achieved due to precision loss."", ""force_epsilon"": 1.023970712512416e-08, ""uniformity_epsilon"": 3.776778980538683e-05, ""gradient_inf_norm"": 1.3841130999224115e-08}]",new,appendix_outputs\C_GFE\std_sensitivity\cache\C_STD_commands\000000000000047688bf40415e827712.pkl,SMOKE
260870,1.0,1.0,GFE,gamma,STD_GFE_gamma1_eps1_seed260870,True,Triple,GFE,3000.0,1.0,000000000000080f9ce305b1153f0604,000000000000080f65c048ed9e7206a6,True,0,Optimization terminated successfully.,3342,3492,30000,1e-08,3.04385103967114e-08,9.355239889426748e-09,19.973323199999868,native run_multitrap end-to-end; no pooled benchmark claim,2.0068215389332545e-06,2.0068215389332545e-06,-0.045548353601581014,5.327944804660626e-08,1.023970712512416e-08,3.776778980538683e-05,1.023970712512416e-06,0.003776778980538683,"{""method"": ""Regularized-FE"", ""components"": {""force_smoothing"": true, ""pressure_retention"": true, ""uniformity"": true}, ""alpha_force"": 3000.0, ""beta_pressure"": 5e-05, ""gamma_uniformity"": 1.0, ""curvature_weight_override"": [[1.0, 0.0, 0.0], [0.0, 1.0, 0.0], [0.0, 0.0, 10.0]], ""pressure_epsilon_rel"": 0.001, ""smooth_stage_factors"": [0.05, 0.01], ""smooth_stage_maxiters"": [250, 29750], ""smooth_scale_floor"": 1e-20, ""gtol"": 1e-08, ""report_gradient_tol"": 0.001, ""compensate_effective_gravity"": true}","[{""stage_index"": 0, ""stage_factor"": 0.05, ""maxiter"": 250, ""iterations"": 250, ""nfev"": 300, ""njev"": 300, ""runtime_sec"": 1.577341800002614, ""objective"": -0.0186250765423094, ""gradient_norm"": 0.018959832563659098, ""success"": false, ""status"": 1, ""message"": ""Maximum number of iterations has been exceeded."", ""force_epsilon"": 5.1198535625620806e-08, ""uniformity_epsilon"": 0.00018883894902693417, ""gradient_inf_norm"": 0.007383634858624122}, {""stage_index"": 1, ""stage_factor"": 0.01, ""maxiter"": 29750, ""iterations"": 3092, ""nfev"": 3192, ""njev"": 3192, ""runtime_sec"": 18.278646500009927, ""objective"": -0.04554830032213315, ""gradient_norm"": 3.0438500456076246e-08, ""success"": true, ""status"": 0, ""message"": ""Optimization terminated successfully."", ""force_epsilon"": 1.023970712512416e-08, ""uniformity_epsilon"": 3.776778980538683e-05, ""gradient_inf_norm"": 9.35523497127817e-09}]",new,appendix_outputs\C_GFE\std_sensitivity\cache\C_STD_commands\0000000000000476312c176b59387710.pkl,SMOKE
260870,3.0,1.0,GFE,gamma,STD_GFE_gamma3_eps1_seed260870,False,Triple,GFE,3000.0,1.0,000000000000080fc71386d2d1750807,000000000000080f65c048ed9e7206a6,True,0,Optimization terminated successfully.,4846,5077,30000,1e-08,3.0205999962713834e-08,9.852146733675747e-09,29.20427099999506,native run_multitrap end-to-end; no pooled benchmark claim,4.0431019803692897e-07,4.0431019803692897e-07,-0.04964726256228701,2.1640404959875057e-09,1.023970712512416e-08,3.776778980538683e-05,1.023970712512416e-06,0.003776778980538683,"{""method"": ""Regularized-FE"", ""components"": {""force_smoothing"": true, ""pressure_retention"": true, ""uniformity"": true}, ""alpha_force"": 3000.0, ""beta_pressure"": 5e-05, ""gamma_uniformity"": 3.0, ""curvature_weight_override"": [[1.0, 0.0, 0.0], [0.0, 1.0, 0.0], [0.0, 0.0, 10.0]], ""pressure_epsilon_rel"": 0.001, ""smooth_stage_factors"": [0.05, 0.01], ""smooth_stage_maxiters"": [250, 29750], ""smooth_scale_floor"": 1e-20, ""gtol"": 1e-08, ""report_gradient_tol"": 0.001, ""compensate_effective_gravity"": true}","[{""stage_index"": 0, ""stage_factor"": 0.05, ""maxiter"": 250, ""iterations"": 250, ""nfev"": 297, ""njev"": 297, ""runtime_sec"": 1.606956799994805, ""objective"": -0.0130513075380334, ""gradient_norm"": 0.032678623585070135, ""success"": false, ""status"": 1, ""message"": ""Maximum number of iterations has been exceeded."", ""force_epsilon"": 5.1198535625620806e-08, ""uniformity_epsilon"": 0.00018883894902693417, ""gradient_inf_norm"": 0.012964722893705358}, {""stage_index"": 1, ""stage_factor"": 0.01, ""maxiter"": 29750, ""iterations"": 4596, ""nfev"": 4780, ""njev"": 4779, ""runtime_sec"": 27.418361300005927, ""objective"": -0.049647256070165895, ""gradient_norm"": 3.0205971147392785e-08, ""success"": true, ""status"": 0, ""message"": ""Optimization terminated successfully."", ""force_epsilon"": 1.023970712512416e-08, ""uniformity_epsilon"": 3.776778980538683e-05, ""gradient_inf_norm"": 9.852132405764467e-09}]",new,appendix_outputs\C_GFE\std_sensitivity\cache\C_STD_commands\0000000000000476d366368b5e887712.pkl,SMOKE
260870,1.0,0.0,GFE,epsilon_std,STD_GFE_gamma1_eps0_seed260870,False,Triple,GFE,3000.0,1.0,000000000000080fed95e26472a60d7b,000000000000080f65c048ed9e7206a6,False,1,Maximum number of iterations has been exceeded.,30000,32993,30000,1e-08,0.005933323418778266,0.0015149375718821662,206.6205925999966,native run_multitrap end-to-end; no pooled benchmark claim,4.872886302520994e-08,4.872886302520994e-08,-0.04820238965837931,4.872886302520994e-08,1.023970712512416e-08,0.0,1.023970712512416e-06,0.003776778980538683,"{""method"": ""Regularized-FE"", ""components"": {""force_smoothing"": true, ""pressure_retention"": true, ""uniformity"": true}, ""alpha_force"": 3000.0, ""beta_pressure"": 5e-05, ""gamma_uniformity"": 1.0, ""curvature_weight_override"": [[1.0, 0.0, 0.0], [0.0, 1.0, 0.0], [0.0, 0.0, 10.0]], ""pressure_epsilon_rel"": 0.001, ""smooth_stage_factors"": [0.05, 0.01], ""smooth_stage_maxiters"": [250, 29750], ""smooth_scale_floor"": 1e-20, ""gtol"": 1e-08, ""report_gradient_tol"": 0.001, ""compensate_effective_gravity"": true}","[{""stage_index"": 0, ""stage_factor"": 0.05, ""maxiter"": 250, ""iterations"": 250, ""nfev"": 345, ""njev"": 345, ""runtime_sec"": 1.6858457000053022, ""objective"": -0.017654761026161394, ""gradient_norm"": 0.01955722951177088, ""success"": false, ""status"": 1, ""message"": ""Maximum number of iterations has been exceeded."", ""force_epsilon"": 5.1198535625620806e-08, ""uniformity_epsilon"": 0.0, ""gradient_inf_norm"": 0.007006527013838004}, {""stage_index"": 1, ""stage_factor"": 0.01, ""maxiter"": 29750, ""iterations"": 29750, ""nfev"": 32648, ""njev"": 32648, ""runtime_sec"": 204.7814425000106, ""objective"": -0.04820234092951611, ""gradient_norm"": 0.005933323418564803, ""success"": false, ""status"": 1, ""message"": ""Maximum number of iterations has been exceeded."", ""force_epsilon"": 1.023970712512416e-08, ""uniformity_epsilon"": 0.0, ""gradient_inf_norm"": 0.001514937572613654}]",new,appendix_outputs\C_GFE\std_sensitivity\cache\C_STD_commands\00000000000004760c4c3edb5933770f.pkl,SMOKE
260870,1.0,0.1,GFE,epsilon_std,STD_GFE_gamma1_eps0.1_seed260870,False,Triple,GFE,3000.0,1.0,000000000000080f89c14b4f737f065e,000000000000080f65c048ed9e7206a6,True,0,Optimization terminated successfully.,5130,5361,30000,1e-08,3.088425252095408e-08,9.197325171782716e-09,31.164740200008964,native run_multitrap end-to-end; no pooled benchmark claim,2.588648902176611e-07,2.588648902176611e-07,-0.045542979015027275,8.861057714586333e-09,1.023970712512416e-08,3.776778980538683e-06,1.023970712512416e-06,0.003776778980538683,"{""method"": ""Regularized-FE"", ""components"": {""force_smoothing"": true, ""pressure_retention"": true, ""uniformity"": true}, ""alpha_force"": 3000.0, ""beta_pressure"": 5e-05, ""gamma_uniformity"": 1.0, ""curvature_weight_override"": [[1.0, 0.0, 0.0], [0.0, 1.0, 0.0], [0.0, 0.0, 10.0]], ""pressure_epsilon_rel"": 0.001, ""smooth_stage_factors"": [0.05, 0.01], ""smooth_stage_maxiters"": [250, 29750], ""smooth_scale_floor"": 1e-20, ""gtol"": 1e-08, ""report_gradient_tol"": 0.001, ""compensate_effective_gravity"": true}","[{""stage_index"": 0, ""stage_factor"": 0.05, ""maxiter"": 250, ""iterations"": 250, ""nfev"": 313, ""njev"": 313, ""runtime_sec"": 1.6713561999931699, ""objective"": -0.018250182050349006, ""gradient_norm"": 0.02830730777019549, ""success"": false, ""status"": 1, ""message"": ""Maximum number of iterations has been exceeded."", ""force_epsilon"": 5.1198535625620806e-08, ""uniformity_epsilon"": 1.8883894902693418e-05, ""gradient_inf_norm"": 0.009980902218489171}, {""stage_index"": 1, ""stage_factor"": 0.01, ""maxiter"": 29750, ""iterations"": 4880, ""nfev"": 5048, ""njev"": 5047, ""runtime_sec"": 29.373429700004635, ""objective"": -0.045542970153969665, ""gradient_norm"": 3.088414486020814e-08, ""success"": true, ""status"": 0, ""message"": ""Optimization terminated successfully."", ""force_epsilon"": 1.023970712512416e-08, ""uniformity_epsilon"": 3.776778980538683e-06, ""gradient_inf_norm"": 9.197283075573385e-09}]",new,appendix_outputs\C_GFE\std_sensitivity\cache\C_STD_commands\00000000000004760d8e54ec59367710.pkl,SMOKE
260870,1.0,10.0,GFE,epsilon_std,STD_GFE_gamma1_eps10_seed260870,False,Triple,GFE,3000.0,1.0,000000000000080f439f787cb4260aad,000000000000080f65c048ed9e7206a6,True,0,Optimization terminated successfully.,2999,3101,30000,1e-08,3.208768971953925e-08,8.01046673429903e-09,18.547503199995845,native run_multitrap end-to-end; no pooled benchmark claim,1.2087465600050014e-05,1.2087465600050014e-05,-0.049647637017219505,1.9337831286020835e-07,1.023970712512416e-08,0.0003776778980538683,1.023970712512416e-06,0.003776778980538683,"{""method"": ""Regularized-FE"", ""components"": {""force_smoothing"": true, ""pressure_retention"": true, ""uniformity"": true}, ""alpha_force"": 3000.0, ""beta_pressure"": 5e-05, ""gamma_uniformity"": 1.0, ""curvature_weight_override"": [[1.0, 0.0, 0.0], [0.0, 1.0, 0.0], [0.0, 0.0, 10.0]], ""pressure_epsilon_rel"": 0.001, ""smooth_stage_factors"": [0.05, 0.01], ""smooth_stage_maxiters"": [250, 29750], ""smooth_scale_floor"": 1e-20, ""gtol"": 1e-08, ""report_gradient_tol"": 0.001, ""compensate_effective_gravity"": true}","[{""stage_index"": 0, ""stage_factor"": 0.05, ""maxiter"": 250, ""iterations"": 250, ""nfev"": 294, ""njev"": 294, ""runtime_sec"": 1.633805299992673, ""objective"": -0.021036761611527715, ""gradient_norm"": 0.012881308366454063, ""success"": false, ""status"": 1, ""message"": ""Maximum number of iterations has been exceeded."", ""force_epsilon"": 5.1198535625620806e-08, ""uniformity_epsilon"": 0.0018883894902693417, ""gradient_inf_norm"": 0.004241622075070953}, {""stage_index"": 1, ""stage_factor"": 0.01, ""maxiter"": 29750, ""iterations"": 2749, ""nfev"": 2807, ""njev"": 2807, ""runtime_sec"": 16.77972229999432, ""objective"": -0.04964744363890608, ""gradient_norm"": 3.208769856543325e-08, ""success"": true, ""status"": 0, ""message"": ""Optimization terminated successfully."", ""force_epsilon"": 1.023970712512416e-08, ""uniformity_epsilon"": 0.0003776778980538683, ""gradient_inf_norm"": 8.010468256497704e-09}]",new,appendix_outputs\C_GFE\std_sensitivity\cache\C_STD_commands\000000000000047731b36117cfe07740.pkl,SMOKE
260870,1.0,1.0,No force smoothing,ablation,STD_No_force_smoothing_gamma1_eps1_seed260870,False,Triple,GFE,3000.0,1.0,000000000000080ff528c722a63a10e4,000000000000080f65c048ed9e7206a6,False,1,Maximum number of iterations has been exceeded.,30000,30980,30000,1e-08,0.00733827064066096,0.001372354537665103,205.53561139998783,native run_multitrap end-to-end; no pooled benchmark claim,1.17298866957251e-06,1.170503889064433e-06,-0.04950563267371533,1.8210898615003972e-08,0.0,3.776778980538683e-05,1.023970712512416e-06,0.003776778980538683,"{""method"": ""Regularized-FE"", ""components"": {""force_smoothing"": false, ""pressure_retention"": true, ""uniformity"": true}, ""alpha_force"": 3000.0, ""beta_pressure"": 5e-05, ""gamma_uniformity"": 1.0, ""curvature_weight_override"": [[1.0, 0.0, 0.0], [0.0, 1.0, 0.0], [0.0, 0.0, 10.0]], ""pressure_epsilon_rel"": 0.001, ""smooth_stage_factors"": [0.05, 0.01], ""smooth_stage_maxiters"": [250, 29750], ""smooth_scale_floor"": 1e-20, ""gtol"": 1e-08, ""report_gradient_tol"": 0.001, ""compensate_effective_gravity"": true}","[{""stage_index"": 0, ""stage_factor"": 0.05, ""maxiter"": 250, ""iterations"": 250, ""nfev"": 293, ""njev"": 293, ""runtime_sec"": 1.641118200001074, ""objective"": -0.019290675244072016, ""gradient_norm"": 0.013934334569397591, ""success"": false, ""status"": 1, ""message"": ""Maximum number of iterations has been exceeded."", ""force_epsilon"": 0.0, ""uniformity_epsilon"": 0.00018883894902693417, ""gradient_inf_norm"": 0.004850559219581079}, {""stage_index"": 1, ""stage_factor"": 0.01, ""maxiter"": 29750, ""iterations"": 29750, ""nfev"": 30687, ""njev"": 30687, ""runtime_sec"": 203.7700041000062, ""objective"": -0.049505608465675505, ""gradient_norm"": 0.007338270544428395, ""success"": false, ""status"": 1, ""message"": ""Maximum number of iterations has been exceeded."", ""force_epsilon"": 0.0, ""uniformity_epsilon"": 3.776778980538683e-05, ""gradient_inf_norm"": 0.0013723545159687529}]",new,appendix_outputs\C_GFE\std_sensitivity\cache\C_STD_commands\00000000000004771742ca8cbf43775b.pkl,SMOKE
260870,1.0,1.0,No pressure,ablation,STD_No_pressure_gamma1_eps1_seed260870,False,Triple,GFE,3000.0,1.0,000000000000080fcb89a16acc86fa54,000000000000080f65c048ed9e7206a6,True,0,Optimization terminated successfully.,3586,3737,30000,1e-08,4.823108270770183e-08,9.875297295763755e-09,22.14608920000319,native run_multitrap end-to-end; no pooled benchmark claim,4.6131971034652294e-07,0.01575408015805259,-0.020296941336157857,8.681459874832775e-09,1.023970712512416e-08,1.225257678292971e-05,1.023970712512416e-06,0.001225257678292971,"{""method"": ""Regularized-FE"", ""components"": {""force_smoothing"": true, ""pressure_retention"": false, ""uniformity"": true}, ""alpha_force"": 3000.0, ""beta_pressure"": 5e-05, ""gamma_uniformity"": 1.0, ""curvature_weight_override"": [[1.0, 0.0, 0.0], [0.0, 1.0, 0.0], [0.0, 0.0, 10.0]], ""pressure_epsilon_rel"": 0.001, ""smooth_stage_factors"": [0.05, 0.01], ""smooth_stage_maxiters"": [250, 29750], ""smooth_scale_floor"": 1e-20, ""gtol"": 1e-08, ""report_gradient_tol"": 0.001, ""compensate_effective_gravity"": true}","[{""stage_index"": 0, ""stage_factor"": 0.05, ""maxiter"": 250, ""iterations"": 250, ""nfev"": 280, ""njev"": 280, ""runtime_sec"": 1.5308912000036798, ""objective"": -0.023488758464415282, ""gradient_norm"": 0.004474753752674633, ""success"": false, ""status"": 1, ""message"": ""Maximum number of iterations has been exceeded."", ""force_epsilon"": 5.1198535625620806e-08, ""uniformity_epsilon"": 6.126288391464856e-05, ""gradient_inf_norm"": 0.0013120876718696727}, {""stage_index"": 1, ""stage_factor"": 0.01, ""maxiter"": 29750, ""iterations"": 3336, ""nfev"": 3457, ""njev"": 3457, ""runtime_sec"": 20.48445439999341, ""objective"": -0.05094907856128744, ""gradient_norm"": 4.823104273330661e-08, ""success"": true, ""status"": 0, ""message"": ""Optimization terminated successfully."", ""force_epsilon"": 1.023970712512416e-08, ""uniformity_epsilon"": 1.225257678292971e-05, ""gradient_inf_norm"": 9.875251852005677e-09}]",new,appendix_outputs\C_GFE\std_sensitivity\cache\C_STD_commands\00000000000004772d579605c1bf775b.pkl,SMOKE
260870,1.0,1.0,No uniformity,ablation,STD_No_uniformity_gamma1_eps1_seed260870,False,Triple,GFE,3000.0,1.0,000000000000080f86643a8f210a1c13,000000000000080f65c048ed9e7206a6,False,2,Desired error not necessarily achieved due to precision loss.,3247,3384,30000,1e-08,4.627137227369792e-08,1.2874616480340259e-08,20.975607300002594,native run_multitrap end-to-end; no pooled benchmark claim,0.0028215352599442723,0.0028215352599442723,-0.04969331134136571,0.0,1.023970712512416e-08,0.0,1.023970712512416e-06,0.003776778980538683,"{""method"": ""Regularized-FE"", ""components"": {""force_smoothing"": true, ""pressure_retention"": true, ""uniformity"": false}, ""alpha_force"": 3000.0, ""beta_pressure"": 5e-05, ""gamma_uniformity"": 1.0, ""curvature_weight_override"": [[1.0, 0.0, 0.0], [0.0, 1.0, 0.0], [0.0, 0.0, 10.0]], ""pressure_epsilon_rel"": 0.001, ""smooth_stage_factors"": [0.05, 0.01], ""smooth_stage_maxiters"": [250, 29750], ""smooth_scale_floor"": 1e-20, ""gtol"": 1e-08, ""report_gradient_tol"": 0.001, ""compensate_effective_gravity"": true}","[{""stage_index"": 0, ""stage_factor"": 0.05, ""maxiter"": 250, ""iterations"": 250, ""nfev"": 296, ""njev"": 296, ""runtime_sec"": 1.6506634000106715, ""objective"": -0.025624536460935154, ""gradient_norm"": 0.010109169968144939, ""success"": false, ""status"": 1, ""message"": ""Maximum number of iterations has been exceeded."", ""force_epsilon"": 5.1198535625620806e-08, ""uniformity_epsilon"": 0.0, ""gradient_inf_norm"": 0.0031573961294308673}, {""stage_index"": 1, ""stage_factor"": 0.01, ""maxiter"": 29750, ""iterations"": 2997, ""nfev"": 3088, ""njev"": 3079, ""runtime_sec"": 19.18428019998828, ""objective"": -0.049693311341365655, ""gradient_norm"": 4.627137051577686e-08, ""success"": false, ""status"": 2, ""message"": ""Desired error not necessarily achieved due to precision loss."", ""force_epsilon"": 1.023970712512416e-08, ""uniformity_epsilon"": 0.0, ""gradient_inf_norm"": 1.2874615376839288e-08}]",new,appendix_outputs\C_GFE\std_sensitivity\cache\C_STD_commands\000000000000047780420658c339775b.pkl,SMOKE
260870,1.0,1.0,FE,ablation,STD_FE_gamma1_eps1_seed260870,False,Triple,FE,3000.0,1.0,000000000000080f3975e09ebbb9086a,000000000000080f65c048ed9e7206a6,True,0,Optimization terminated successfully.,4775,4914,30000,1e-08,3.352026521983008e-08,9.231713736473129e-09,30.758199200005038,native run_multitrap end-to-end; no pooled benchmark claim,1.22291980327767e-06,1.8714520797436633e-06,-0.04716862179878086,1.7352871406963615e-08,5.516991734638986e-09,4.308312117447739e-05,5.516991734638986e-07,0.004308312117447739,"{""method"": ""Regularized-FE"", ""components"": {""force_smoothing"": true, ""pressure_retention"": true, ""uniformity"": true}, ""alpha_force"": 3000.0, ""beta_pressure"": 5e-05, ""gamma_uniformity"": 1.0, ""curvature_weight_override"": [[1.0, 0.0, 0.0], [0.0, 1.0, 0.0], [0.0, 0.0, 10.0]], ""pressure_epsilon_rel"": 0.001, ""smooth_stage_factors"": [0.05, 0.01], ""smooth_stage_maxiters"": [250, 29750], ""smooth_scale_floor"": 1e-20, ""gtol"": 1e-08, ""report_gradient_tol"": 0.001}","[{""stage_index"": 0, ""stage_factor"": 0.05, ""maxiter"": 250, ""iterations"": 250, ""nfev"": 285, ""njev"": 285, ""runtime_sec"": 1.6045548999973107, ""objective"": -0.019598208789111227, ""gradient_norm"": 0.0231459600511021, ""success"": false, ""status"": 1, ""message"": ""Maximum number of iterations has been exceeded."", ""force_epsilon"": 2.758495867319493e-08, ""uniformity_epsilon"": 0.00021541560587238695, ""gradient_inf_norm"": 0.006109712196108416}, {""stage_index"": 1, ""stage_factor"": 0.01, ""maxiter"": 29750, ""iterations"": 4525, ""nfev"": 4629, ""njev"": 4629, ""runtime_sec"": 28.99913959999685, ""objective"": -0.050479879294609294, ""gradient_norm"": 3.3520265053770327e-08, ""success"": true, ""status"": 0, ""message"": ""Optimization terminated successfully."", ""force_epsilon"": 5.516991734638986e-09, ""uniformity_epsilon"": 4.308312117447739e-05, ""gradient_inf_norm"": 9.23170942529735e-09}]",new,appendix_outputs\C_GFE\std_sensitivity\cache\C_STD_commands\0000000000000452d5e45609acbf6902.pkl,SMOKE
260871,0.3,1.0,GFE,gamma,STD_GFE_gamma0.3_eps1_seed260871,False,Triple,GFE,3000.0,1.0,000000000000080f80b193fc5f0f0129,000000000000080fb2ba3a6fe7ab1052,True,0,Optimization terminated successfully.,1930,2023,30000,1e-08,3.3636406893054035e-08,9.761872000799193e-09,12.446494399991934,native run_multitrap end-to-end; no pooled benchmark claim,3.90516428250462e-05,3.90516428250462e-05,-0.04964968817609511,2.0704150738976284e-06,1.2216110525870408e-08,0.00036725587248887307,1.2216110525870408e-06,0.036725587248887304,"{""method"": ""Regularized-FE"", ""components"": {""force_smoothing"": true, ""pressure_retention"": true, ""uniformity"": true}, ""alpha_force"": 3000.0, ""beta_pressure"": 5e-05, ""gamma_uniformity"": 0.3, ""curvature_weight_override"": [[1.0, 0.0, 0.0], [0.0, 1.0, 0.0], [0.0, 0.0, 10.0]], ""pressure_epsilon_rel"": 0.001, ""smooth_stage_factors"": [0.05, 0.01], ""smooth_stage_maxiters"": [250, 29750], ""smooth_scale_floor"": 1e-20, ""gtol"": 1e-08, ""report_gradient_tol"": 0.001, ""compensate_effective_gravity"": true}","[{""stage_index"": 0, ""stage_factor"": 0.05, ""maxiter"": 250, ""iterations"": 250, ""nfev"": 288, ""njev"": 288, ""runtime_sec"": 1.6635859999951208, ""objective"": -0.0388981302746738, ""gradient_norm"": 0.018343813313412925, ""success"": false, ""status"": 1, ""message"": ""Maximum number of iterations has been exceeded."", ""force_epsilon"": 6.108055262935204e-08, ""uniformity_epsilon"": 0.0018362793624443652, ""gradient_inf_norm"": 0.004966388416466144}, {""stage_index"": 1, ""stage_factor"": 0.01, ""maxiter"": 29750, ""iterations"": 1680, ""nfev"": 1735, ""njev"": 1735, ""runtime_sec"": 10.627696800002013, ""objective"": -0.049649067051573084, ""gradient_norm"": 3.3636403785332894e-08, ""success"": true, ""status"": 0, ""message"": ""Optimization terminated successfully."", ""force_epsilon"": 1.2216110525870408e-08, ""uniformity_epsilon"": 0.00036725587248887307, ""gradient_inf_norm"": 9.761871590189754e-09}]",new,appendix_outputs\C_GFE\std_sensitivity\cache\C_STD_commands\00000000000004767e3621fe1230778a.pkl,SMOKE
260871,1.0,1.0,GFE,gamma,STD_GFE_gamma1_eps1_seed260871,True,Triple,GFE,3000.0,1.0,000000000000080f29f0359371651085,000000000000080fb2ba3a6fe7ab1052,True,0,Optimization terminated successfully.,2063,2170,30000,1e-08,3.5614781688798925e-08,9.691950958539656e-09,14.132278699995368,native run_multitrap end-to-end; no pooled benchmark claim,1.176225412674594e-05,1.176225412674594e-05,-0.049648818557896525,1.8830898595388048e-07,1.2216110525870408e-08,0.00036725587248887307,1.2216110525870408e-06,0.036725587248887304,"{""method"": ""Regularized-FE"", ""components"": {""force_smoothing"": true, ""pressure_retention"": true, ""uniformity"": true}, ""alpha_force"": 3000.0, ""beta_pressure"": 5e-05, ""gamma_uniformity"": 1.0, ""curvature_weight_override"": [[1.0, 0.0, 0.0], [0.0, 1.0, 0.0], [0.0, 0.0, 10.0]], ""pressure_epsilon_rel"": 0.001, ""smooth_stage_factors"": [0.05, 0.01], ""smooth_stage_maxiters"": [250, 29750], ""smooth_scale_floor"": 1e-20, ""gtol"": 1e-08, ""report_gradient_tol"": 0.001, ""compensate_effective_gravity"": true}","[{""stage_index"": 0, ""stage_factor"": 0.05, ""maxiter"": 250, ""iterations"": 250, ""nfev"": 306, ""njev"": 306, ""runtime_sec"": 1.884585199994035, ""objective"": -0.03517958382726689, ""gradient_norm"": 0.011539097675938945, ""success"": false, ""status"": 1, ""message"": ""Maximum number of iterations has been exceeded."", ""force_epsilon"": 6.108055262935204e-08, ""uniformity_epsilon"": 0.0018362793624443652, ""gradient_inf_norm"": 0.005643837836448303}, {""stage_index"": 1, ""stage_factor"": 0.01, ""maxiter"": 29750, ""iterations"": 1813, ""nfev"": 1864, ""njev"": 1864, ""runtime_sec"": 12.098141300011775, ""objective"": -0.04964863024891083, ""gradient_norm"": 3.5614781226631975e-08, ""success"": true, ""status"": 0, ""message"": ""Optimization terminated successfully."", ""force_epsilon"": 1.2216110525870408e-08, ""uniformity_epsilon"": 0.00036725587248887307, ""gradient_inf_norm"": 9.691951344881547e-09}]",new,appendix_outputs\C_GFE\std_sensitivity\cache\C_STD_commands\0000000000000476c7a576d40ce67788.pkl,SMOKE
260871,3.0,1.0,GFE,gamma,STD_GFE_gamma3_eps1_seed260871,False,Triple,GFE,3000.0,1.0,000000000000080fc5d34464a577038c,000000000000080fb2ba3a6fe7ab1052,True,0,Optimization terminated successfully.,1922,2027,30000,1e-08,2.7406062440534365e-08,9.846994259870873e-09,14.679062800001702,native run_multitrap end-to-end; no pooled benchmark claim,3.929257496169514e-06,3.929257496169514e-06,-0.049648567484179375,2.1018891505769632e-08,1.2216110525870408e-08,0.00036725587248887307,1.2216110525870408e-06,0.036725587248887304,"{""method"": ""Regularized-FE"", ""components"": {""force_smoothing"": true, ""pressure_retention"": true, ""uniformity"": true}, ""alpha_force"": 3000.0, ""beta_pressure"": 5e-05, ""gamma_uniformity"": 3.0, ""curvature_weight_override"": [[1.0, 0.0, 0.0], [0.0, 1.0, 0.0], [0.0, 0.0, 10.0]], ""pressure_epsilon_rel"": 0.001, ""smooth_stage_factors"": [0.05, 0.01], ""smooth_stage_maxiters"": [250, 29750], ""smooth_scale_floor"": 1e-20, ""gtol"": 1e-08, ""report_gradient_tol"": 0.001, ""compensate_effective_gravity"": true}","[{""stage_index"": 0, ""stage_factor"": 0.05, ""maxiter"": 250, ""iterations"": 250, ""nfev"": 294, ""njev"": 294, ""runtime_sec"": 1.784916599994176, ""objective"": -0.030854977452525145, ""gradient_norm"": 0.01037067232449202, ""success"": false, ""status"": 1, ""message"": ""Maximum number of iterations has been exceeded."", ""force_epsilon"": 6.108055262935204e-08, ""uniformity_epsilon"": 0.0018362793624443652, ""gradient_inf_norm"": 0.003012247438284809}, {""stage_index"": 1, ""stage_factor"": 0.01, ""maxiter"": 29750, ""iterations"": 1672, ""nfev"": 1733, ""njev"": 1733, ""runtime_sec"": 12.721829800007981, ""objective"": -0.049648504427504896, ""gradient_norm"": 2.740606157888747e-08, ""success"": true, ""status"": 0, ""message"": ""Optimization terminated successfully."", ""force_epsilon"": 1.2216110525870408e-08, ""uniformity_epsilon"": 0.00036725587248887307, ""gradient_inf_norm"": 9.846993278159687e-09}]",new,appendix_outputs\C_GFE\std_sensitivity\cache\C_STD_commands\000000000000047625ef57341236778a.pkl,SMOKE
260871,1.0,0.0,GFE,epsilon_std,STD_GFE_gamma1_eps0_seed260871,False,Triple,GFE,3000.0,1.0,000000000000080f2dc79f10d7b616c7,000000000000080fb2ba3a6fe7ab1052,False,2,Desired error not necessarily achieved due to precision loss.,23632,26110,30000,1e-08,0.005067828257599887,0.0017891023208438446,146.5010065999959,native run_multitrap end-to-end; no pooled benchmark claim,3.257125692604546e-14,3.257125692604546e-14,-0.04964598545459245,3.257125692604546e-14,1.2216110525870408e-08,0.0,1.2216110525870408e-06,0.036725587248887304,"{""method"": ""Regularized-FE"", ""components"": {""force_smoothing"": true, ""pressure_retention"": true, ""uniformity"": true}, ""alpha_force"": 3000.0, ""beta_pressure"": 5e-05, ""gamma_uniformity"": 1.0, ""curvature_weight_override"": [[1.0, 0.0, 0.0], [0.0, 1.0, 0.0], [0.0, 0.0, 10.0]], ""pressure_epsilon_rel"": 0.001, ""smooth_stage_factors"": [0.05, 0.01], ""smooth_stage_maxiters"": [250, 29750], ""smooth_scale_floor"": 1e-20, ""gtol"": 1e-08, ""report_gradient_tol"": 0.001, ""compensate_effective_gravity"": true}","[{""stage_index"": 0, ""stage_factor"": 0.05, ""maxiter"": 250, ""iterations"": 250, ""nfev"": 342, ""njev"": 342, ""runtime_sec"": 1.8306564999948023, ""objective"": -0.028934999696672913, ""gradient_norm"": 0.02656073391815821, ""success"": false, ""status"": 1, ""message"": ""Maximum number of iterations has been exceeded."", ""force_epsilon"": 6.108055262935204e-08, ""uniformity_epsilon"": 0.0, ""gradient_inf_norm"": 0.010069792781618285}, {""stage_index"": 1, ""stage_factor"": 0.01, ""maxiter"": 29750, ""iterations"": 23382, ""nfev"": 25768, ""njev"": 25756, ""runtime_sec"": 144.58810009999434, ""objective"": -0.04964598545456007, ""gradient_norm"": 0.005070377999494176, ""success"": false, ""status"": 2, ""message"": ""Desired error not necessarily achieved due to precision loss."", ""force_epsilon"": 1.2216110525870408e-08, ""uniformity_epsilon"": 0.0, ""gradient_inf_norm"": 0.0017891708969269473}]",new,appendix_outputs\C_GFE\std_sensitivity\cache\C_STD_commands\0000000000000476fac55f640ce17787.pkl,SMOKE
260871,1.0,0.1,GFE,epsilon_std,STD_GFE_gamma1_eps0.1_seed260871,False,Triple,GFE,3000.0,1.0,000000000000080f4b974bbd517e043e,000000000000080fb2ba3a6fe7ab1052,True,0,Optimization terminated successfully.,2285,2427,30000,1e-08,2.111811342456094e-08,8.523550178834158e-09,18.863000500001363,native run_multitrap end-to-end; no pooled benchmark claim,1.1804001693685375e-06,1.1804001693685375e-06,-0.049648479219454235,1.896477362997584e-08,1.2216110525870408e-08,3.672558724888731e-05,1.2216110525870408e-06,0.036725587248887304,"{""method"": ""Regularized-FE"", ""components"": {""force_smoothing"": true, ""pressure_retention"": true, ""uniformity"": true}, ""alpha_force"": 3000.0, ""beta_pressure"": 5e-05, ""gamma_uniformity"": 1.0, ""curvature_weight_override"": [[1.0, 0.0, 0.0], [0.0, 1.0, 0.0], [0.0, 0.0, 10.0]], ""pressure_epsilon_rel"": 0.001, ""smooth_stage_factors"": [0.05, 0.01], ""smooth_stage_maxiters"": [250, 29750], ""smooth_scale_floor"": 1e-20, ""gtol"": 1e-08, ""report_gradient_tol"": 0.001, ""compensate_effective_gravity"": true}","[{""stage_index"": 0, ""stage_factor"": 0.05, ""maxiter"": 250, ""iterations"": 250, ""nfev"": 305, ""njev"": 305, ""runtime_sec"": 2.2232714999991003, ""objective"": -0.03182500038935615, ""gradient_norm"": 0.01673437341733493, ""success"": false, ""status"": 1, ""message"": ""Maximum number of iterations has been exceeded."", ""force_epsilon"": 6.108055262935204e-08, ""uniformity_epsilon"": 0.00018362793624443653, ""gradient_inf_norm"": 0.006686484886410173}, {""stage_index"": 1, ""stage_factor"": 0.01, ""maxiter"": 29750, ""iterations"": 2035, ""nfev"": 2122, ""njev"": 2122, ""runtime_sec"": 16.449981700003264, ""objective"": -0.04964846025468048, ""gradient_norm"": 2.1118116846428607e-08, ""success"": true, ""status"": 0, ""message"": ""Optimization terminated successfully."", ""force_epsilon"": 1.2216110525870408e-08, ""uniformity_epsilon"": 3.672558724888731e-05, ""gradient_inf_norm"": 8.523542772296752e-09}]",new,appendix_outputs\C_GFE\std_sensitivity\cache\C_STD_commands\0000000000000476fb0735530ce47788.pkl,SMOKE
260871,1.0,10.0,GFE,epsilon_std,STD_GFE_gamma1_eps10_seed260871,False,Triple,GFE,3000.0,1.0,000000000000080f2796e6cd228b197b,000000000000080fb2ba3a6fe7ab1052,True,0,Optimization terminated successfully.,1935,2050,30000,1e-08,3.725464970207536e-08,9.612951623436422e-09,15.854191100006574,native run_multitrap end-to-end; no pooled benchmark claim,0.00011362700850624389,0.00011362700850624389,-0.0496520240971783,1.7573590673594132e-06,1.2216110525870408e-08,0.003672558724888731,1.2216110525870408e-06,0.036725587248887304,"{""method"": ""Regularized-FE"", ""components"": {""force_smoothing"": true, ""pressure_retention"": true, ""uniformity"": true}, ""alpha_force"": 3000.0, ""beta_pressure"": 5e-05, ""gamma_uniformity"": 1.0, ""curvature_weight_override"": [[1.0, 0.0, 0.0], [0.0, 1.0, 0.0], [0.0, 0.0, 10.0]], ""pressure_epsilon_rel"": 0.001, ""smooth_stage_factors"": [0.05, 0.01], ""smooth_stage_maxiters"": [250, 29750], ""smooth_scale_floor"": 1e-20, ""gtol"": 1e-08, ""report_gradient_tol"": 0.001, ""compensate_effective_gravity"": true}","[{""stage_index"": 0, ""stage_factor"": 0.05, ""maxiter"": 250, ""iterations"": 250, ""nfev"": 296, ""njev"": 296, ""runtime_sec"": 1.969101700000465, ""objective"": -0.04163041604268715, ""gradient_norm"": 0.011453108763176964, ""success"": false, ""status"": 1, ""message"": ""Maximum number of iterations has been exceeded."", ""force_epsilon"": 6.108055262935204e-08, ""uniformity_epsilon"": 0.018362793624443652, ""gradient_inf_norm"": 0.0032986381738720053}, {""stage_index"": 1, ""stage_factor"": 0.01, ""maxiter"": 29750, ""iterations"": 1685, ""nfev"": 1754, ""njev"": 1754, ""runtime_sec"": 13.696190399990883, ""objective"": -0.04965026673811054, ""gradient_norm"": 3.725464773777373e-08, ""success"": true, ""status"": 0, ""message"": ""Optimization terminated successfully."", ""force_epsilon"": 1.2216110525870408e-08, ""uniformity_epsilon"": 0.003672558724888731, ""gradient_inf_norm"": 9.612951593604133e-09}]",new,appendix_outputs\C_GFE\std_sensitivity\cache\C_STD_commands\00000000000004776a9b466b840677b8.pkl,SMOKE
260871,1.0,1.0,No force smoothing,ablation,STD_No_force_smoothing_gamma1_eps1_seed260871,False,Triple,GFE,3000.0,1.0,000000000000080f4a6c5abc6467175d,000000000000080fb2ba3a6fe7ab1052,False,2,Desired error not necessarily achieved due to precision loss.,12546,13236,30000,1e-08,0.005399287681200791,0.0008913760287505258,84.71240210000542,native run_multitrap end-to-end; no pooled benchmark claim,1.2066629037486946e-05,1.2066291106138822e-05,-0.049638793038650986,1.9817826290695903e-07,0.0,0.00036725587248887307,1.2216110525870408e-06,0.036725587248887304,"{""method"": ""Regularized-FE"", ""components"": {""force_smoothing"": false, ""pressure_retention"": true, ""uniformity"": true}, ""alpha_force"": 3000.0, ""beta_pressure"": 5e-05, ""gamma_uniformity"": 1.0, ""curvature_weight_override"": [[1.0, 0.0, 0.0], [0.0, 1.0, 0.0], [0.0, 0.0, 10.0]], ""pressure_epsilon_rel"": 0.001, ""smooth_stage_factors"": [0.05, 0.01], ""smooth_stage_maxiters"": [250, 29750], ""smooth_scale_floor"": 1e-20, ""gtol"": 1e-08, ""report_gradient_tol"": 0.001, ""compensate_effective_gravity"": true}","[{""stage_index"": 0, ""stage_factor"": 0.05, ""maxiter"": 250, ""iterations"": 250, ""nfev"": 307, ""njev"": 307, ""runtime_sec"": 2.025061000007554, ""objective"": -0.035768931962568244, ""gradient_norm"": 0.014033593331399417, ""success"": false, ""status"": 1, ""message"": ""Maximum number of iterations has been exceeded."", ""force_epsilon"": 0.0, ""uniformity_epsilon"": 0.0018362793624443652, ""gradient_inf_norm"": 0.0053991778567508055}, {""stage_index"": 1, ""stage_factor"": 0.01, ""maxiter"": 29750, ""iterations"": 12296, ""nfev"": 12929, ""njev"": 12918, ""runtime_sec"": 82.57036009999865, ""objective"": -0.049638593735061486, ""gradient_norm"": 0.005399286877941098, ""success"": false, ""status"": 2, ""message"": ""Desired error not necessarily achieved due to precision loss."", ""force_epsilon"": 0.0, ""uniformity_epsilon"": 0.00036725587248887307, ""gradient_inf_norm"": 0.0008913759159208204}]",new,appendix_outputs\C_GFE\std_sensitivity\cache\C_STD_commands\0000000000000477e1cbab3372f177d3.pkl,SMOKE
260871,1.0,1.0,No pressure,ablation,STD_No_pressure_gamma1_eps1_seed260871,False,Triple,GFE,3000.0,1.0,000000000000080fc779d540dad62554,000000000000080fb2ba3a6fe7ab1052,True,0,Optimization terminated successfully.,1581,1660,30000,1e-08,2.8173095703181508e-08,6.45593202634154e-09,10.817704000000958,native run_multitrap end-to-end; no pooled benchmark claim,1.1193484412267982e-06,0.015749952963179943,-0.020295373298840725,2.107393471526193e-08,1.2216110525870408e-08,2.9716729198308914e-05,1.2216110525870408e-06,0.0029716729198308914,"{""method"": ""Regularized-FE"", ""components"": {""force_smoothing"": true, ""pressure_retention"": false, ""uniformity"": true}, ""alpha_force"": 3000.0, ""beta_pressure"": 5e-05, ""gamma_uniformity"": 1.0, ""curvature_weight_override"": [[1.0, 0.0, 0.0], [0.0, 1.0, 0.0], [0.0, 0.0, 10.0]], ""pressure_epsilon_rel"": 0.001, ""smooth_stage_factors"": [0.05, 0.01], ""smooth_stage_maxiters"": [250, 29750], ""smooth_scale_floor"": 1e-20, ""gtol"": 1e-08, ""report_gradient_tol"": 0.001, ""compensate_effective_gravity"": true}","[{""stage_index"": 0, ""stage_factor"": 0.05, ""maxiter"": 250, ""iterations"": 250, ""nfev"": 276, ""njev"": 276, ""runtime_sec"": 1.6392560999956913, ""objective"": -0.044735376401457666, ""gradient_norm"": 0.004667713942562355, ""success"": false, ""status"": 1, ""message"": ""Maximum number of iterations has been exceeded."", ""force_epsilon"": 6.108055262935204e-08, ""uniformity_epsilon"": 0.00014858364599154458, ""gradient_inf_norm"": 0.0011967106942578308}, {""stage_index"": 1, ""stage_factor"": 0.01, ""maxiter"": 29750, ""iterations"": 1331, ""nfev"": 1384, ""njev"": 1384, ""runtime_sec"": 9.032385600003181, ""objective"": -0.05095026978218575, ""gradient_norm"": 2.8173101461809737e-08, ""success"": true, ""status"": 0, ""message"": ""Optimization terminated successfully."", ""force_epsilon"": 1.2216110525870408e-08, ""uniformity_epsilon"": 2.9716729198308914e-05, ""gradient_inf_norm"": 6.4559384190414945e-09}]",new,appendix_outputs\C_GFE\std_sensitivity\cache\C_STD_commands\0000000000000477dbdef7ba756d77d3.pkl,SMOKE
260871,1.0,1.0,No uniformity,ablation,STD_No_uniformity_gamma1_eps1_seed260871,False,Triple,GFE,3000.0,1.0,000000000000080f3a7226e5028e307a,000000000000080fb2ba3a6fe7ab1052,True,0,Optimization terminated successfully.,1824,1919,30000,1e-08,2.6888930858003262e-08,9.775496345413906e-09,12.671664900000906,native run_multitrap end-to-end; no pooled benchmark claim,0.002824587720844355,0.002824587720844355,-0.04969458028729245,0.0,1.2216110525870408e-08,0.0,1.2216110525870408e-06,0.036725587248887304,"{""method"": ""Regularized-FE"", ""components"": {""force_smoothing"": true, ""pressure_retention"": true, ""uniformity"": false}, ""alpha_force"": 3000.0, ""beta_pressure"": 5e-05, ""gamma_uniformity"": 1.0, ""curvature_weight_override"": [[1.0, 0.0, 0.0], [0.0, 1.0, 0.0], [0.0, 0.0, 10.0]], ""pressure_epsilon_rel"": 0.001, ""smooth_stage_factors"": [0.05, 0.01], ""smooth_stage_maxiters"": [250, 29750], ""smooth_scale_floor"": 1e-20, ""gtol"": 1e-08, ""report_gradient_tol"": 0.001, ""compensate_effective_gravity"": true}","[{""stage_index"": 0, ""stage_factor"": 0.05, ""maxiter"": 250, ""iterations"": 250, ""nfev"": 297, ""njev"": 297, ""runtime_sec"": 1.7305756999994628, ""objective"": -0.03617805790716833, ""gradient_norm"": 0.017199714846055536, ""success"": false, ""status"": 1, ""message"": ""Maximum number of iterations has been exceeded."", ""force_epsilon"": 6.108055262935204e-08, ""uniformity_epsilon"": 0.0, ""gradient_inf_norm"": 0.004972299749634539}, {""stage_index"": 1, ""stage_factor"": 0.01, ""maxiter"": 29750, ""iterations"": 1574, ""nfev"": 1622, ""njev"": 1622, ""runtime_sec"": 10.785089999990305, ""objective"": -0.04969458028729268, ""gradient_norm"": 2.688893047644524e-08, ""success"": true, ""status"": 0, ""message"": ""Optimization terminated successfully."", ""force_epsilon"": 1.2216110525870408e-08, ""uniformity_epsilon"": 0.0, ""gradient_inf_norm"": 9.77549622803095e-09}]",new,appendix_outputs\C_GFE\std_sensitivity\cache\C_STD_commands\000000000000047776cb67e776e777d3.pkl,SMOKE
260871,1.0,1.0,FE,ablation,STD_FE_gamma1_eps1_seed260871,False,Triple,FE,3000.0,1.0,000000000000080f42ff90d2b9380bed,000000000000080fb2ba3a6fe7ab1052,True,0,Optimization terminated successfully.,2382,2482,30000,1e-08,3.339344757689992e-08,9.657981278138545e-09,15.63343580000219,native run_multitrap end-to-end; no pooled benchmark claim,1.0635124751183119e-05,1.0711503850603471e-05,-0.0471740996744319,1.5040803612651052e-07,3.6510849816433085e-09,0.0003759215890592087,3.651084981643308e-07,0.037592158905920874,"{""method"": ""Regularized-FE"", ""components"": {""force_smoothing"": true, ""pressure_retention"": true, ""uniformity"": true}, ""alpha_force"": 3000.0, ""beta_pressure"": 5e-05, ""gamma_uniformity"": 1.0, ""curvature_weight_override"": [[1.0, 0.0, 0.0], [0.0, 1.0, 0.0], [0.0, 0.0, 10.0]], ""pressure_epsilon_rel"": 0.001, ""smooth_stage_factors"": [0.05, 0.01], ""smooth_stage_maxiters"": [250, 29750], ""smooth_scale_floor"": 1e-20, ""gtol"": 1e-08, ""report_gradient_tol"": 0.001}","[{""stage_index"": 0, ""stage_factor"": 0.05, ""maxiter"": 250, ""iterations"": 250, ""nfev"": 296, ""njev"": 296, ""runtime_sec"": 1.689792999997735, ""objective"": -0.026059734836822605, ""gradient_norm"": 0.011639160587090525, ""success"": false, ""status"": 1, ""message"": ""Maximum number of iterations has been exceeded."", ""force_epsilon"": 1.8255424908216542e-08, ""uniformity_epsilon"": 0.0018796079452960439, ""gradient_inf_norm"": 0.004830971830384791}, {""stage_index"": 1, ""stage_factor"": 0.01, ""maxiter"": 29750, ""iterations"": 2132, ""nfev"": 2186, ""njev"": 2186, ""runtime_sec"": 13.779172900001868, ""objective"": -0.05047969206715773, ""gradient_norm"": 3.3393382323347174e-08, ""success"": true, ""status"": 0, ""message"": ""Optimization terminated successfully."", ""force_epsilon"": 3.6510849816433085e-09, ""uniformity_epsilon"": 0.0003759215890592087, ""gradient_inf_norm"": 9.65797580038664e-09}]",new,appendix_outputs\C_GFE\std_sensitivity\cache\C_STD_commands\0000000000000452236d37b6606d697a.pkl,SMOKE
