method,radius_mm,normalized_pressure
Historical FE,0.0,2.130371048623269e-06
Historical FE,0.07500000000000001,0.03339788748257054
Historical FE,0.15000000000000002,0.06675375480478023
Historical FE,0.22500000000000003,0.1000320093876538
Historical FE,0.30000000000000004,0.13319446527226864
Historical FE,0.375,0.16620124656546714
Historical FE,0.45000000000000007,0.1990131258420369
Historical FE,0.525,0.23158493421542384
Historical FE,0.6000000000000001,0.26388551728198456
Historical FE,0.675,0.2958803143356096
Historical FE,0.75,0.3275337946221439
Historical FE,0.8250000000000001,0.35881032812916036
Historical FE,0.9000000000000001,0.3896777644715115
Historical FE,0.9750000000000001,0.42010274317741836
Historical FE,1.05,0.4500485859470422
Historical FE,1.1250000000000002,0.4794783612316112
Historical FE,1.2000000000000002,0.5083573079623951
Historical FE,1.2750000000000001,0.536654122529827
Historical FE,1.35,0.5643396470748769
Historical FE,1.425,0.5913841177291946
Historical FE,1.5,0.6177539507982441
Historical FE,1.5750000000000002,0.6433967947777725
Historical FE,1.6500000000000001,0.6682986224447472
Historical FE,1.725,0.692439749829437
Historical FE,1.8000000000000003,0.7157961622808877
Historical FE,1.8750000000000002,0.7383463478929425
Historical FE,1.9500000000000002,0.7600682912982386
Historical FE,2.0250000000000004,0.780941240381145
Historical FE,2.1,0.8009454019526291
Historical FE,2.1750000000000003,0.8200626756791776
Historical FE,2.2500000000000004,0.8382754113044049
Historical FE,2.325,0.8555676387362876
Historical FE,2.4000000000000004,0.8719251158383401
Historical FE,2.475,0.8873344574924431
Historical FE,2.5500000000000003,0.9017838375188241
Historical FE,2.625,0.9152646306330053
Historical FE,2.7,0.9277689472015433
Historical FE,2.775,0.9392845729930208
Historical FE,2.85,0.9498050462842441
Historical FE,2.9250000000000003,0.9593252107781748
Historical FE,3.0,0.9678408051386931
Historical FE,3.0750000000000006,0.9753526924248748
Historical FE,3.1500000000000004,0.9818605970254054
Historical FE,3.2250000000000005,0.9873611956058015
Historical FE,3.3000000000000003,0.9918655319858316
Historical FE,3.3750000000000004,0.9953773261984652
Historical FE,3.45,0.9979022678205165
Historical FE,3.5250000000000004,0.999441753963517
Historical FE,3.6000000000000005,1.0
Historical FE,3.6750000000000003,0.9995844970369406
Historical FE,3.7500000000000004,0.9982053663485106
Historical FE,3.825,0.9958690927565914
Historical FE,3.9000000000000004,0.9925916040293592
Historical FE,3.975,0.9883787541486462
Historical FE,4.050000000000001,0.9832465563726269
Historical FE,4.125,0.9772128403594442
Historical FE,4.2,0.9702895524156819
Historical FE,4.275,0.9624950210884224
Historical FE,4.3500000000000005,0.953854084183642
Historical FE,4.425,0.9443818058240566
Historical FE,4.500000000000001,0.9340908488043227
Historical FE,4.575,0.9230070887380313
Historical FE,4.65,0.91115842771102
Historical FE,4.725,0.898567238161335
Historical FE,4.800000000000001,0.8852560893154624
Historical FE,4.875000000000001,0.8712464424993169
Historical FE,4.95,0.8565666679143894
Historical FE,5.025000000000001,0.8412499381955036
Historical FE,5.1000000000000005,0.8253233290074016
Historical FE,5.175000000000001,0.8088159394341117
Historical FE,5.25,0.7917552599117281
Historical FE,5.325000000000001,0.7741683333740189
Historical FE,5.4,0.7560792152793469
Historical FE,5.4750000000000005,0.7375229808110079
Historical FE,5.55,0.7185352489028877
Historical FE,5.625000000000001,0.6991467096915704
Historical FE,5.7,0.6793874382277257
Historical FE,5.775,0.6592901028262278
Historical FE,5.8500000000000005,0.6388915931007454
Historical FE,5.925000000000001,0.6182179232627888
Historical FE,6.0,0.5973047878450326
Historical FE,6.075,0.5761880246572644
Historical FE,6.150000000000001,0.5548992915360655
Historical FE,6.2250000000000005,0.5334695683243684
Historical FE,6.300000000000001,0.5119353126110453
Historical FE,6.375000000000001,0.4903293225185233
Historical FE,6.450000000000001,0.4686818512636846
Historical FE,6.525,0.44703930577284245
Historical FE,6.6000000000000005,0.4254320648453838
Historical FE,6.675000000000001,0.40389221432131067
Historical FE,6.750000000000001,0.38245119023078333
Historical FE,6.825,0.3611386882102959
Historical FE,6.9,0.33999030115826767
Historical FE,6.9750000000000005,0.31903954907696275
Historical FE,7.050000000000001,0.29832420477087135
Historical FE,7.125,0.2778769134163575
Historical FE,7.200000000000001,0.25773730089438096
Historical FE,7.275000000000001,0.23793984562671533
Historical FE,7.3500000000000005,0.21852119799500203
Historical FE,7.425000000000001,0.1995346061800652
Historical FE,7.500000000000001,0.18102900957892828
Historical FE,7.575000000000001,0.16307137816285536
Historical FE,7.65,0.14573596230378993
Historical FE,7.7250000000000005,0.12912027747028276
Historical FE,7.800000000000001,0.11335641446234344
Historical FE,7.875,0.0986269844105434
Historical FE,7.95,0.08521510858415078
Historical FE,8.025,0.07357385761623593
Historical FE,8.100000000000001,0.06473571973772488
Historical FE,8.175,0.059673241901397105
Historical FE,8.25,0.05741722501421683
Historical FE,8.325000000000001,0.05803011863903686
Historical FE,8.4,0.0625261819465568
Historical FE,8.475000000000001,0.06980274010375129
Historical FE,8.55,0.07822831280588838
Historical FE,8.625,0.08715693941133286
Historical FE,8.700000000000001,0.09623040217477492
Historical FE,8.775000000000002,0.10522498344454889
Historical FE,8.85,0.11399142573891446
Historical FE,8.925,0.12243011974362124
Historical FE,9.000000000000002,0.13047389535063406
Historical FE,9.075000000000001,0.13807072345677807
Historical FE,9.15,0.14518074890761803
Historical FE,9.225000000000001,0.1517760848044895
Historical FE,9.3,0.15783472535077342
Historical FE,9.375000000000002,0.16334257665163382
Historical FE,9.45,0.16829290184082152
Historical FE,9.525,0.17268105918885265
Historical FE,9.600000000000001,0.17650313820740732
Historical FE,9.675,0.17975967827210804
Historical FE,9.750000000000002,0.18244834205495253
Historical FE,9.825000000000001,0.1845722574116314
Historical FE,9.9,0.18613889270991316
Historical FE,9.975000000000001,0.18715650120943766
Historical FE,10.050000000000002,0.1876349048833583
Historical FE,10.125,0.18758263577934858
Historical FE,10.200000000000001,0.18700710192423728
Historical FE,10.275,0.1859243682211826
Historical FE,10.350000000000001,0.1843430879022923
Historical FE,10.425,0.18227908955756228
Historical FE,10.5,0.17974632262451323
Historical FE,10.575000000000001,0.17675942225433267
Historical FE,10.650000000000002,0.1733342611777865
Historical FE,10.725,0.16948648396856247
Historical FE,10.8,0.16523192707456766
Historical FE,10.875000000000002,0.16058975570710768
Historical FE,10.950000000000001,0.15558086139487382
Historical FE,11.025000000000002,0.1502225872116138
Historical FE,11.1,0.1445336669648254
Historical FE,11.175,0.13853346161845398
Historical FE,11.250000000000002,0.13224422800568653
Historical FE,11.325000000000001,0.1256879257747703
Historical FE,11.4,0.11888845516542207
Historical FE,11.475000000000001,0.1118715012485965
Historical FE,11.55,0.10466182970004075
Historical FE,11.625000000000002,0.09728927335651477
Historical FE,11.700000000000001,0.08978620782812147
Historical FE,11.775,0.08219160367382071
Historical FE,11.850000000000001,0.0745513400331266
Historical FE,11.925,0.0669312691154777
Historical FE,12.0,0.059448138114641474
GS R=1.40 lambda,0.0,1.142262808800386e-15
GS R=1.40 lambda,0.07500000000000001,0.029684195141928906
GS R=1.40 lambda,0.15000000000000002,0.059393564280796916
GS R=1.40 lambda,0.22500000000000003,0.0890540334073732
GS R=1.40 lambda,0.30000000000000004,0.11863847994415133
GS R=1.40 lambda,0.375,0.14811933108682698
GS R=1.40 lambda,0.45000000000000007,0.17746859928761965
GS R=1.40 lambda,0.525,0.20668799592479004
GS R=1.40 lambda,0.6000000000000001,0.23573219067570214
GS R=1.40 lambda,0.675,0.2645681644948291
GS R=1.40 lambda,0.75,0.2931675467288987
GS R=1.40 lambda,0.8250000000000001,0.32150412637397313
GS R=1.40 lambda,0.9000000000000001,0.34954610708758443
GS R=1.40 lambda,0.9750000000000001,0.37727645543152977
GS R=1.40 lambda,1.05,0.40467321417599766
GS R=1.40 lambda,1.1250000000000002,0.43169480852168257
GS R=1.40 lambda,1.2000000000000002,0.45827590023426734
GS R=1.40 lambda,1.2750000000000001,0.4844201058464673
GS R=1.40 lambda,1.35,0.5101187733796915
GS R=1.40 lambda,1.425,0.5353507758492525
GS R=1.40 lambda,1.5,0.5601091721136893
GS R=1.40 lambda,1.5750000000000002,0.584424598026277
GS R=1.40 lambda,1.6500000000000001,0.6082480051495317
GS R=1.40 lambda,1.725,0.6315510483816879
GS R=1.40 lambda,1.8000000000000003,0.6543089421379615
GS R=1.40 lambda,1.8750000000000002,0.6764993716791431
GS R=1.40 lambda,1.9500000000000002,0.6980966977148393
GS R=1.40 lambda,2.0250000000000004,0.7190827332537726
GS R=1.40 lambda,2.1,0.7394407798954672
GS R=1.40 lambda,2.1750000000000003,0.7591454521198056
GS R=1.40 lambda,2.2500000000000004,0.7781839641917717
GS R=1.40 lambda,2.325,0.7965390738641613
GS R=1.40 lambda,2.4000000000000004,0.8141893835919397
GS R=1.40 lambda,2.475,0.8311165152547838
GS R=1.40 lambda,2.5500000000000003,0.8473036912598678
GS R=1.40 lambda,2.625,0.8627385476986562
GS R=1.40 lambda,2.7,0.8774124528655664
GS R=1.40 lambda,2.775,0.8913115533225555
GS R=1.40 lambda,2.85,0.9044163206408854
GS R=1.40 lambda,2.9250000000000003,0.9167160413511067
GS R=1.40 lambda,3.0,0.9281995249845387
GS R=1.40 lambda,3.0750000000000006,0.9388580342242948
GS R=1.40 lambda,3.1500000000000004,0.9486814892036421
GS R=1.40 lambda,3.2250000000000005,0.9576671294726248
GS R=1.40 lambda,3.3000000000000003,0.9658461201369514
GS R=1.40 lambda,3.3750000000000004,0.9731891577722624
GS R=1.40 lambda,3.45,0.9796444648007572
GS R=1.40 lambda,3.5250000000000004,0.9852203774930299
GS R=1.40 lambda,3.6000000000000005,0.9899161543205065
GS R=1.40 lambda,3.6750000000000003,0.9937129299331287
GS R=1.40 lambda,3.7500000000000004,0.9966273162162048
GS R=1.40 lambda,3.825,0.9986454723543031
GS R=1.40 lambda,3.9000000000000004,0.9997751259667362
GS R=1.40 lambda,3.975,1.0
GS R=1.40 lambda,4.050000000000001,0.9993333571870018
GS R=1.40 lambda,4.125,0.9977735447940527
GS R=1.40 lambda,4.2,0.9953262053574913
GS R=1.40 lambda,4.275,0.9920043316200431
GS R=1.40 lambda,4.3500000000000005,0.9878137759163024
GS R=1.40 lambda,4.425,0.9827721049152608
GS R=1.40 lambda,4.500000000000001,0.9769284062136977
GS R=1.40 lambda,4.575,0.9702730060367545
GS R=1.40 lambda,4.65,0.9628211041891797
GS R=1.40 lambda,4.725,0.9545708788875522
GS R=1.40 lambda,4.800000000000001,0.9455337040536831
GS R=1.40 lambda,4.875000000000001,0.9357106713178183
GS R=1.40 lambda,4.95,0.9251301187487875
GS R=1.40 lambda,5.025000000000001,0.9138065457858985
GS R=1.40 lambda,5.1000000000000005,0.9017604328199021
GS R=1.40 lambda,5.175000000000001,0.8890158645989744
GS R=1.40 lambda,5.25,0.8756038750581614
GS R=1.40 lambda,5.325000000000001,0.861556512190308
GS R=1.40 lambda,5.4,0.8468860105382449
GS R=1.40 lambda,5.4750000000000005,0.8316362360796106
GS R=1.40 lambda,5.55,0.8158424036210518
GS R=1.40 lambda,5.625000000000001,0.7995345696919212
GS R=1.40 lambda,5.7,0.7827696546755805
GS R=1.40 lambda,5.775,0.7655903032266753
GS R=1.40 lambda,5.8500000000000005,0.7480480469621238
GS R=1.40 lambda,5.925000000000001,0.7302019169785146
GS R=1.40 lambda,6.0,0.7121252406242675
GS R=1.40 lambda,6.075,0.6938804508697346
GS R=1.40 lambda,6.150000000000001,0.6755381366211975
GS R=1.40 lambda,6.2250000000000005,0.657190810815196
GS R=1.40 lambda,6.300000000000001,0.6389392077449418
GS R=1.40 lambda,6.375000000000001,0.6208742286785076
GS R=1.40 lambda,6.450000000000001,0.6030998165988394
GS R=1.40 lambda,6.525,0.5856892992783435
GS R=1.40 lambda,6.6000000000000005,0.5687975037751655
GS R=1.40 lambda,6.675000000000001,0.552578629736839
GS R=1.40 lambda,6.750000000000001,0.537189391789502
GS R=1.40 lambda,6.825,0.52278715990856
GS R=1.40 lambda,6.9,0.5095295040288127
GS R=1.40 lambda,6.9750000000000005,0.4976516643969979
GS R=1.40 lambda,7.050000000000001,0.4873022415897664
GS R=1.40 lambda,7.125,0.47863528815822726
GS R=1.40 lambda,7.200000000000001,0.47178943809715856
GS R=1.40 lambda,7.275000000000001,0.46691142148365655
GS R=1.40 lambda,7.3500000000000005,0.4641384267286546
GS R=1.40 lambda,7.425000000000001,0.46356338293863275
GS R=1.40 lambda,7.500000000000001,0.46523361312370776
GS R=1.40 lambda,7.575000000000001,0.4691664974228586
GS R=1.40 lambda,7.65,0.4753284629248451
GS R=1.40 lambda,7.7250000000000005,0.4836839501282163
GS R=1.40 lambda,7.800000000000001,0.4941373856240669
GS R=1.40 lambda,7.875,0.5065683875122485
GS R=1.40 lambda,7.95,0.5208523769494976
GS R=1.40 lambda,8.025,0.5368243229764584
GS R=1.40 lambda,8.100000000000001,0.5543182756215402
GS R=1.40 lambda,8.175,0.573175148375075
GS R=1.40 lambda,8.25,0.5932282967119402
GS R=1.40 lambda,8.325000000000001,0.6143216851008899
GS R=1.40 lambda,8.4,0.636305636766229
GS R=1.40 lambda,8.475000000000001,0.6590417720554449
GS R=1.40 lambda,8.55,0.6823980640561376
GS R=1.40 lambda,8.625,0.706253616672627
GS R=1.40 lambda,8.700000000000001,0.7304879377760936
GS R=1.40 lambda,8.775000000000002,0.7550083753718502
GS R=1.40 lambda,8.85,0.7797293962417794
GS R=1.40 lambda,8.925,0.8045584673489917
GS R=1.40 lambda,9.000000000000002,0.8294034847719468
GS R=1.40 lambda,9.075000000000001,0.8541777088537934
GS R=1.40 lambda,9.15,0.8788488199768739
GS R=1.40 lambda,9.225000000000001,0.9033501911568947
GS R=1.40 lambda,9.3,0.9276358024771477
GS R=1.40 lambda,9.375000000000002,0.95167183148942
GS R=1.40 lambda,9.45,0.9754047938141983
GS R=1.40 lambda,9.525,0.998777544247906
GS R=1.40 lambda,9.600000000000001,1.0217521482499927
GS R=1.40 lambda,9.675,1.0442794766572159
GS R=1.40 lambda,9.750000000000002,1.066333176961408
GS R=1.40 lambda,9.825000000000001,1.0878946459547125
GS R=1.40 lambda,9.9,1.1089235270989726
GS R=1.40 lambda,9.975000000000001,1.1293812561616798
GS R=1.40 lambda,10.050000000000002,1.1492342493370573
GS R=1.40 lambda,10.125,1.168465992763771
GS R=1.40 lambda,10.200000000000001,1.1870726678649022
GS R=1.40 lambda,10.275,1.2050122392253542
GS R=1.40 lambda,10.350000000000001,1.222261481580119
GS R=1.40 lambda,10.425,1.2388116301183947
GS R=1.40 lambda,10.5,1.2546356335351745
GS R=1.40 lambda,10.575000000000001,1.2697205500251436
GS R=1.40 lambda,10.650000000000002,1.2840607885556201
GS R=1.40 lambda,10.725,1.297631662898173
GS R=1.40 lambda,10.8,1.310423714780974
GS R=1.40 lambda,10.875000000000002,1.3224242948646912
GS R=1.40 lambda,10.950000000000001,1.3336229917119369
GS R=1.40 lambda,11.025000000000002,1.344012843508685
GS R=1.40 lambda,11.1,1.3535854205483366
GS R=1.40 lambda,11.175,1.362327423517147
GS R=1.40 lambda,11.250000000000002,1.3702352840124123
GS R=1.40 lambda,11.325000000000001,1.3773125486545068
GS R=1.40 lambda,11.4,1.3835377430915556
GS R=1.40 lambda,11.475000000000001,1.3889426831715488
GS R=1.40 lambda,11.55,1.3935265475270044
GS R=1.40 lambda,11.625000000000002,1.3972633333492261
GS R=1.40 lambda,11.700000000000001,1.4001798944563333
GS R=1.40 lambda,11.775,1.4022888003878418
GS R=1.40 lambda,11.850000000000001,1.4035956111314414
GS R=1.40 lambda,11.925,1.4040997056919675
GS R=1.40 lambda,12.0,1.4037965941089179
GS R=0.45 lambda,0.0,9.826113232917419e-17
GS R=0.45 lambda,0.07500000000000001,0.03330958010158781
GS R=0.45 lambda,0.15000000000000002,0.06657538824952333
GS R=0.45 lambda,0.22500000000000003,0.09976401272161452
GS R=0.45 lambda,0.30000000000000004,0.1328376149909603
GS R=0.45 lambda,0.375,0.16575742460273385
GS R=0.45 lambda,0.45000000000000007,0.19848469594875998
GS R=0.45 lambda,0.525,0.230980414213638
GS R=0.45 lambda,0.6000000000000001,0.26320960304541063
GS R=0.45 lambda,0.675,0.29513632852020505
GS R=0.45 lambda,0.75,0.3267246341188731
GS R=0.45 lambda,0.8250000000000001,0.3579388707311575
GS R=0.45 lambda,0.9000000000000001,0.38874697745330644
GS R=0.45 lambda,0.9750000000000001,0.419115689510964
GS R=0.45 lambda,1.05,0.44900820099326727
GS R=0.45 lambda,1.1250000000000002,0.47838658951326407
GS R=0.45 lambda,1.2000000000000002,0.5072152006780469
GS R=0.45 lambda,1.2750000000000001,0.5354642729048508
GS R=0.45 lambda,1.35,0.563105285324184
GS R=0.45 lambda,1.425,0.5901086885605753
GS R=0.45 lambda,1.5,0.6164425228231534
GS R=0.45 lambda,1.5750000000000002,0.6420600267814885
GS R=0.45 lambda,1.6500000000000001,0.6669438735794025
GS R=0.45 lambda,1.725,0.6910732268860924
GS R=0.45 lambda,1.8000000000000003,0.7144235609314241
GS R=0.45 lambda,1.8750000000000002,0.7369730672451339
GS R=0.45 lambda,1.9500000000000002,0.7586993623118877
GS R=0.45 lambda,2.0250000000000004,0.7795816081389225
GS R=0.45 lambda,2.1,0.7996002135691731
GS R=0.45 lambda,2.1750000000000003,0.8187366570816197
GS R=0.45 lambda,2.2500000000000004,0.8369735072179009
GS R=0.45 lambda,2.325,0.8542947091521114
GS R=0.45 lambda,2.4000000000000004,0.8706858741861486
GS R=0.45 lambda,2.475,0.8861368170042618
GS R=0.45 lambda,2.5500000000000003,0.9006340964750773
GS R=0.45 lambda,2.625,0.9141683350601241
GS R=0.45 lambda,2.7,0.9267314039708171
GS R=0.45 lambda,2.775,0.9383110568933701
GS R=0.45 lambda,2.85,0.9489002143721423
GS R=0.45 lambda,2.9250000000000003,0.9584933851013917
GS R=0.45 lambda,3.0,0.967086299263137
GS R=0.45 lambda,3.0750000000000006,0.9746798049386681
GS R=0.45 lambda,3.1500000000000004,0.9812734382602462
GS R=0.45 lambda,3.2250000000000005,0.9868637050007766
GS R=0.45 lambda,3.3000000000000003,0.9914620274529242
GS R=0.45 lambda,3.3750000000000004,0.9950714697186486
GS R=0.45 lambda,3.45,0.9976960853086912
GS R=0.45 lambda,3.5250000000000004,0.9993374086363451
GS R=0.45 lambda,3.6000000000000005,1.0
GS R=0.45 lambda,3.6750000000000003,0.9996913384072575
GS R=0.45 lambda,3.7500000000000004,0.9984212202335258
GS R=0.45 lambda,3.825,0.9961957373198472
GS R=0.45 lambda,3.9000000000000004,0.993030862966784
GS R=0.45 lambda,3.975,0.9889315757406544
GS R=0.45 lambda,4.050000000000001,0.9839138727272543
GS R=0.45 lambda,4.125,0.9779953679211213
GS R=0.45 lambda,4.2,0.971187659691697
GS R=0.45 lambda,4.275,0.9635087349530616
GS R=0.45 lambda,4.3500000000000005,0.9549831292893234
GS R=0.45 lambda,4.425,0.9456247564347829
GS R=0.45 lambda,4.500000000000001,0.935443917767315
GS R=0.45 lambda,4.575,0.9244676845699571
GS R=0.45 lambda,4.65,0.9127240804391388
GS R=0.45 lambda,4.725,0.9002352696981936
GS R=0.45 lambda,4.800000000000001,0.887024230341655
GS R=0.45 lambda,4.875000000000001,0.8731121647900367
GS R=0.45 lambda,4.95,0.8585270099765683
GS R=0.45 lambda,5.025000000000001,0.8433021620203573
GS R=0.45 lambda,5.1000000000000005,0.8274637636019343
GS R=0.45 lambda,5.175000000000001,0.8110410613054501
GS R=0.45 lambda,5.25,0.7940611813686477
GS R=0.45 lambda,5.325000000000001,0.7765508343927303
GS R=0.45 lambda,5.4,0.7585343419449947
GS R=0.45 lambda,5.4750000000000005,0.7400453608087336
GS R=0.45 lambda,5.55,0.7211198127668199
GS R=0.45 lambda,5.625000000000001,0.7017882533207325
GS R=0.45 lambda,5.7,0.6820798994649345
GS R=0.45 lambda,5.775,0.6620274595408535
GS R=0.45 lambda,5.8500000000000005,0.6416676555134934
GS R=0.45 lambda,5.925000000000001,0.6210260564843164
GS R=0.45 lambda,6.0,0.6001375943206272
GS R=0.45 lambda,6.075,0.5790380697796902
GS R=0.45 lambda,6.150000000000001,0.5577587726166808
GS R=0.45 lambda,6.2250000000000005,0.5363300362717208
GS R=0.45 lambda,6.300000000000001,0.5147875974284282
GS R=0.45 lambda,6.375000000000001,0.4931641355302084
GS R=0.45 lambda,6.450000000000001,0.471489478080006
GS R=0.45 lambda,6.525,0.44980986961416836
GS R=0.45 lambda,6.6000000000000005,0.4281542939884999
GS R=0.45 lambda,6.675000000000001,0.4065535991479428
GS R=0.45 lambda,6.750000000000001,0.38503855190423
GS R=0.45 lambda,6.825,0.3636377356181142
GS R=0.45 lambda,6.9,0.34238552720501436
GS R=0.45 lambda,6.9750000000000005,0.32131315333235316
GS R=0.45 lambda,7.050000000000001,0.30045692067725255
GS R=0.45 lambda,7.125,0.27984724906753355
GS R=0.45 lambda,7.200000000000001,0.25952152463019645
GS R=0.45 lambda,7.275000000000001,0.239510641605366
GS R=0.45 lambda,7.3500000000000005,0.21984701931738246
GS R=0.45 lambda,7.425000000000001,0.20057745319823295
GS R=0.45 lambda,7.500000000000001,0.1817427017519885
GS R=0.45 lambda,7.575000000000001,0.16339881973552173
GS R=0.45 lambda,7.65,0.14560481797706815
GS R=0.45 lambda,7.7250000000000005,0.12843578776158543
GS R=0.45 lambda,7.800000000000001,0.11199140036976715
GS R=0.45 lambda,7.875,0.09640506465018113
GS R=0.45 lambda,7.95,0.0818820946495733
GS R=0.45 lambda,8.025,0.0687435141634334
GS R=0.45 lambda,8.100000000000001,0.05756165536322067
GS R=0.45 lambda,8.175,0.049438819011772044
GS R=0.45 lambda,8.25,0.04711233301540542
GS R=0.45 lambda,8.325000000000001,0.051278534295916306
GS R=0.45 lambda,8.4,0.0582681488284738
GS R=0.45 lambda,8.475000000000001,0.06670355116231906
GS R=0.45 lambda,8.55,0.0758842862223479
GS R=0.45 lambda,8.625,0.0853928099786973
GS R=0.45 lambda,8.700000000000001,0.09496033978085379
GS R=0.45 lambda,8.775000000000002,0.10440415401500706
GS R=0.45 lambda,8.85,0.11359617224940197
GS R=0.45 lambda,8.925,0.1224479957897086
GS R=0.45 lambda,9.000000000000002,0.13089768218077824
GS R=0.45 lambda,9.075000000000001,0.13889653295568863
GS R=0.45 lambda,9.15,0.14640825673814153
GS R=0.45 lambda,9.225000000000001,0.15340667235671981
GS R=0.45 lambda,9.3,0.15987133743995133
GS R=0.45 lambda,9.375000000000002,0.16578918707587598
GS R=0.45 lambda,9.45,0.17115387712025912
GS R=0.45 lambda,9.525,0.1759608859766175
GS R=0.45 lambda,9.600000000000001,0.18020747926042974
GS R=0.45 lambda,9.675,0.18389399548329552
GS R=0.45 lambda,9.750000000000002,0.18701807524040903
GS R=0.45 lambda,9.825000000000001,0.1895837090579666
GS R=0.45 lambda,9.9,0.19159818201767018
GS R=0.45 lambda,9.975000000000001,0.1930700571973586
GS R=0.45 lambda,10.050000000000002,0.19400933661706027
GS R=0.45 lambda,10.125,0.19442518916507598
GS R=0.45 lambda,10.200000000000001,0.19432521394073432
GS R=0.45 lambda,10.275,0.1937254900567862
GS R=0.45 lambda,10.350000000000001,0.19263542482967974
GS R=0.45 lambda,10.425,0.1910714647251942
GS R=0.45 lambda,10.5,0.18904826197751187
GS R=0.45 lambda,10.575000000000001,0.18658127349988848
GS R=0.45 lambda,10.650000000000002,0.18368801319598116
GS R=0.45 lambda,10.725,0.18038485312620167
GS R=0.45 lambda,10.8,0.17668886114982713
GS R=0.45 lambda,10.875000000000002,0.1726210765521672
GS R=0.45 lambda,10.950000000000001,0.16820474062169308
GS R=0.45 lambda,11.025000000000002,0.16346002471242876
GS R=0.45 lambda,11.1,0.1584091348105929
GS R=0.45 lambda,11.175,0.15307561948950332
GS R=0.45 lambda,11.250000000000002,0.14748633903521646
GS R=0.45 lambda,11.325000000000001,0.14166995181411612
GS R=0.45 lambda,11.4,0.13565853290173172
GS R=0.45 lambda,11.475000000000001,0.12948909994038835
GS R=0.45 lambda,11.55,0.12320028335184653
GS R=0.45 lambda,11.625000000000002,0.11683894294756554
GS R=0.45 lambda,11.700000000000001,0.11045889120160403
GS R=0.45 lambda,11.775,0.10412434980289928
GS R=0.45 lambda,11.850000000000001,0.09790881281093387
GS R=0.45 lambda,11.925,0.09190070209334246
GS R=0.45 lambda,12.0,0.08620408682151032
