task,method,seed,alpha_factor,lambda_pressure_factor,beta_factor,gamma_uniformity,epsilon_pressure_rel,epsilon_force_factor,epsilon_std_factor,axial_ratio_factor,transverse_ratio_factor,stencil_factor,first_stage_iterations,first_stage_factor,cap,optimizer,gtol,c1,c2,maxcor,maxls,ftol,maxfun,learning_rate,beta1,beta2,adam_epsilon,learning_rate_end_ratio,schedule,weight_decay,section,parameter,parameter_value,run_id,phase_content_id,initial_phase_content_id,objective_n_m,initial_objective_final_stage_n_m,terminal_gradient_l2,terminal_gradient_inf,relative_gradient_l2,initial_gradient_l2,native_success,native_status,native_message,raw_gtol_met,legacy_reporting_threshold_met,iterations,evaluations,solve_wall_s,initialization_s,objective_setup_s,actual_config_json,stages_json,cache_status,stationarity_scope,same_objective_optimizer_control,surrogate_residual_n,weighted_curvature_n_m,target_pressure_pa,command_cosine_to_fixed_GFE,field_cosine_to_fixed_GFE,fixed_reference_run_id,fixed_reference_phase_content_id,mechanics_evaluated,all_roots,all_locally_restoring,worst_displacement_a,minimum_stiffness_n_m,evidence_mode,worst_displacement_m
Single,Conventional,260828,1.0,1.0,1.0,1.0,0.001,1.0,1.0,1.0,1.0,1.0,250,0.05,10000,BFGS,1e-08,0.0001,0.9,10,40,0.0,1000000,0.03,0.9,0.999,1e-12,0.0001,cosine,0.0,optimizer,optimizer,BFGS,000000000000046bb5db019293c9,000000000000080faa0da17d5e30094f,000000000000080f897ccb5ce6f61803,-55.00254061295359,778.3229456780012,676.9975486042606,145.2556897731796,0.974213970826868,694.9166906625824,False,2,Desired error not necessarily achieved due to precision loss.,False,False,5538,6943,45.74443199999223,0.0001250000059371,0.0045966999896336,"{""alpha_per_m"": 0.0, ""beta_n_per_m_pa"": 1.0, ""curvature_weight"": [[1000.0, 0.0, 0.0], [0.0, 1000.0, 0.0], [0.0, 0.0, 10.0]], ""h_m"": 0.0005, ""force_target_n"": [0.0, 0.0, 0.0]}","[{""stage"": 0, ""cap"": 10000, ""force_epsilon"": 0.0, ""uniformity_epsilon"": 0.0, ""iterations"": 5538, ""evaluations"": 6943, ""success"": false, ""status"": 2, ""message"": ""Desired error not necessarily achieved due to precision loss."", ""terminal_value"": -55.00254061295359, ""terminal_gradient_l2"": 676.9975486042606, ""terminal_gradient_inf"": 145.2556897731796}]",reused,"original loss, reduced gauge, raw SI units",True,3.121402318673723e-06,55.00254218228671,1.5693329531775438e-06,0.9739711963623298,0.994591918991692,0000000000000497820ea2851766,000000000000080f98b9c37edcbb222a,True,True,True,0.1637344750973513,0.0019552264352459,smoke,0.00010642740881327834
Single,Conventional,260828,1.0,1.0,1.0,1.0,0.001,1.0,1.0,1.0,1.0,1.0,250,0.05,10000,L-BFGS-B,1e-08,0.0001,0.9,10,40,0.0,1000000,0.03,0.9,0.999,1e-12,0.0001,cosine,0.0,optimizer,optimizer,L-BFGS-B,000000000000046fb083216698d3,000000000000080f57be926651270fa1,000000000000080f897ccb5ce6f61803,-0.1456446835205519,778.3229456780012,686.5900856161721,156.93134772172144,0.98801783701803,694.9166906625824,True,0,CONVERGENCE: RELATIVE REDUCTION OF F <= FACTR*EPSMCH,False,False,51,106,0.2555105999927036,8.249998791143298e-05,0.0033028000034391,"{""alpha_per_m"": 0.0, ""beta_n_per_m_pa"": 1.0, ""curvature_weight"": [[1000.0, 0.0, 0.0], [0.0, 1000.0, 0.0], [0.0, 0.0, 10.0]], ""h_m"": 0.0005, ""force_target_n"": [0.0, 0.0, 0.0]}","[{""stage"": 0, ""cap"": 10000, ""force_epsilon"": 0.0, ""uniformity_epsilon"": 0.0, ""iterations"": 51, ""evaluations"": 106, ""success"": true, ""status"": 0, ""message"": ""CONVERGENCE: RELATIVE REDUCTION OF F <= FACTR*EPSMCH"", ""terminal_value"": -0.14564468352055193, ""terminal_gradient_l2"": 686.5900856161721, ""terminal_gradient_inf"": 156.93134772172144}]",computed,"original loss, reduced gauge, raw SI units",True,2.1792805113771466e-07,0.1456446835207935,1.2710574864626038e-13,0.065573069516526,0.3669112626653216,0000000000000497820ea2851766,000000000000080f98b9c37edcbb222a,True,False,False,,,smoke,
Single,Conventional,260828,1.0,1.0,1.0,1.0,0.001,1.0,1.0,1.0,1.0,1.0,250,0.05,10000,Adam,1e-08,0.0001,0.9,10,40,0.0,1000000,0.03,0.9,0.999,1e-12,0.0001,cosine,0.0,optimizer,optimizer,Adam,000000000000046b82edd12f02e9,000000000000080f06d31e783b181163,000000000000080f897ccb5ce6f61803,-1.8653461738411257,778.3229456780012,641.1179834946356,149.78721093558758,0.9225825082476414,694.9166906625824,False,1,Accepted update cap reached,False,False,10000,10001,22.536627399997087,0.0001403000060236,0.0029123999993316,"{""alpha_per_m"": 0.0, ""beta_n_per_m_pa"": 1.0, ""curvature_weight"": [[1000.0, 0.0, 0.0], [0.0, 1000.0, 0.0], [0.0, 0.0, 10.0]], ""h_m"": 0.0005, ""force_target_n"": [0.0, 0.0, 0.0]}","[{""stage"": 0, ""cap"": 10000, ""force_epsilon"": 0.0, ""uniformity_epsilon"": 0.0, ""iterations"": 10000, ""evaluations"": 10001, ""success"": false, ""status"": 1, ""message"": ""Accepted update cap reached"", ""terminal_value"": -1.8653461738411257, ""terminal_gradient_l2"": 641.1179834946356, ""terminal_gradient_inf"": 149.78721093558758}]",computed,"original loss, reduced gauge, raw SI units",True,5.515064794699139e-07,1.8673592606036848,0.002013086762659,0.1813625169574371,0.7073216168103666,0000000000000497820ea2851766,000000000000080f98b9c37edcbb222a,True,False,False,,,smoke,
Single,FE,260828,1.0,1.0,1.0,1.0,0.001,1.0,1.0,1.0,1.0,1.0,250,0.05,10000,L-BFGS-B,1e-08,0.0001,0.9,10,40,0.0,1000000,0.03,0.9,0.999,1e-12,0.0001,cosine,0.0,optimizer,optimizer,L-BFGS-B,0000000000000496e4f2a9ddbaf2,000000000000080fb976a51c19e61b3c,000000000000080f897ccb5ce6f61803,-0.0590548183379147,-9.838696562148496e-05,1.0398147832830404e-08,3.0444834542058702e-09,2.280143062159324e-05,0.0004560305011293,True,0,CONVERGENCE: NORM OF PROJECTED GRADIENT <= PGTOL,True,True,38,44,0.0104415999958291,0.0001420000044163,0.0061741999961668,"{""alpha_per_m"": 10.0, ""beta_n_per_m_pa"": 0.0, ""curvature_weight"": [[1.0, 0.0, 0.0], [0.0, 1.0, 0.0], [0.0, 0.0, 1.0]], ""h_m"": 0.0005, ""force_target_n"": [0.0, 0.0, 0.0]}","[{""stage"": 0, ""cap"": 10000, ""force_epsilon"": 0.0, ""uniformity_epsilon"": 0.0, ""iterations"": 38, ""evaluations"": 44, ""success"": true, ""status"": 0, ""message"": ""CONVERGENCE: NORM OF PROJECTED GRADIENT <= PGTOL"", ""terminal_value"": -0.059054818337914726, ""terminal_gradient_l2"": 1.0398147832830404e-08, ""terminal_gradient_inf"": 3.04448345420587e-09}]",reused,"original loss, reduced gauge, raw SI units",True,3.8688706635093405e-07,0.0590586872085779,0.002451129242206,0.9999999999843132,0.9999999999946316,0000000000000497820ea2851766,000000000000080f98b9c37edcbb222a,True,True,True,0.0448576223062241,0.0022533028191058,smoke,2.9157454499045664e-05
Single,GFE,260828,1.0,1.0,1.0,1.0,0.001,1.0,1.0,1.0,1.0,1.0,250,0.05,10000,L-BFGS-B,1e-08,0.0001,0.9,10,40,0.0,1000000,0.03,0.9,0.999,1e-12,0.0001,cosine,0.0,optimizer,optimizer,L-BFGS-B,0000000000000497820ea2851766,000000000000080f98b9c37edcbb222a,000000000000080f897ccb5ce6f61803,-0.0590436754844043,-8.8272438301316e-05,3.0990934113049095e-08,6.320541914298822e-09,6.792365640503582e-05,0.0004562612755745,True,0,CONVERGENCE: NORM OF PROJECTED GRADIENT <= PGTOL,True,True,37,44,0.0051513999933376,0.0001343000039923,0.0061320999957388,"{""alpha_per_m"": 10.0, ""beta_n_per_m_pa"": 0.0, ""curvature_weight"": [[1.0, 0.0, 0.0], [0.0, 1.0, 0.0], [0.0, 0.0, 1.0]], ""h_m"": 0.0005, ""force_target_n"": [0.0, 0.0, 1.1142852793561358e-06]}","[{""stage"": 0, ""cap"": 10000, ""force_epsilon"": 0.0, ""uniformity_epsilon"": 0.0, ""iterations"": 37, ""evaluations"": 44, ""success"": true, ""status"": 0, ""message"": ""CONVERGENCE: NORM OF PROJECTED GRADIENT <= PGTOL"", ""terminal_value"": -0.059043675484404375, ""terminal_gradient_l2"": 3.0990934113049095e-08, ""terminal_gradient_inf"": 6.320541914298822e-09}]",reused,"original loss, reduced gauge, raw SI units",True,1.501168349117218e-06,0.0590586871678959,0.0072828264000504,1.0,0.9999999999999992,0000000000000497820ea2851766,000000000000080f98b9c37edcbb222a,True,True,True,0.0448537974323708,0.0022533208137982,smoke,2.915496833104102e-05
Single,Conventional,260829,1.0,1.0,1.0,1.0,0.001,1.0,1.0,1.0,1.0,1.0,250,0.05,10000,BFGS,1e-08,0.0001,0.9,10,40,0.0,1000000,0.03,0.9,0.999,1e-12,0.0001,cosine,0.0,optimizer,optimizer,BFGS,000000000000046b8383ad4be460,000000000000080f6aca99125ffe21a5,000000000000080f47e0310959e60c7c,-55.18483375752099,1227.8200056907158,645.6873867972943,155.56015566181745,0.960116112192882,672.5096877319971,False,2,Desired error not necessarily achieved due to precision loss.,False,False,6385,8018,28.15386619999481,9.449999197386204e-05,0.002726699996856,"{""alpha_per_m"": 0.0, ""beta_n_per_m_pa"": 1.0, ""curvature_weight"": [[1000.0, 0.0, 0.0], [0.0, 1000.0, 0.0], [0.0, 0.0, 10.0]], ""h_m"": 0.0005, ""force_target_n"": [0.0, 0.0, 0.0]}","[{""stage"": 0, ""cap"": 10000, ""force_epsilon"": 0.0, ""uniformity_epsilon"": 0.0, ""iterations"": 6385, ""evaluations"": 8018, ""success"": false, ""status"": 2, ""message"": ""Desired error not necessarily achieved due to precision loss."", ""terminal_value"": -55.18483375752099, ""terminal_gradient_l2"": 645.6873867972943, ""terminal_gradient_inf"": 155.56015566181745}]",computed,"original loss, reduced gauge, raw SI units",True,7.052852105859784e-07,55.1848413275336,7.57001239331184e-06,0.974776689512752,0.9954526201007378,0000000000000497ed060733564e,000000000000080f0ccc37e7fe141c14,True,True,True,0.1167669768292621,0.0019699279480278,smoke,7.589853493902036e-05
Single,Conventional,260829,1.0,1.0,1.0,1.0,0.001,1.0,1.0,1.0,1.0,1.0,250,0.05,10000,L-BFGS-B,1e-08,0.0001,0.9,10,40,0.0,1000000,0.03,0.9,0.999,1e-12,0.0001,cosine,0.0,optimizer,optimizer,L-BFGS-B,000000000000046f76babc61e7ca,000000000000080f57776421712712a7,000000000000080f47e0310959e60c7c,-0.1453419118104409,1227.8200056907158,692.4571174601829,136.20909497471544,1.0296611782582008,672.5096877319971,True,0,CONVERGENCE: RELATIVE REDUCTION OF F <= FACTR*EPSMCH,False,False,47,116,0.2424736000102711,0.0001075999898603,0.0028173999889986,"{""alpha_per_m"": 0.0, ""beta_n_per_m_pa"": 1.0, ""curvature_weight"": [[1000.0, 0.0, 0.0], [0.0, 1000.0, 0.0], [0.0, 0.0, 10.0]], ""h_m"": 0.0005, ""force_target_n"": [0.0, 0.0, 0.0]}","[{""stage"": 0, ""cap"": 10000, ""force_epsilon"": 0.0, ""uniformity_epsilon"": 0.0, ""iterations"": 47, ""evaluations"": 116, ""success"": true, ""status"": 0, ""message"": ""CONVERGENCE: RELATIVE REDUCTION OF F <= FACTR*EPSMCH"", ""terminal_value"": -0.14534191181044093, ""terminal_gradient_l2"": 692.4571174601829, ""terminal_gradient_inf"": 136.20909497471544}]",computed,"original loss, reduced gauge, raw SI units",True,9.023102884552904e-08,0.1453419118105586,1.1718571004216928e-13,0.0707872876858084,0.3053918155675653,0000000000000497ed060733564e,000000000000080f0ccc37e7fe141c14,True,False,False,,,smoke,
Single,Conventional,260829,1.0,1.0,1.0,1.0,0.001,1.0,1.0,1.0,1.0,1.0,250,0.05,10000,Adam,1e-08,0.0001,0.9,10,40,0.0,1000000,0.03,0.9,0.999,1e-12,0.0001,cosine,0.0,optimizer,optimizer,Adam,000000000000046bb4b57df65380,000000000000080f90d7596b3bca2e21,000000000000080f47e0310959e60c7c,-3.063920826456864,1227.8200056907158,699.5999923380084,154.2018970552931,1.0402824005366702,672.5096877319971,False,1,Accepted update cap reached,False,False,10000,10001,20.31350079999538,9.660000796429812e-05,0.0026918999938061,"{""alpha_per_m"": 0.0, ""beta_n_per_m_pa"": 1.0, ""curvature_weight"": [[1000.0, 0.0, 0.0], [0.0, 1000.0, 0.0], [0.0, 0.0, 10.0]], ""h_m"": 0.0005, ""force_target_n"": [0.0, 0.0, 0.0]}","[{""stage"": 0, ""cap"": 10000, ""force_epsilon"": 0.0, ""uniformity_epsilon"": 0.0, ""iterations"": 10000, ""evaluations"": 10001, ""success"": false, ""status"": 1, ""message"": ""Accepted update cap reached"", ""terminal_value"": -3.0639208264568634, ""terminal_gradient_l2"": 699.5999923380084, ""terminal_gradient_inf"": 154.2018970552931}]",computed,"original loss, reduced gauge, raw SI units",True,4.1920279846943083e-07,3.0693011357232978,0.0053803092664556,0.2360907508305355,0.7618839634054551,0000000000000497ed060733564e,000000000000080f0ccc37e7fe141c14,True,False,False,,,smoke,
Single,FE,260829,1.0,1.0,1.0,1.0,0.001,1.0,1.0,1.0,1.0,1.0,250,0.05,10000,L-BFGS-B,1e-08,0.0001,0.9,10,40,0.0,1000000,0.03,0.9,0.999,1e-12,0.0001,cosine,0.0,optimizer,optimizer,L-BFGS-B,00000000000004968658e7edfa42,000000000000080ff0a6dcbc30151ae8,000000000000080f47e0310959e60c7c,-0.0590548183378957,0.000333885270225,8.276868898637628e-09,4.990261600407118e-09,1.134759740206392e-05,0.000729393950576,True,0,CONVERGENCE: NORM OF PROJECTED GRADIENT <= PGTOL,True,True,37,44,0.0037847999919904,9.950000094249845e-05,0.0034271999902557,"{""alpha_per_m"": 10.0, ""beta_n_per_m_pa"": 0.0, ""curvature_weight"": [[1.0, 0.0, 0.0], [0.0, 1.0, 0.0], [0.0, 0.0, 1.0]], ""h_m"": 0.0005, ""force_target_n"": [0.0, 0.0, 0.0]}","[{""stage"": 0, ""cap"": 10000, ""force_epsilon"": 0.0, ""uniformity_epsilon"": 0.0, ""iterations"": 37, ""evaluations"": 44, ""success"": true, ""status"": 0, ""message"": ""CONVERGENCE: NORM OF PROJECTED GRADIENT <= PGTOL"", ""terminal_value"": -0.059054818337895706, ""terminal_gradient_l2"": 8.276868898637628e-09, ""terminal_gradient_inf"": 4.990261600407118e-09}]",computed,"original loss, reduced gauge, raw SI units",True,3.86891000626643e-07,0.0590586872479014,0.0027744423631763,0.9999999999889064,0.9999999999958248,0000000000000497ed060733564e,000000000000080f0ccc37e7fe141c14,True,True,True,0.0448610413542822,0.0022532870137583,smoke,2.9159676880283428e-05
Single,GFE,260829,1.0,1.0,1.0,1.0,0.001,1.0,1.0,1.0,1.0,1.0,250,0.05,10000,L-BFGS-B,1e-08,0.0001,0.9,10,40,0.0,1000000,0.03,0.9,0.999,1e-12,0.0001,cosine,0.0,optimizer,optimizer,L-BFGS-B,0000000000000497ed060733564e,000000000000080f0ccc37e7fe141c14,000000000000080f47e0310959e60c7c,-0.0590436754841976,0.000339560357472,4.067180075305976e-08,9.61488616636679e-09,5.582420524573891e-05,0.0007285692751741,True,0,CONVERGENCE: NORM OF PROJECTED GRADIENT <= PGTOL,True,True,34,39,0.0032672000088496,5.119999696034938e-05,0.0036018000100739,"{""alpha_per_m"": 10.0, ""beta_n_per_m_pa"": 0.0, ""curvature_weight"": [[1.0, 0.0, 0.0], [0.0, 1.0, 0.0], [0.0, 0.0, 1.0]], ""h_m"": 0.0005, ""force_target_n"": [0.0, 0.0, 1.1142852793561358e-06]}","[{""stage"": 0, ""cap"": 10000, ""force_epsilon"": 0.0, ""uniformity_epsilon"": 0.0, ""iterations"": 34, ""evaluations"": 39, ""success"": true, ""status"": 0, ""message"": ""CONVERGENCE: NORM OF PROJECTED GRADIENT <= PGTOL"", ""terminal_value"": -0.05904367548419767, ""terminal_gradient_l2"": 4.0671800753059755e-08, ""terminal_gradient_inf"": 9.61488616636679e-09}]",reused,"original loss, reduced gauge, raw SI units",True,1.5011776866024548e-06,0.0590586872610633,0.0172480342091393,1.0,1.0,0000000000000497ed060733564e,000000000000080f0ccc37e7fe141c14,True,True,True,0.0448621947945062,0.0022532822903891,smoke,2.9160426616429028e-05
Single,Conventional,260830,1.0,1.0,1.0,1.0,0.001,1.0,1.0,1.0,1.0,1.0,250,0.05,10000,BFGS,1e-08,0.0001,0.9,10,40,0.0,1000000,0.03,0.9,0.999,1e-12,0.0001,cosine,0.0,optimizer,optimizer,BFGS,000000000000046bb12a5ba90d55,000000000000080ff424513df87002b8,000000000000080fa1add3eabca6f75c,-53.57869909147282,586.6621159657062,705.870564334722,151.2639511000687,1.0367268094253337,680.8645806372,False,2,Desired error not necessarily achieved due to precision loss.,False,False,7974,9888,34.7338419000007,9.109999518841504e-05,0.0029498999938368,"{""alpha_per_m"": 0.0, ""beta_n_per_m_pa"": 1.0, ""curvature_weight"": [[1000.0, 0.0, 0.0], [0.0, 1000.0, 0.0], [0.0, 0.0, 10.0]], ""h_m"": 0.0005, ""force_target_n"": [0.0, 0.0, 0.0]}","[{""stage"": 0, ""cap"": 10000, ""force_epsilon"": 0.0, ""uniformity_epsilon"": 0.0, ""iterations"": 7974, ""evaluations"": 9888, ""success"": false, ""status"": 2, ""message"": ""Desired error not necessarily achieved due to precision loss."", ""terminal_value"": -53.57869909147282, ""terminal_gradient_l2"": 705.870564334722, ""terminal_gradient_inf"": 151.2639511000687}]",computed,"original loss, reduced gauge, raw SI units",True,2.527474238513527e-06,53.57869911849205,2.7019316955081105e-08,0.9647541555471592,0.994327034248084,0000000000000497f020b2fab504,000000000000080f4b31820442f80faf,True,True,True,0.3034788762101577,0.0019034817987865,smoke,0.0001972612695366025
Single,Conventional,260830,1.0,1.0,1.0,1.0,0.001,1.0,1.0,1.0,1.0,1.0,250,0.05,10000,L-BFGS-B,1e-08,0.0001,0.9,10,40,0.0,1000000,0.03,0.9,0.999,1e-12,0.0001,cosine,0.0,optimizer,optimizer,L-BFGS-B,000000000000046fe1396f3f15c7,000000000000080f807ac9949e122784,000000000000080fa1add3eabca6f75c,0.1038365730327123,586.6621159657062,678.0729903117542,155.71639826838657,0.995899933107354,680.8645806372,True,0,CONVERGENCE: RELATIVE REDUCTION OF F <= FACTR*EPSMCH,False,False,49,110,0.2376397000043653,0.0001059000060195,0.0027877000102307,"{""alpha_per_m"": 0.0, ""beta_n_per_m_pa"": 1.0, ""curvature_weight"": [[1000.0, 0.0, 0.0], [0.0, 1000.0, 0.0], [0.0, 0.0, 10.0]], ""h_m"": 0.0005, ""force_target_n"": [0.0, 0.0, 0.0]}","[{""stage"": 0, ""cap"": 10000, ""force_epsilon"": 0.0, ""uniformity_epsilon"": 0.0, ""iterations"": 49, ""evaluations"": 110, ""success"": true, ""status"": 0, ""message"": ""CONVERGENCE: RELATIVE REDUCTION OF F <= FACTR*EPSMCH"", ""terminal_value"": 0.10383657303271238, ""terminal_gradient_l2"": 678.0729903117542, ""terminal_gradient_inf"": 155.71639826838657}]",computed,"original loss, reduced gauge, raw SI units",True,2.302545052692778e-07,-0.103836573032506,2.0691316789454162e-13,0.0601558941166527,0.3697781533128956,0000000000000497f020b2fab504,000000000000080f4b31820442f80faf,True,False,False,,,smoke,
Single,Conventional,260830,1.0,1.0,1.0,1.0,0.001,1.0,1.0,1.0,1.0,1.0,250,0.05,10000,Adam,1e-08,0.0001,0.9,10,40,0.0,1000000,0.03,0.9,0.999,1e-12,0.0001,cosine,0.0,optimizer,optimizer,Adam,000000000000046b861c8b147c66,000000000000080f4864f46623bc0e4e,000000000000080fa1add3eabca6f75c,-3.279849087908822,586.6621159657062,679.7950161494699,154.59367379732274,0.9984291083452614,680.8645806372,False,1,Accepted update cap reached,False,False,10000,10001,21.72023069999705,0.0001316999987466,0.0029876999906264,"{""alpha_per_m"": 0.0, ""beta_n_per_m_pa"": 1.0, ""curvature_weight"": [[1000.0, 0.0, 0.0], [0.0, 1000.0, 0.0], [0.0, 0.0, 10.0]], ""h_m"": 0.0005, ""force_target_n"": [0.0, 0.0, 0.0]}","[{""stage"": 0, ""cap"": 10000, ""force_epsilon"": 0.0, ""uniformity_epsilon"": 0.0, ""iterations"": 10000, ""evaluations"": 10001, ""success"": false, ""status"": 1, ""message"": ""Accepted update cap reached"", ""terminal_value"": -3.279849087908822, ""terminal_gradient_l2"": 679.7950161494699, ""terminal_gradient_inf"": 154.59367379732274}]",computed,"original loss, reduced gauge, raw SI units",True,4.979021013396491e-07,3.281338640516916,0.0014895526080807,0.2174311106487656,0.6755845135175701,0000000000000497f020b2fab504,000000000000080f4b31820442f80faf,True,False,False,,,smoke,
Single,FE,260830,1.0,1.0,1.0,1.0,0.001,1.0,1.0,1.0,1.0,1.0,250,0.05,10000,L-BFGS-B,1e-08,0.0001,0.9,10,40,0.0,1000000,0.03,0.9,0.999,1e-12,0.0001,cosine,0.0,optimizer,optimizer,L-BFGS-B,0000000000000496e143bc3a57c5,000000000000080f589bc129c05f1134,000000000000080fa1add3eabca6f75c,-0.0590548183369843,0.0002367958328026,2.9693277073360622e-08,8.335059061460961e-09,5.2389860753721e-05,0.0005667752623536,True,0,CONVERGENCE: NORM OF PROJECTED GRADIENT <= PGTOL,True,True,37,43,0.0034773999941535,0.0001672000071266,0.0034197999921161,"{""alpha_per_m"": 10.0, ""beta_n_per_m_pa"": 0.0, ""curvature_weight"": [[1.0, 0.0, 0.0], [0.0, 1.0, 0.0], [0.0, 0.0, 1.0]], ""h_m"": 0.0005, ""force_target_n"": [0.0, 0.0, 0.0]}","[{""stage"": 0, ""cap"": 10000, ""force_epsilon"": 0.0, ""uniformity_epsilon"": 0.0, ""iterations"": 37, ""evaluations"": 43, ""success"": true, ""status"": 0, ""message"": ""CONVERGENCE: NORM OF PROJECTED GRADIENT <= PGTOL"", ""terminal_value"": -0.05905481833698433, ""terminal_gradient_l2"": 2.969327707336062e-08, ""terminal_gradient_inf"": 8.335059061460961e-09}]",computed,"original loss, reduced gauge, raw SI units",True,3.8691708978232805e-07,0.059058687507882,0.011395358446968,0.999999999973074,0.9999999999880796,0000000000000497f020b2fab504,000000000000080f4b31820442f80faf,True,True,True,0.0448813593348362,0.0022531936368368,smoke,2.917288356764353e-05
Single,GFE,260830,1.0,1.0,1.0,1.0,0.001,1.0,1.0,1.0,1.0,1.0,250,0.05,10000,L-BFGS-B,1e-08,0.0001,0.9,10,40,0.0,1000000,0.03,0.9,0.999,1e-12,0.0001,cosine,0.0,optimizer,optimizer,L-BFGS-B,0000000000000497f020b2fab504,000000000000080f4b31820442f80faf,000000000000080fa1add3eabca6f75c,-0.0590436754845484,0.0002440311271184,2.3035041586705117e-08,5.880048001506967e-09,4.0638109684128783e-05,0.0005668334911675,True,0,CONVERGENCE: NORM OF PROJECTED GRADIENT <= PGTOL,True,True,33,37,0.0032291999959852,7.690000347793102e-05,0.0034127999970223,"{""alpha_per_m"": 10.0, ""beta_n_per_m_pa"": 0.0, ""curvature_weight"": [[1.0, 0.0, 0.0], [0.0, 1.0, 0.0], [0.0, 0.0, 1.0]], ""h_m"": 0.0005, ""force_target_n"": [0.0, 0.0, 1.1142852793561358e-06]}","[{""stage"": 0, ""cap"": 10000, ""force_epsilon"": 0.0, ""uniformity_epsilon"": 0.0, ""iterations"": 33, ""evaluations"": 37, ""success"": true, ""status"": 0, ""message"": ""CONVERGENCE: NORM OF PROJECTED GRADIENT <= PGTOL"", ""terminal_value"": -0.059043675484548426, ""terminal_gradient_l2"": 2.3035041586705114e-08, ""terminal_gradient_inf"": 5.880048001506967e-09}]",reused,"original loss, reduced gauge, raw SI units",True,1.5011685715418069e-06,0.059058687170264,0.0080506054115035,1.0,1.0,0000000000000497f020b2fab504,000000000000080f4b31820442f80faf,True,True,True,0.0448552963389466,0.0022533134063203,smoke,2.915594262031529e-05
