case_id,method,levels,phase_step_deg,objective,actual_equilibrium_shift_mm,actual_root_converged,actual_root_stable,actual_stiffness_min_n_m,stiffness_retention_pct,candidate_evaluations,command_key,mechanics_setup_ms,reference_force_norm_n,transition_time_median_ms,transition_time_q25_ms,transition_time_q75_ms,timing_repeats,predicted_shift_mm,predicted_local_stable,predicted_local_stiffness_min,stable_offset_candidates
X+0_Y+0_Z45,fixed_nearest,4,90.0,-153.61946204146716,0.3473335553265261,True,True,1.5930049244030306e-05,80.69171990452058,1,,4.454139,3.63071281571191e-21,0.28258099999999997,0.2506015,0.4072665,3,,,,
X+0_Y+0_Z45,best_offset,4,90.0,-163.55049943229454,0.2683650017431538,True,True,1.649978935848494e-05,83.57766890754525,256,,4.454139,3.63071281571191e-21,25.37246,24.827621999999998,31.781678,3,,,,
X+0_Y+0_Z45,mechanics_offset,4,90.0,-158.6404959386003,0.0030994641793680618,True,True,1.6054826540218937e-05,81.32376406711283,256,Xp0_Yp0_Z45__Q0004,4.454139,3.63071281571191e-21,24.415399999999998,21.888751499999998,32.1512775,3,0.0025175878516828865,True,1.6117488304241604e-05,256.0
X+0_Y+0_Z45,fixed_nearest,8,45.0,-185.16019060055038,0.29126051798243624,True,True,1.8941006805341847e-05,95.94335789131443,1,,4.454139,3.63071281571191e-21,0.428627,0.3576875,0.6843589999999999,3,,,,
X+0_Y+0_Z45,best_offset,8,45.0,-185.67741789036089,0.05121182525688606,True,True,1.8604134381581085e-05,94.23697174992527,256,,4.454139,3.63071281571191e-21,28.876068999999998,28.757517,34.453529499999995,3,,,,
X+0_Y+0_Z45,mechanics_offset,8,45.0,-183.36442440399077,0.0005971182133748359,True,True,1.923123108849077e-05,97.41345357065575,256,Xp0_Yp0_Z45__Q0008,4.454139,3.63071281571191e-21,18.920647,18.746203,19.853747,3,0.0005809799159264813,True,1.9305657877273497e-05,256.0
X+0_Y+0_Z45,fixed_nearest,10,36.0,-186.3365214877913,0.06538535043130317,True,True,1.8961476151025292e-05,96.04704286323229,1,,4.454139,3.63071281571191e-21,2.557204,2.2091215,4.949049,3,,,,
X+0_Y+0_Z45,best_offset,10,36.0,-187.20477588704807,0.07367383073710043,True,True,1.9160186333821768e-05,97.05358503813474,256,,4.454139,3.63071281571191e-21,29.113515999999997,27.198395999999995,32.46122149999999,3,,,,
X+0_Y+0_Z45,mechanics_offset,10,36.0,-186.77405967722058,0.005404331632694073,True,True,1.920519286012354e-05,97.2815601032827,256,Xp0_Yp0_Z45__Q0010,4.454139,3.63071281571191e-21,18.462321,18.403416,24.052147499999997,3,0.005250288202747318,True,1.9273386682490495e-05,256.0
X+0_Y+0_Z45,fixed_nearest,16,22.5,-190.85498616565894,0.13067646622779566,True,True,1.951020456201328e-05,98.82655964719254,1,,4.454139,3.63071281571191e-21,0.311865,0.2745535,0.41678499999999996,3,,,,
X+0_Y+0_Z45,best_offset,16,22.5,-190.93711335483303,0.05963029680294136,True,True,1.956930072707573e-05,99.12590405759589,256,,4.454139,3.63071281571191e-21,27.983265,26.191048,31.894813,3,,,,
X+0_Y+0_Z45,mechanics_offset,16,22.5,-190.79137874474924,0.003988575880839648,True,True,1.9743097852308522e-05,100.00625218048387,256,Xp0_Yp0_Z45__Q0016,4.454139,3.63071281571191e-21,18.505162,18.366009,24.850727999999997,3,0.003882915516308479,True,1.981739178832546e-05,256.0
X+0_Y+0_Z45,fixed_nearest,32,11.25,-192.31741370772704,0.054685819368613386,True,True,1.9661447957259123e-05,99.59266460390883,1,,4.454139,3.63071281571191e-21,0.392959,0.33458350000000003,0.4213125,3,,,,
X+0_Y+0_Z45,best_offset,32,11.25,-192.40521595407898,0.027815560053205686,True,True,1.982232871660135e-05,100.40758645204653,256,,4.454139,3.63071281571191e-21,28.795688,27.462714499999997,40.414469,3,,,,
X+0_Y+0_Z45,mechanics_offset,32,11.25,-192.36793760294708,0.0012165302552270582,True,True,1.9714804685897523e-05,99.86293659970475,256,Xp0_Yp0_Z45__Q0032,4.454139,3.63071281571191e-21,24.464209,23.1277315,30.083314,3,0.0012133123156205167,True,1.978818237044171e-05,256.0
X+0_Y+0_Z45,fixed_nearest,128,2.8125,-192.9292419986041,0.012237544909393673,True,True,1.9724038915022364e-05,99.90971146013746,1,,4.454139,3.63071281571191e-21,0.691157,0.6552965,0.88906,3,,,,
X+0_Y+0_Z45,best_offset,128,2.8125,-192.9348438895398,0.021556655471689785,True,True,1.9728231108768067e-05,99.93094650582576,256,,4.454139,3.63071281571191e-21,28.811964,26.736114,32.2337045,3,,,,
X+0_Y+0_Z45,mechanics_offset,128,2.8125,-192.93119823957971,0.00032181463585677486,True,True,1.977077937242495e-05,100.14646954162,256,Xp0_Yp0_Z45__Q0128,4.454139,3.63071281571191e-21,25.081725,22.104698,29.9425605,3,0.0003218844670704895,True,1.9845649931842337e-05,256.0
X+0_Y+0_Z45,fixed_nearest,2048,0.17578125,-192.9689666820907,3.7956953868372744e-05,True,True,1.9741698722155736e-05,99.99916505748324,1,,4.454139,3.63071281571191e-21,0.735725,0.5019585,0.9530329999999999,3,,,,
X+0_Y+0_Z45,best_offset,2048,0.17578125,-192.9689816961861,0.0011368223504783059,True,True,1.9741301784364303e-05,99.99715441755394,256,,4.454139,3.63071281571191e-21,27.299578,26.852601,33.779194,3,,,,
X+0_Y+0_Z45,mechanics_offset,2048,0.17578125,-192.96897688764778,1.2411971080178785e-05,True,True,1.97418551391717e-05,99.99995736878417,256,Xp0_Yp0_Z45__Q2048,4.454139,3.63071281571191e-21,31.40718,29.075471,34.744696,3,1.2396393268027704e-05,True,1.9816272574893457e-05,256.0
X+10_Y+0_Z45,fixed_nearest,4,90.0,-218.17501340733978,0.18123880883954185,True,True,1.624082330535298e-05,83.91564967108603,1,,4.162081,2.164889762845118e-17,0.33147299999999996,0.3018425,0.6024295,3,,,,
X+10_Y+0_Z45,best_offset,4,90.0,-225.57051638674693,0.04217857960347862,True,True,1.606703632383496e-05,83.01769966053114,256,,4.162081,2.164889762845118e-17,27.735222,25.9829365,32.427281,3,,,,
X+10_Y+0_Z45,mechanics_offset,4,90.0,-213.9367647536105,0.015520749333706627,True,True,1.565552538701566e-05,80.89143999002744,256,Xp10_Yp0_Z45__Q0004,4.162081,2.164889762845118e-17,19.72461,18.898017499999998,32.03885,3,0.01195345443262105,True,1.5746744957576415e-05,256.0
X+10_Y+0_Z45,fixed_nearest,8,45.0,-255.71935623795997,0.13679778165592146,True,True,1.7911080505871645e-05,92.54579824570514,1,,4.162081,2.164889762845118e-17,0.32251599999999997,0.2845255,1.3389579999999999,3,,,,
X+10_Y+0_Z45,best_offset,8,45.0,-256.55629708292554,0.04733234626448905,True,True,1.817655086027136e-05,93.91747238063172,256,,4.162081,2.164889762845118e-17,26.029279,25.7594335,31.5942225,3,,,,
X+10_Y+0_Z45,mechanics_offset,8,45.0,-253.36915282823148,0.012809460042852076,True,True,1.8700427077106228e-05,96.62431871818401,256,Xp10_Yp0_Z45__Q0008,4.162081,2.164889762845118e-17,18.601214,18.1920245,23.7350975,3,0.012228183233614628,True,1.8799838042969314e-05,256.0
X+10_Y+0_Z45,fixed_nearest,10,36.0,-258.39891498402517,0.12181852651108634,True,True,1.8909966150920574e-05,97.70699828313028,1,,4.162081,2.164889762845118e-17,0.502773,0.41412550000000004,0.537609,3,,,,
X+10_Y+0_Z45,best_offset,10,36.0,-258.91996236053234,0.0947120772894234,True,True,1.8727029293606852e-05,96.76177124989188,256,,4.162081,2.164889762845118e-17,32.108852999999996,29.989414999999997,38.32797599999999,3,,,,
X+10_Y+0_Z45,mechanics_offset,10,36.0,-258.7761744923566,0.010222822043756422,True,True,1.8835808292039862e-05,97.32382775112033,256,Xp10_Yp0_Z45__Q0010,4.162081,2.164889762845118e-17,25.859807999999997,21.7462375,33.829375,3,0.0098967131009498,True,1.8948007878986016e-05,256.0
X+10_Y+0_Z45,fixed_nearest,16,22.5,-262.9753409736758,0.048587807275792344,True,True,1.9067637252791567e-05,98.52167822263183,1,,4.162081,2.164889762845118e-17,0.442555,0.3763955,0.446273,3,,,,
X+10_Y+0_Z45,best_offset,16,22.5,-264.0704788535055,0.05489515825852988,True,True,1.9144306298735427e-05,98.91782395238192,256,,4.162081,2.164889762845118e-17,25.398076999999997,24.9409055,25.566624499999996,3,,,,
X+10_Y+0_Z45,mechanics_offset,16,22.5,-263.99901226790234,0.005740307599903462,True,True,1.9079633369935012e-05,98.58366165442564,256,Xp10_Yp0_Z45__Q0016,4.162081,2.164889762845118e-17,18.804033999999998,18.0408135,25.076482,3,0.005653599405969927,True,1.9189763670383273e-05,256.0
X+10_Y+0_Z45,fixed_nearest,32,11.25,-266.24651760089034,0.027671464820481582,True,True,1.9267360492245207e-05,99.55363978505102,1,,4.162081,2.164889762845118e-17,2.182382,2.005336,3.7405619999999997,3,,,,
X+10_Y+0_Z45,best_offset,32,11.25,-266.3164728139023,0.07239995613415123,True,True,1.9338348446970445e-05,99.92043155586147,256,,4.162081,2.164889762845118e-17,28.045994999999998,26.682874499999997,32.9248565,3,,,,
X+10_Y+0_Z45,mechanics_offset,32,11.25,-266.25093795827047,0.00664649115525408,True,True,1.9278371864756362e-05,99.61053508282446,256,Xp10_Yp0_Z45__Q0032,4.162081,2.164889762845118e-17,21.522149,19.694713,25.745832999999998,3,0.006557247384220089,True,1.9386299570144086e-05,256.0
X+10_Y+0_Z45,fixed_nearest,128,2.8125,-267.08782946507205,0.005170550719739003,True,True,1.9356560514108356e-05,100.0145325393521,1,,4.162081,2.164889762845118e-17,0.386499,0.333488,6.232473,3,,,,
X+10_Y+0_Z45,best_offset,128,2.8125,-267.0924991168333,0.002800529437215986,True,True,1.9350957344779652e-05,99.98558119953422,256,,4.162081,2.164889762845118e-17,28.773056,26.564725,32.253294,3,,,,
X+10_Y+0_Z45,mechanics_offset,128,2.8125,-267.092373812608,0.0008553711930870331,True,True,1.9343386577600085e-05,99.94646336453059,256,Xp10_Yp0_Z45__Q0128,4.162081,2.164889762845118e-17,20.801878,19.852441499999998,27.779804999999996,3,0.0008463361565711054,True,1.9451670683926477e-05,256.0
X+10_Y+0_Z45,fixed_nearest,2048,0.17578125,-267.142093076286,0.0003011944965293926,True,True,1.9354059164038307e-05,100.00160816894079,1,,4.162081,2.164889762845118e-17,1.339856,0.9753315,1.8387884999999997,3,,,,
X+10_Y+0_Z45,best_offset,2048,0.17578125,-267.1421073094681,0.0002043013287653113,True,True,1.935377390461438e-05,100.00013424551747,256,,4.162081,2.164889762845118e-17,27.294983,27.16626,27.920921,3,,,,
X+10_Y+0_Z45,mechanics_offset,2048,0.17578125,-267.1420860650756,6.026927325154161e-05,True,True,1.935413472621274e-05,100.00199859551209,256,Xp10_Yp0_Z45__Q2048,4.162081,2.164889762845118e-17,26.090685,21.972289,28.484685,3,5.9141137846356395e-05,True,1.946224393278926e-05,256.0
X-10_Y+0_Z45,fixed_nearest,4,90.0,-273.84996170701146,0.28232235580156334,True,True,1.5970868819919584e-05,82.51261404651908,1,,20.534256,2.2202108590028683e-17,0.856205,0.727637,0.933813,3,,,,
X-10_Y+0_Z45,best_offset,4,90.0,-289.0829236792945,0.03986174964990804,True,True,1.6067036323835718e-05,83.00945815837805,256,,20.534256,2.2202108590028683e-17,26.106047,25.562354499999998,32.509578,3,,,,
X-10_Y+0_Z45,mechanics_offset,4,90.0,-274.14051489408104,0.021845902600832117,True,True,1.5655525387021027e-05,80.88340957027856,256,Xm10_Yp0_Z45__Q0004,20.534256,2.2202108590028683e-17,20.226305999999997,18.884743,25.480470999999998,3,0.01698504300481209,True,1.5755868802757314e-05,256.0
X-10_Y+0_Z45,fixed_nearest,8,45.0,-328.75292473934564,0.05993329667835569,True,True,1.8176550860270166e-05,93.90814881403229,1,,20.534256,2.2202108590028683e-17,0.327657,0.28850699999999996,0.43350449999999996,3,,,,
X-10_Y+0_Z45,best_offset,8,45.0,-328.75292473934564,0.05993329667835569,True,True,1.8176550860270166e-05,93.90814881403229,256,,20.534256,2.2202108590028683e-17,28.825473,26.8680455,32.099554999999995,3,,,,
X-10_Y+0_Z45,mechanics_offset,8,45.0,-324.6645881351304,0.012555919921989386,True,True,1.8700427077102707e-05,96.6147264320101,256,Xm10_Yp0_Z45__Q0008,20.534256,2.2202108590028683e-17,27.249886999999998,23.686096,29.501956,3,0.01167361190480624,True,1.881109780752152e-05,256.0
X-10_Y+0_Z45,fixed_nearest,10,36.0,-330.942525008331,0.055165362037239485,True,True,1.8716431125380308e-05,96.69741046589714,1,,20.534256,2.2202108590028683e-17,0.7293459999999999,0.6994265,0.7339495,3,,,,
X-10_Y+0_Z45,best_offset,10,36.0,-331.78241363133714,0.08165728411045754,True,True,1.872702929360848e-05,96.75216531827688,256,,20.534256,2.2202108590028683e-17,27.753439,26.0638115,33.286439,3,,,,
X-10_Y+0_Z45,mechanics_offset,10,36.0,-331.45144087807574,0.01782542737613566,True,True,1.8717457475532225e-05,96.70271304742333,256,Xm10_Yp0_Z45__Q0010,20.534256,2.2202108590028683e-17,18.788967,18.239257,26.2290225,3,0.0174797237500177,True,1.8827962045986695e-05,256.0
X-10_Y+0_Z45,fixed_nearest,16,22.5,-337.84806033492674,0.016731930533999073,True,True,1.9054812447091297e-05,98.44563892570801,1,,20.534256,2.2202108590028683e-17,0.291854,0.2481065,0.5664414999999999,3,,,,
X-10_Y+0_Z45,best_offset,16,22.5,-338.41222329942,0.05667246013110678,True,True,1.9146247764232327e-05,98.91803445525298,256,,20.534256,2.2202108590028683e-17,52.168229,43.2644035,58.2031965,3,,,,
X-10_Y+0_Z45,mechanics_offset,16,22.5,-338.26265892819663,0.0029694815206129264,True,True,1.9100815779011427e-05,98.68331260610574,256,Xm10_Yp0_Z45__Q0016,20.534256,2.2202108590028683e-17,18.557831999999998,18.0275995,18.871408499999998,3,0.0028989028653955274,True,1.9204326250888722e-05,256.0
X-10_Y+0_Z45,fixed_nearest,32,11.25,-341.1214127478923,0.0241137637503532,True,True,1.9293488419789435e-05,99.67874519184028,1,,20.534256,2.2202108590028683e-17,0.406059,0.36837949999999997,0.49627449999999995,3,,,,
X-10_Y+0_Z45,best_offset,32,11.25,-341.25213811901193,0.06327338857598874,True,True,1.9343323415314845e-05,99.93621495119797,256,,20.534256,2.2202108590028683e-17,25.502439,24.9078055,30.701212999999996,3,,,,
X-10_Y+0_Z45,mechanics_offset,32,11.25,-341.22664567492285,0.005212637663876836,True,True,1.9288105659306725e-05,99.65093545630099,256,Xm10_Yp0_Z45__Q0032,20.534256,2.2202108590028683e-17,29.257341,24.212425500000002,39.94934,3,0.005156652927627357,True,1.939489385242599e-05,256.0
X-10_Y+0_Z45,fixed_nearest,128,2.8125,-342.23079558042207,0.01194539549282482,True,True,1.9355386280407123e-05,99.99853707924731,1,,20.534256,2.2202108590028683e-17,0.8342419999999999,0.7626195,1.6466925,3,,,,
X-10_Y+0_Z45,best_offset,128,2.8125,-342.23978032359724,0.0022482558663830337,True,True,1.9356464267493298e-05,100.00410644015007,256,,20.534256,2.2202108590028683e-17,25.47277,24.910653500000002,32.501601,3,,,,
X-10_Y+0_Z45,mechanics_offset,128,2.8125,-342.23925982444706,0.0007982819073248365,True,True,1.9355801518889508e-05,100.00068238599428,256,Xm10_Yp0_Z45__Q0128,20.534256,2.2202108590028683e-17,19.984149,18.7509595,24.593930999999998,3,0.000781723263243028,True,1.9463984552482395e-05,256.0
X-10_Y+0_Z45,fixed_nearest,2048,0.17578125,-342.3026833345294,0.0003926525257669132,True,True,1.9355643135990068e-05,99.99986410946842,1,,20.534256,2.2202108590028683e-17,2.768059,1.8457474999999999,2.9486689999999998,3,,,,
X-10_Y+0_Z45,best_offset,2048,0.17578125,-342.30269897127926,0.0007431471918516331,True,True,1.9356297108701732e-05,100.00324282346094,256,,20.534256,2.2202108590028683e-17,58.222122,52.9958135,58.898638,3,,,,
X-10_Y+0_Z45,mechanics_offset,2048,0.17578125,-342.3026934959905,0.00011103259083602613,True,True,1.935683516817024e-05,100.00602267806745,256,Xm10_Yp0_Z45__Q2048,20.534256,2.2202108590028683e-17,19.586851,19.087746,24.7627945,3,0.00010944476466140129,True,1.9464950305716675e-05,256.0
X+0_Y+10_Z45,fixed_nearest,4,90.0,-170.10285502762952,0.1563220056227169,True,True,1.6415077264863217e-05,84.82844193361142,1,,6.482805,2.0881767148337366e-17,0.658334,0.6320185,1.61807,3,,,,
X+0_Y+10_Z45,best_offset,4,90.0,-173.04933912496236,0.19343366362453698,True,True,1.6143749368432874e-05,83.42629667800686,256,,6.482805,2.0881767148337366e-17,25.431642,25.067480500000002,39.9576255,3,,,,
X+0_Y+10_Z45,mechanics_offset,4,90.0,-172.71980795413378,0.013097690336310284,True,True,1.61589449047861e-05,83.5048228800095,256,Xp0_Yp10_Z45__Q0004,6.482805,2.0881767148337366e-17,18.631114999999998,18.396600999999997,18.8232835,3,0.01095766597711576,True,1.6265108885741848e-05,256.0
X+0_Y+10_Z45,fixed_nearest,8,45.0,-195.21448182330974,0.15775178104500304,True,True,1.80821024993389e-05,93.443153337211,1,,6.482805,2.0881767148337366e-17,2.313751,1.292008,2.353066,3,,,,
X+0_Y+10_Z45,best_offset,8,45.0,-196.9089192709212,0.07662300333311622,True,True,1.8264493550565383e-05,94.38569831878684,256,,6.482805,2.0881767148337366e-17,27.061362,26.1058675,36.1555475,3,,,,
X+0_Y+10_Z45,mechanics_offset,8,45.0,-195.17748255431636,0.011966145681625509,True,True,1.8688311313296825e-05,96.57586775242407,256,Xp0_Yp10_Z45__Q0008,6.482805,2.0881767148337366e-17,17.890247,17.611067499999997,18.443320999999997,3,0.011221709967512882,True,1.8787612324617783e-05,256.0
X+0_Y+10_Z45,fixed_nearest,10,36.0,-198.46009874907463,0.0290724540136619,True,True,1.8704543667946317e-05,96.65975193594709,1,,6.482805,2.0881767148337366e-17,1.2323899999999999,1.0279859999999998,2.7469664999999996,3,,,,
X+0_Y+10_Z45,best_offset,10,36.0,-198.70361623498124,0.08152190832572494,True,True,1.867978879148223e-05,96.5318257881243,256,,6.482805,2.0881767148337366e-17,28.499943,26.434929999999998,33.5562185,3,,,,
X+0_Y+10_Z45,mechanics_offset,10,36.0,-198.49218509843473,0.016878043153575408,True,True,1.868647874223962e-05,96.56639754737984,256,Xp0_Yp10_Z45__Q0010,6.482805,2.0881767148337366e-17,22.055128999999997,20.805044499999997,27.0610255,3,0.016465079499107697,True,1.879493137164218e-05,256.0
X+0_Y+10_Z45,fixed_nearest,16,22.5,-202.43336452988262,0.08412899930682123,True,True,1.9110525214929285e-05,98.75774888891175,1,,6.482805,2.0881767148337366e-17,0.800975,0.5576135,2.719806,3,,,,
X+0_Y+10_Z45,best_offset,16,22.5,-202.67378044065362,0.013695743535784887,True,True,1.9079364000032215e-05,98.59671660951243,256,,6.482805,2.0881767148337366e-17,25.279114,25.0932095,32.2957155,3,,,,
X+0_Y+10_Z45,mechanics_offset,16,22.5,-202.6516280566801,0.004450364777374217,True,True,1.9092034225937534e-05,98.66219272669134,256,Xp0_Yp10_Z45__Q0016,6.482805,2.0881767148337366e-17,26.990933,24.542689,32.5239265,3,0.004382606354866436,True,1.9194518016079264e-05,256.0
X+0_Y+10_Z45,fixed_nearest,32,11.25,-204.30805756506473,0.031684047119206964,True,True,1.9312831374409864e-05,99.80320947526211,1,,6.482805,2.0881767148337366e-17,0.37710699999999997,0.31245999999999996,0.7398529999999999,3,,,,
X+0_Y+10_Z45,best_offset,32,11.25,-204.42708106175553,0.012651038603264598,True,True,1.9293636168795516e-05,99.70401412219813,256,,6.482805,2.0881767148337366e-17,27.899082,26.4086835,32.087776,3,,,,
X+0_Y+10_Z45,mechanics_offset,32,11.25,-204.3732938029773,0.006117675867328429,True,True,1.9264786866635594e-05,99.55492914905966,256,Xp0_Yp10_Z45__Q0032,6.482805,2.0881767148337366e-17,31.134953999999997,30.763889499999998,35.108523,3,0.006020765850984077,True,1.937128608838445e-05,256.0
X+0_Y+10_Z45,fixed_nearest,128,2.8125,-205.01251145089913,0.009603317767304265,True,True,1.9344829529943766e-05,99.96856682539169,1,,6.482805,2.0881767148337366e-17,0.614753,0.433667,1.4667795,3,,,,
X+0_Y+10_Z45,best_offset,128,2.8125,-205.02504275820627,0.0008339893828841089,True,True,1.9348469625493833e-05,99.98737780197251,256,,6.482805,2.0881767148337366e-17,27.744128,26.318516,33.345734,3,,,,
X+0_Y+10_Z45,mechanics_offset,128,2.8125,-205.02504275820627,0.0008339893828841089,True,True,1.9348469625493833e-05,99.98737780197251,256,Xp0_Yp10_Z45__Q0128,6.482805,2.0881767148337366e-17,20.002124,19.844927,28.1223155,3,0.0008116532055122325,True,1.945689993259451e-05,256.0
X+0_Y+10_Z45,fixed_nearest,2048,0.17578125,-205.0637530796017,0.0002155444078424258,True,True,1.935111911348558e-05,100.00106960095921,1,,6.482805,2.0881767148337366e-17,0.265108,0.26091149999999996,0.38053000000000003,3,,,,
X+0_Y+10_Z45,best_offset,2048,0.17578125,-205.0637723593957,0.00021542502435664506,True,True,1.935068937600711e-05,99.99884884012143,256,,6.482805,2.0881767148337366e-17,29.420963999999998,28.082229499999997,34.8740095,3,,,,
X+0_Y+10_Z45,mechanics_offset,2048,0.17578125,-205.06377111118212,5.876342663745017e-05,True,True,1.9351214807877125e-05,100.00156412230722,256,Xp0_Yp10_Z45__Q2048,6.482805,2.0881767148337366e-17,17.85077,17.84731,18.482197,3,5.7683699752334605e-05,True,1.945929281494632e-05,256.0
X+0_Y-10_Z45,fixed_nearest,4,90.0,-143.89584058600772,0.17669658508264713,True,True,1.628541382124663e-05,84.17386748201343,1,,7.1156999999999995,1.9957469290638048e-17,0.365621,0.305336,2.04003,3,,,,
X+0_Y-10_Z45,best_offset,4,90.0,-148.46868009808733,0.21782632543795166,True,True,1.61437493684304e-05,83.44165121725337,256,,7.1156999999999995,1.9957469290638048e-17,25.399966,25.197577,30.870974,3,,,,
X+0_Y-10_Z45,mechanics_offset,4,90.0,-141.3151559240155,0.00984362722094679,True,True,1.5841904086995812e-05,81.88151372253411,256,Xp0_Ym10_Z45__Q0004,7.1156999999999995,1.9957469290638048e-17,30.005401,29.8577115,34.6188175,3,0.00787167637452178,True,1.593567073694427e-05,256.0
X+0_Y-10_Z45,fixed_nearest,8,45.0,-168.0756324757951,0.08634421822846738,True,True,1.7966882760182742e-05,92.86481910256585,1,,7.1156999999999995,1.9957469290638048e-17,1.362279,1.030122,1.5636125,3,,,,
X+0_Y-10_Z45,best_offset,8,45.0,-168.95083029503166,0.02510056673056751,True,True,1.8401411585530024e-05,95.11075354201978,256,,7.1156999999999995,1.9957469290638048e-17,41.042119,37.253165499999994,43.9673745,3,,,,
X+0_Y-10_Z45,mechanics_offset,8,45.0,-167.544886702707,0.012844484575162117,True,True,1.869448969987406e-05,96.62557647679155,256,Xp0_Ym10_Z45__Q0008,7.1156999999999995,1.9957469290638048e-17,22.848077999999997,20.9128805,26.154030999999996,3,0.012380762107358568,True,1.878363614237398e-05,256.0
X+0_Y-10_Z45,fixed_nearest,10,36.0,-170.05784529525434,0.10381404393516783,True,True,1.8882293991423728e-05,97.5962741651015,1,,7.1156999999999995,1.9957469290638048e-17,0.448914,0.3866055,0.5340374999999999,3,,,,
X+0_Y-10_Z45,best_offset,10,36.0,-170.4465142665016,0.0969716267540992,True,True,1.8653169773770104e-05,96.41200757259192,256,,7.1156999999999995,1.9957469290638048e-17,46.875223999999996,46.51715349999999,51.3587675,3,,,,
X+0_Y-10_Z45,mechanics_offset,10,36.0,-170.26022221064812,0.020460271199480275,True,True,1.867107566095511e-05,96.50455712592856,256,Xp0_Ym10_Z45__Q0010,7.1156999999999995,1.9957469290638048e-17,24.127094,22.383995499999997,30.563729499999997,3,0.01946534026685744,True,1.8770180397487863e-05,256.0
X+0_Y-10_Z45,fixed_nearest,16,22.5,-173.20074184042073,0.057609186975038515,True,True,1.9076669350196805e-05,98.60093550626976,1,,7.1156999999999995,1.9957469290638048e-17,1.129449,1.0025895,1.1915295,3,,,,
X+0_Y-10_Z45,best_offset,16,22.5,-173.90219884431727,0.032632741593077705,True,True,1.910256993581456e-05,98.73480698693496,256,,7.1156999999999995,1.9957469290638048e-17,25.985028,25.0758345,40.139545,3,,,,
X+0_Y-10_Z45,mechanics_offset,16,22.5,-173.88490594078584,0.004423249546223344,True,True,1.9137612606531922e-05,98.91593085357754,256,Xp0_Ym10_Z45__Q0016,7.1156999999999995,1.9957469290638048e-17,28.419658,24.24019,33.0312335,3,0.004258165960828732,True,1.9243295864167853e-05,256.0
X+0_Y-10_Z45,fixed_nearest,32,11.25,-175.38061451424696,0.012274500992307716,True,True,1.92512774775772e-05,99.50342662726449,1,,7.1156999999999995,1.9957469290638048e-17,0.9110699999999999,0.6017739999999999,0.916391,3,,,,
X+0_Y-10_Z45,best_offset,32,11.25,-175.42140018246937,0.0302045492037597,True,True,1.9295324267796558e-05,99.73108978176752,256,,7.1156999999999995,1.9957469290638048e-17,28.353433,26.433194999999998,35.663126,3,,,,
X+0_Y-10_Z45,mechanics_offset,32,11.25,-175.38731198098117,0.0034130723703759917,True,True,1.924581821872658e-05,99.47520954073013,256,Xp0_Ym10_Z45__Q0032,7.1156999999999995,1.9957469290638048e-17,18.046305999999998,18.011335,23.732954,3,0.003356467171839242,True,1.9349004772266462e-05,256.0
X+0_Y-10_Z45,fixed_nearest,128,2.8125,-175.92514756856278,0.003430029379123432,True,True,1.9334561935927574e-05,99.93389618962523,1,,7.1156999999999995,1.9957469290638048e-17,0.712027,0.6397535,0.9583039999999999,3,,,,
X+0_Y-10_Z45,best_offset,128,2.8125,-175.93206589953434,0.009724128575784821,True,True,1.9333084544407637e-05,99.92626004605633,256,,7.1156999999999995,1.9957469290638048e-17,26.210731,25.7126925,30.975280999999995,3,,,,
X+0_Y-10_Z45,mechanics_offset,128,2.8125,-175.9285693081176,0.0008219556359035741,True,True,1.934137037432264e-05,99.96908673482821,256,Xp0_Ym10_Z45__Q0128,7.1156999999999995,1.9957469290638048e-17,19.279757,19.211335,25.7647075,3,0.0008133441469819995,True,1.944980644182652e-05,256.0
X+0_Y-10_Z45,fixed_nearest,2048,0.17578125,-175.9655347248201,0.00028433824862865274,True,True,1.9347609632504844e-05,100.00133537752033,1,,7.1156999999999995,1.9957469290638048e-17,0.30994299999999997,0.27747299999999997,1.6340975,3,,,,
X+0_Y-10_Z45,best_offset,2048,0.17578125,-175.96558323149102,0.0005460744650699053,True,True,1.9347319719410648e-05,99.99983691351814,256,,7.1156999999999995,1.9957469290638048e-17,31.042468999999997,29.2744195,35.5012415,3,,,,
X+0_Y-10_Z45,mechanics_offset,2048,0.17578125,-175.96555901986255,0.00010674149951122803,True,True,1.934803284226059e-05,100.00352280746768,256,Xp0_Ym10_Z45__Q2048,7.1156999999999995,1.9957469290638048e-17,18.12568,17.9163835,26.11475,3,0.00010500622403009214,True,1.9456019813117894e-05,256.0
X+0_Y+0_Z50,fixed_nearest,4,90.0,-178.83588403000755,0.6680903104662184,True,True,1.4697862983167577e-05,83.3194362101862,1,,4.294206,8.629827106148126e-21,0.338015,0.2954905,0.4439155,3,,,,
X+0_Y+0_Z50,best_offset,4,90.0,-180.12058425950462,0.18998793138865627,True,True,1.454564790275291e-05,82.45655738913835,256,,4.294206,8.629827106148126e-21,34.967622999999996,33.733377,38.357973,3,,,,
X+0_Y+0_Z50,mechanics_offset,4,90.0,-175.2868067835389,0.011036650711664119,True,True,1.4202919178180644e-05,80.51369235242515,256,Xp0_Yp0_Z50__Q0004,4.294206,8.629827106148126e-21,19.611348,18.7132165,26.241743,3,0.00887370005946197,True,1.4241342595128117e-05,256.0
X+0_Y+0_Z50,fixed_nearest,8,45.0,-208.59763444023105,0.31573453301419335,True,True,1.679829348096403e-05,95.22638384437654,1,,4.294206,8.629827106148126e-21,0.297214,0.289899,0.4025995,3,,,,
X+0_Y+0_Z50,best_offset,8,45.0,-209.01626133844292,0.1826286824934062,True,True,1.6758452689672343e-05,95.00053385023844,256,,4.294206,8.629827106148126e-21,31.677397,28.846249,33.694469999999995,3,,,,
X+0_Y+0_Z50,mechanics_offset,8,45.0,-208.46293912534372,0.0031672276129893905,True,True,1.6982185328346647e-05,96.26883233264428,256,Xp0_Yp0_Z50__Q0008,4.294206,8.629827106148126e-21,40.302316999999995,31.6915645,48.110587499999994,3,0.0030459891032843613,True,1.704100435461177e-05,256.0
X+0_Y+0_Z50,fixed_nearest,10,36.0,-211.6265273300886,0.13342813952497284,True,True,1.7147325533177112e-05,97.20498126653123,1,,4.294206,8.629827106148126e-21,0.278508,0.2692755,0.36431199999999997,3,,,,
X+0_Y+0_Z50,best_offset,10,36.0,-211.9281534410279,0.10348237923337583,True,True,1.708090824269659e-05,96.82847406927522,256,,4.294206,8.629827106148126e-21,27.943634,26.733817,32.433662999999996,3,,,,
X+0_Y+0_Z50,mechanics_offset,10,36.0,-211.53181621927592,0.000103258198701364,True,True,1.6847989884790114e-05,95.50810346260982,256,Xp0_Yp0_Z50__Q0010,4.294206,8.629827106148126e-21,20.791193999999997,19.350262,26.139366499999998,3,9.851009899473354e-05,True,1.6902970021751964e-05,256.0
X+0_Y+0_Z50,fixed_nearest,16,22.5,-215.28956826915086,0.025930977388545506,True,True,1.7236990670220563e-05,97.71327615774946,1,,4.294206,8.629827106148126e-21,0.40568899999999997,0.38356049999999997,0.4293015,3,,,,
X+0_Y+0_Z50,best_offset,16,22.5,-216.24133630854496,0.010994927300556089,True,True,1.7520375457841448e-05,99.31973151538587,256,,4.294206,8.629827106148126e-21,26.312572,25.916943,31.262680500000002,3,,,,
X+0_Y+0_Z50,mechanics_offset,16,22.5,-216.2385441583396,0.0030404665462194663,True,True,1.753283902627786e-05,99.39038515370582,256,Xp0_Yp0_Z50__Q0016,4.294206,8.629827106148126e-21,27.74516,27.3336935,34.351040499999996,3,0.00296703924873461,True,1.759185109625163e-05,256.0
X+0_Y+0_Z50,fixed_nearest,32,11.25,-217.99547487101069,0.07581810001146966,True,True,1.756306059936203e-05,99.56170559897339,1,,4.294206,8.629827106148126e-21,0.47126799999999996,0.39257349999999996,0.518701,3,,,,
X+0_Y+0_Z50,best_offset,32,11.25,-218.02030080023573,0.06294509610052512,True,True,1.7614978250106135e-05,99.85601705053,256,,4.294206,8.629827106148126e-21,30.503833999999998,28.335418999999998,33.740433499999995,3,,,,
X+0_Y+0_Z50,mechanics_offset,32,11.25,-217.89676755472462,0.0005274645924553707,True,True,1.7708786570785065e-05,100.38779887484989,256,Xp0_Yp0_Z50__Q0032,4.294206,8.629827106148126e-21,33.821891,32.958436,40.904597499999994,3,0.0005289306406821863,True,1.7766926432950498e-05,256.0
X+0_Y+0_Z50,fixed_nearest,128,2.8125,-218.5995756898601,0.003293949526500595,True,True,1.7642298004336043e-05,100.0108876274597,1,,4.294206,8.629827106148126e-21,0.329318,0.289298,0.483302,3,,,,
X+0_Y+0_Z50,best_offset,128,2.8125,-218.60005398928897,0.0021764429647825783,True,True,1.7643195255770977e-05,100.0159739780253,256,,4.294206,8.629827106148126e-21,28.115592,27.9843625,32.971819499999995,3,,,,
X+0_Y+0_Z50,mechanics_offset,128,2.8125,-218.5966180801795,0.0003452576648753381,True,True,1.7618491807942373e-05,99.87593475273898,256,Xp0_Yp0_Z50__Q0128,4.294206,8.629827106148126e-21,19.50883,18.792144999999998,25.142763,3,0.0003417097289872193,True,1.7676246257272872e-05,256.0
X+0_Y+0_Z50,fixed_nearest,2048,0.17578125,-218.63540345095797,0.001027438430723164,True,True,1.7640578805478844e-05,100.0011418106917,1,,4.294206,8.629827106148126e-21,0.550177,0.531971,0.699786,3,,,,
X+0_Y+0_Z50,best_offset,2048,0.17578125,-218.6354379186512,0.0005661241242811443,True,True,1.764070652483835e-05,100.00186582785251,256,,4.294206,8.629827106148126e-21,44.976473,37.045013499999996,49.15433,3,,,,
X+0_Y+0_Z50,mechanics_offset,2048,0.17578125,-218.63535371472713,1.9395467484459044e-06,True,True,1.7639982594126966e-05,99.99776200005137,256,Xp0_Yp0_Z50__Q2048,4.294206,8.629827106148126e-21,19.704169999999998,19.1376105,20.15646,3,1.9373801436269e-06,True,1.769799912209691e-05,256.0
X+10_Y+0_Z50,fixed_nearest,4,90.0,-146.0258181081841,0.194216892209739,True,True,1.4369607119654733e-05,83.22228711241128,1,,4.167345,2.6745657203715652e-17,1.4449299999999998,0.9021789999999998,1.7959154999999998,3,,,,
X+10_Y+0_Z50,best_offset,4,90.0,-146.44948760444532,0.046039638645702,True,True,1.4122634449094633e-05,81.79193273131214,256,,4.167345,2.6745657203715652e-17,30.679851,28.646924,35.7136835,3,,,,
X+10_Y+0_Z50,mechanics_offset,4,90.0,-146.18166458445546,0.016626960799407557,True,True,1.430677799711182e-05,82.85840915585008,256,Xp10_Yp0_Z50__Q0004,4.167345,2.6745657203715652e-17,20.717862,19.9655105,21.6875435,3,0.013567102378492738,True,1.4386490340048983e-05,256.0
X+10_Y+0_Z50,fixed_nearest,8,45.0,-169.8412376593262,0.25347640890577694,True,True,1.6508027928481483e-05,95.60705651058885,1,,4.167345,2.6745657203715652e-17,0.492212,0.4507925,0.705608,3,,,,
X+10_Y+0_Z50,best_offset,8,45.0,-169.96475047790923,0.16928516822013984,True,True,1.6532584781020245e-05,95.7492787311089,256,,4.167345,2.6745657203715652e-17,28.869711,27.957020999999997,38.1036235,3,,,,
X+10_Y+0_Z50,mechanics_offset,8,45.0,-168.36040019249447,0.008342059229318521,True,True,1.6204174449089274e-05,93.84727412464628,256,Xp10_Yp0_Z50__Q0008,4.167345,2.6745657203715652e-17,27.332424999999997,26.823643999999998,33.207077999999996,3,0.007771406186401793,True,1.6289309723810204e-05,256.0
X+10_Y+0_Z50,fixed_nearest,10,36.0,-172.3695089620852,0.014381879228750491,True,True,1.6746046277259895e-05,96.98555149622874,1,,4.167345,2.6745657203715652e-17,1.916332,1.7803909999999998,3.4225345,3,,,,
X+10_Y+0_Z50,best_offset,10,36.0,-172.43173475546524,0.11863525388172905,True,True,1.6742211649317497e-05,96.96334305970474,256,,4.167345,2.6745657203715652e-17,36.585552,32.230737500000004,40.140812,3,,,,
X+10_Y+0_Z50,mechanics_offset,10,36.0,-172.38918226135664,0.005952373689231339,True,True,1.6733984610283216e-05,96.9156957580844,256,Xp10_Yp0_Z50__Q0010,4.167345,2.6745657203715652e-17,29.396842,27.9639945,37.121632500000004,3,0.005698198272072299,True,1.6825901471220302e-05,256.0
X+10_Y+0_Z50,fixed_nearest,16,22.5,-175.65124905608437,0.12360327303805937,True,True,1.7082740788137748e-05,98.93553433292878,1,,4.167345,2.6745657203715652e-17,0.47388199999999997,0.3638675,0.4808935,3,,,,
X+10_Y+0_Z50,best_offset,16,22.5,-175.9003025624048,0.010952193187848062,True,True,1.7100581806084262e-05,99.03886146675777,256,,4.167345,2.6745657203715652e-17,26.465358,25.511682999999998,26.866963499999997,3,,,,
X+10_Y+0_Z50,mechanics_offset,16,22.5,-175.89338868898705,0.003804912953227199,True,True,1.7075821228818305e-05,98.89545936444989,256,Xp10_Yp0_Z50__Q0016,4.167345,2.6745657203715652e-17,22.929033,20.260424999999998,28.006044000000003,3,0.0038000855338613405,True,1.7168319165231698e-05,256.0
X+10_Y+0_Z50,fixed_nearest,32,11.25,-177.28340724237066,0.021948559829502123,True,True,1.7190716627114756e-05,99.56088172048935,1,,4.167345,2.6745657203715652e-17,0.38731699999999997,0.3762255,0.5060865,3,,,,
X+10_Y+0_Z50,best_offset,32,11.25,-177.3993590541393,0.0021773068581596327,True,True,1.7236983949770513e-05,99.82884119759387,256,,4.167345,2.6745657203715652e-17,32.965542,28.5966285,40.775183999999996,3,,,,
X+10_Y+0_Z50,mechanics_offset,32,11.25,-177.3993590541393,0.0021773068581596327,True,True,1.7236983949770513e-05,99.82884119759387,256,Xp10_Yp0_Z50__Q0032,4.167345,2.6745657203715652e-17,18.245202,18.0335255,23.636691999999996,3,0.0021463287628748066,True,1.7326351572526333e-05,256.0
X+10_Y+0_Z50,fixed_nearest,128,2.8125,-177.91116053317558,0.0007184206564827214,True,True,1.7266043194386816e-05,99.99713924350355,1,,4.167345,2.6745657203715652e-17,0.6772239999999999,0.5425734999999999,0.833064,3,,,,
X+10_Y+0_Z50,best_offset,128,2.8125,-177.9115190754257,0.00411735912598835,True,True,1.7264150730239023e-05,99.98617894421729,256,,4.167345,2.6745657203715652e-17,34.437535,29.887971999999998,35.734337499999995,3,,,,
X+10_Y+0_Z50,mechanics_offset,128,2.8125,-177.91116053317558,0.0007184206564827214,True,True,1.7266043194386816e-05,99.99713924350355,256,Xp10_Yp0_Z50__Q0128,4.167345,2.6745657203715652e-17,21.156582,19.272238,31.566167,3,0.0007090831455212607,True,1.7355507280093066e-05,256.0
X+10_Y+0_Z50,fixed_nearest,2048,0.17578125,-177.94474607091178,0.00039158230145828994,True,True,1.726665745428571e-05,100.00069675995071,1,,4.167345,2.6745657203715652e-17,0.295174,0.251799,0.380762,3,,,,
X+10_Y+0_Z50,best_offset,2048,0.17578125,-177.944762663986,0.0006994703278052851,True,True,1.7266471333055007e-05,99.99961882967953,256,,4.167345,2.6745657203715652e-17,26.889961,26.5968995,34.130271,3,,,,
X+10_Y+0_Z50,mechanics_offset,2048,0.17578125,-177.9447531494488,0.00011976131633949213,True,True,1.7266260042845408e-05,99.9983951320279,256,Xp10_Yp0_Z50__Q2048,4.167345,2.6745657203715652e-17,23.55198,22.9511555,27.115544999999997,3,0.00011947505962277142,True,1.735626562625444e-05,256.0
X-10_Y+0_Z50,fixed_nearest,4,90.0,-169.3426622680251,0.04137832027313871,True,True,1.4122634449096044e-05,81.78702830376352,1,,5.891887,2.7010574261388325e-17,0.436903,0.3753385,0.4985305,3,,,,
X-10_Y+0_Z50,best_offset,4,90.0,-169.3426622680251,0.04137832027313871,True,True,1.4122634449096044e-05,81.78702830376352,256,,5.891887,2.7010574261388325e-17,24.508536,24.344431,30.298128499999997,3,,,,
X-10_Y+0_Z50,mechanics_offset,4,90.0,-169.03081427411306,0.020951673348141856,True,True,1.4306777997103821e-05,82.85344077993092,256,Xm10_Yp0_Z50__Q0004,5.891887,2.7010574261388325e-17,18.487702,18.154925,23.620321999999998,3,0.01715847375445727,True,1.438979482533285e-05,256.0
X-10_Y+0_Z50,fixed_nearest,8,45.0,-195.71109917124207,0.1805018404981879,True,True,1.665014565775852e-05,96.42435616961286,1,,5.891887,2.7010574261388325e-17,0.428709,0.3707435,2.6488994999999997,3,,,,
X-10_Y+0_Z50,best_offset,8,45.0,-196.52844417728306,0.17438212163311487,True,True,1.6532584781014364e-05,95.74353738977784,256,,5.891887,2.7010574261388325e-17,45.004658,41.363822,48.302637,3,,,,
X-10_Y+0_Z50,mechanics_offset,8,45.0,-194.67586491555855,0.010949468006748037,True,True,1.6204174449086805e-05,93.84164683179299,256,Xm10_Yp0_Z50__Q0008,5.891887,2.7010574261388325e-17,28.565254,23.43575,29.5220915,3,0.010122168502418476,True,1.629352420878996e-05,256.0
X-10_Y+0_Z50,fixed_nearest,10,36.0,-198.88064798294974,0.13455122173786035,True,True,1.6769761886773802e-05,97.11707790954917,1,,5.891887,2.7010574261388325e-17,0.575584,0.41392549999999995,0.6007579999999999,3,,,,
X-10_Y+0_Z50,best_offset,10,36.0,-199.40206502288223,0.050430761992298824,True,True,1.672676582914106e-05,96.86807905630872,256,,5.891887,2.7010574261388325e-17,27.638786999999997,27.578435999999996,31.564792499999996,3,,,,
X-10_Y+0_Z50,mechanics_offset,10,36.0,-199.04036332832817,0.007919772653228282,True,True,1.679496555715792e-05,97.26303745488008,256,Xm10_Yp0_Z50__Q0010,5.891887,2.7010574261388325e-17,22.055593,21.703727,27.1876375,3,0.007537217690199019,True,1.688506869642522e-05,256.0
X-10_Y+0_Z50,fixed_nearest,16,22.5,-203.15900372385423,0.05419190041295741,True,True,1.7140824791031085e-05,99.26597812801441,1,,5.891887,2.7010574261388325e-17,0.372388,0.33321599999999996,1.276605,3,,,,
X-10_Y+0_Z50,best_offset,16,22.5,-203.39476920641832,0.010476324566849236,True,True,1.7103366618667945e-05,99.04905028680221,256,,5.891887,2.7010574261388325e-17,43.77148,40.654631499999994,49.396916499999996,3,,,,
X-10_Y+0_Z50,mechanics_offset,16,22.5,-203.38155658150546,0.003575324019250782,True,True,1.7084137371464807e-05,98.93768983270763,256,Xm10_Yp0_Z50__Q0016,5.891887,2.7010574261388325e-17,19.147008,19.038541,25.251663999999998,3,0.003442656467192287,True,1.7172374706367948e-05,256.0
X-10_Y+0_Z50,fixed_nearest,32,11.25,-205.01130057697364,0.029646957164389344,True,True,1.720441933703653e-05,99.63426698749454,1,,5.891887,2.7010574261388325e-17,0.392043,0.3818335,0.52403,3,,,,
X-10_Y+0_Z50,best_offset,32,11.25,-205.1274548123985,0.020753576915169332,True,True,1.722539001927055e-05,99.75571244355339,256,,5.891887,2.7010574261388325e-17,51.806329,51.411525,56.490989,3,,,,
X-10_Y+0_Z50,mechanics_offset,32,11.25,-205.1234342854589,0.003582126917085577,True,True,1.7245911734331135e-05,99.87455784003743,256,Xm10_Yp0_Z50__Q0032,5.891887,2.7010574261388325e-17,18.86956,18.3245905,27.985249,3,0.0035087356277782185,True,1.733714889456313e-05,256.0
X-10_Y+0_Z50,fixed_nearest,128,2.8125,-205.7126246254546,0.011704697296716287,True,True,1.7266843266406183e-05,99.9957765696189,1,,5.891887,2.7010574261388325e-17,1.150388,0.7355875,1.157756,3,,,,
X-10_Y+0_Z50,best_offset,128,2.8125,-205.71901902017765,0.009185098156588098,True,True,1.7264150730235235e-05,99.980183548868,256,,5.891887,2.7010574261388325e-17,27.494688,27.425128,33.1079565,3,,,,
X-10_Y+0_Z50,mechanics_offset,128,2.8125,-205.71807428108175,0.000804860223752909,True,True,1.7270236276351544e-05,100.01542617546521,256,Xm10_Yp0_Z50__Q0128,5.891887,2.7010574261388325e-17,24.919014999999998,21.5155295,27.4377665,3,0.0007987685464414778,True,1.7360084339299433e-05,256.0
X-10_Y+0_Z50,fixed_nearest,2048,0.17578125,-205.75756427368097,0.0009516377703599106,True,True,1.726673488057521e-05,99.99514888538212,1,,5.891887,2.7010574261388325e-17,2.877305,2.1732139999999998,3.097239,3,,,,
X-10_Y+0_Z50,best_offset,2048,0.17578125,-205.7576004796737,0.0011774476697579423,True,True,1.7267857731913736e-05,100.00165154425473,256,,5.891887,2.7010574261388325e-17,58.201887,53.735316499999996,61.389471,3,,,,
X-10_Y+0_Z50,mechanics_offset,2048,0.17578125,-205.75759729963474,2.93840386470867e-05,True,True,1.7267332749529342e-05,99.9986112652412,256,Xm10_Yp0_Z50__Q2048,5.891887,2.7010574261388325e-17,18.449868,18.4397885,21.400844999999997,3,2.8729366909477344e-05,True,1.73573208228935e-05,256.0
X+0_Y+10_Z50,fixed_nearest,4,90.0,-210.8321150700372,0.3260870983351391,True,True,1.4355450258821932e-05,83.11049140933162,1,,8.065415999999999,2.8347246332884744e-17,1.9422979999999999,1.823248,2.0312289999999997,3,,,,
X+0_Y+10_Z50,best_offset,4,90.0,-211.4926497931173,0.021418863762033138,True,True,1.4122634449092919e-05,81.76261056926192,256,,8.065415999999999,2.8347246332884744e-17,26.711035,25.416547,30.841634999999997,3,,,,
X+0_Y+10_Z50,mechanics_offset,4,90.0,-211.04114704921466,0.017481841637246982,True,True,1.4352464955374706e-05,83.09320807568261,256,Xp0_Yp10_Z50__Q0004,8.065415999999999,2.8347246332884744e-17,22.55729,20.941276,30.8410485,3,0.013950965373645732,True,1.4423115171077035e-05,256.0
X+0_Y+10_Z50,fixed_nearest,8,45.0,-245.25844869819664,0.28392682514205575,True,True,1.6508027928491126e-05,95.57278166825395,1,,8.065415999999999,2.8347246332884744e-17,0.947392,0.907527,2.161896,3,,,,
X+0_Y+10_Z50,best_offset,8,45.0,-245.4113421998691,0.19976962918747507,True,True,1.653258478102478e-05,95.71495290250584,256,,8.065415999999999,2.8347246332884744e-17,40.307128,37.34965699999999,53.823874,3,,,,
X+0_Y+10_Z50,mechanics_offset,8,45.0,-242.89558927964612,0.016632088994563452,True,True,1.6201736961017798e-05,93.79951838761919,256,Xp0_Yp10_Z50__Q0008,8.065415999999999,2.8347246332884744e-17,28.542472999999998,27.464,35.589531,3,0.015571164774057162,True,1.628584830750308e-05,256.0
X+0_Y+10_Z50,fixed_nearest,10,36.0,-248.90434146587233,0.01929502043471119,True,True,1.674604627725712e-05,96.95078246751295,1,,8.065415999999999,2.8347246332884744e-17,0.427488,0.3777655,0.52701,3,,,,
X+0_Y+10_Z50,best_offset,10,36.0,-249.02103318892824,0.07509737704025371,True,True,1.672676582914055e-05,96.83915883407272,256,,8.065415999999999,2.8347246332884744e-17,28.303917,26.3165725,32.9985,3,,,,
X+0_Y+10_Z50,mechanics_offset,10,36.0,-248.7386956135376,0.01013700683279436,True,True,1.6758030204517304e-05,97.0201630905969,256,Xp0_Yp10_Z50__Q0010,8.065415999999999,2.8347246332884744e-17,21.139167999999998,20.874674999999996,30.499263499999998,3,0.009917714498013756,True,1.68491044151381e-05,256.0
X+0_Y+10_Z50,fixed_nearest,16,22.5,-253.69285592704148,0.12806517171213228,True,True,1.705980068497448e-05,98.76725513378886,1,,8.065415999999999,2.8347246332884744e-17,0.41778099999999996,0.35891999999999996,0.5160435,3,,,,
X+0_Y+10_Z50,best_offset,16,22.5,-254.0243703426066,0.10608761990961414,True,True,1.7146848258997587e-05,99.27121471169237,256,,8.065415999999999,2.8347246332884744e-17,47.101532,47.076544999999996,51.513318,3,,,,
X+0_Y+10_Z50,mechanics_offset,16,22.5,-253.96627288324316,0.006572994224980623,True,True,1.7102633368273176e-05,99.01523379646768,256,Xp0_Yp10_Z50__Q0016,8.065415999999999,2.8347246332884744e-17,32.363107,31.387184499999996,39.288057499999994,3,0.006415323456660493,True,1.719473890065151e-05,256.0
X+0_Y+10_Z50,fixed_nearest,32,11.25,-256.08058340063604,0.022109950188607078,True,True,1.723164014009611e-05,99.76211501635466,1,,8.065415999999999,2.8347246332884744e-17,0.38555,0.3421105,0.5797395,3,,,,
X+0_Y+10_Z50,best_offset,32,11.25,-256.16045949873813,0.004972340294112844,True,True,1.724572732547363e-05,99.84367239548182,256,,8.065415999999999,2.8347246332884744e-17,57.732600999999995,57.4108655,67.14316099999999,3,,,,
X+0_Y+10_Z50,mechanics_offset,32,11.25,-256.16045949873813,0.004972340294112844,True,True,1.724572732547363e-05,99.84367239548182,256,Xp0_Yp10_Z50__Q0032,8.065415999999999,2.8347246332884744e-17,32.771482,31.639332,35.5802425,3,0.004976156105266239,True,1.7337487238272427e-05,256.0
X+0_Y+10_Z50,fixed_nearest,128,2.8125,-256.89818562073367,0.012751831763994867,True,True,1.7263991696864548e-05,99.94941348017186,1,,8.065415999999999,2.8347246332884744e-17,0.8718199999999999,0.641574,0.9852704999999999,3,,,,
X+0_Y+10_Z50,best_offset,128,2.8125,-256.90077359908094,0.00373938201416014,True,True,1.726747279067976e-05,99.96956717876076,256,,8.065415999999999,2.8347246332884744e-17,52.124887,48.8284285,56.105098999999996,3,,,,
X+0_Y+10_Z50,mechanics_offset,128,2.8125,-256.9001877103043,0.0018698816040460457,True,True,1.7268003659831794e-05,99.97264063137312,256,Xp0_Yp10_Z50__Q0128,8.065415999999999,2.8347246332884744e-17,29.436208999999998,28.4587645,33.997947499999995,3,0.0018411377663621726,True,1.7357789884608496e-05,256.0
X+0_Y+10_Z50,fixed_nearest,2048,0.17578125,-256.9502422359421,0.0009173825053776818,True,True,1.7272584237243548e-05,99.9991597605377,1,,8.065415999999999,2.8347246332884744e-17,0.905229,0.6479495,2.5018044999999995,3,,,,
X+0_Y+10_Z50,best_offset,2048,0.17578125,-256.9502900020284,0.0002138498715243198,True,True,1.7271939241135904e-05,99.99542557299938,256,,8.065415999999999,2.8347246332884744e-17,49.353618999999995,42.772876,53.2416525,3,,,,
X+0_Y+10_Z50,mechanics_offset,2048,0.17578125,-256.9502707969502,5.543839040770904e-05,True,True,1.7273452542478262e-05,100.00418679023369,256,Xp0_Yp10_Z50__Q2048,8.065415999999999,2.8347246332884744e-17,28.987389999999998,27.883907,35.165717,3,5.5231023509163055e-05,True,1.7363479760666588e-05,256.0
X+0_Y-10_Z50,fixed_nearest,4,90.0,-229.44085492470887,0.18185738579526534,True,True,1.41313258485288e-05,81.81065893846058,1,,18.298695,2.847510041566339e-17,0.40035499999999996,0.3610845,0.5072355,3,,,,
X+0_Y-10_Z50,best_offset,4,90.0,-229.47680165272547,0.020197549722768264,True,True,1.412263444909153e-05,81.76034171255537,256,,18.298695,2.847510041566339e-17,47.372872,44.94749,54.25604,3,,,,
X+0_Y-10_Z50,mechanics_offset,4,90.0,-228.9867449461092,0.017120119182567277,True,True,1.4352464955374892e-05,83.09090229581157,256,Xp0_Ym10_Z50__Q0004,18.298695,2.847510041566339e-17,18.337581999999998,18.229024,25.721459499999998,3,0.013751721552969894,True,1.4424707561929438e-05,256.0
X+0_Y-10_Z50,fixed_nearest,8,45.0,-265.2458777389334,0.15317920549532377,True,True,1.6650145657760164e-05,96.39289351073313,1,,18.298695,2.847510041566339e-17,1.3893659999999999,1.2924824999999998,1.9588279999999998,3,,,,
X+0_Y-10_Z50,best_offset,8,45.0,-266.2763461761152,0.2021291967702885,True,True,1.653258478102282e-05,95.71229687780881,256,,18.298695,2.847510041566339e-17,46.36605,46.2446915,52.1655665,3,,,,
X+0_Y-10_Z50,mechanics_offset,8,45.0,-263.5497217757223,0.01725491949165711,True,True,1.620173696100936e-05,93.79691551488649,256,Xp0_Ym10_Z50__Q0008,18.298695,2.847510041566339e-17,18.81308,18.686881999999997,27.6392375,3,0.01613794777819333,True,1.628782504256389e-05,256.0
X+0_Y-10_Z50,fixed_nearest,10,36.0,-269.6934939917462,0.15275891958677792,True,True,1.679756928344975e-05,97.24637492429898,1,,18.298695,2.847510041566339e-17,1.111678,1.063577,1.1528415,3,,,,
X+0_Y-10_Z50,best_offset,10,36.0,-270.1950858456751,0.07741384657913171,True,True,1.672676582914175e-05,96.83647161344582,256,,18.298695,2.847510041566339e-17,55.121627,51.106972999999996,62.05349799999999,3,,,,
X+0_Y-10_Z50,mechanics_offset,10,36.0,-269.8083485407594,0.01228866969353561,True,True,1.677189395451057e-05,97.0977324259594,256,Xp0_Ym10_Z50__Q0010,18.298695,2.847510041566339e-17,24.947626,23.748283999999998,35.593515,3,0.011261075636855748,True,1.685752332158412e-05,256.0
X+0_Y-10_Z50,fixed_nearest,16,22.5,-275.3059006123887,0.029877637196339766,True,True,1.7140824791025712e-05,99.23358826578234,1,,18.298695,2.847510041566339e-17,0.555453,0.5018575,0.5973059999999999,3,,,,
X+0_Y-10_Z50,best_offset,16,22.5,-275.62521092961447,0.10373891966829399,True,True,1.7146848259000725e-05,99.26846000318425,256,,18.298695,2.847510041566339e-17,44.700224,42.4102465,49.870076,3,,,,
X+0_Y-10_Z50,mechanics_offset,16,22.5,-275.56043770505465,0.007897999548559563,True,True,1.7102633368280447e-05,99.01248619127936,256,Xp0_Ym10_Z50__Q0016,18.298695,2.847510041566339e-17,31.403609999999997,26.2404995,31.432843999999996,3,0.007749810029974186,True,1.719668781543115e-05,256.0
X+0_Y-10_Z50,fixed_nearest,32,11.25,-277.78337289954044,0.029234848912162024,True,True,1.7166899874045543e-05,99.384545065349,1,,18.298695,2.847510041566339e-17,1.334829,0.8556645,1.3652225,3,,,,
X+0_Y-10_Z50,best_offset,32,11.25,-277.94101387562154,0.006872535103196697,True,True,1.7245727325481077e-05,99.8409018016882,256,,18.298695,2.847510041566339e-17,25.772565999999998,25.3793895,31.181964999999998,3,,,,
X+0_Y-10_Z50,mechanics_offset,32,11.25,-277.9389222747006,0.005428426316317015,True,True,1.724505597471834e-05,99.83701514244146,256,Xp0_Ym10_Z50__Q0032,18.298695,2.847510041566339e-17,21.0261,20.247942000000002,25.821250999999997,3,0.0053984664406492855,True,1.7329604989073303e-05,256.0
X+0_Y-10_Z50,fixed_nearest,128,2.8125,-278.7323367231907,0.01834102578052621,True,True,1.7274203052002598e-05,100.00575667627307,1,,18.298695,2.847510041566339e-17,1.7466279999999998,1.4920385,3.6944784999999998,3,,,,
X+0_Y-10_Z50,best_offset,128,2.8125,-278.74424739323837,0.008206761130756718,True,True,1.7270333459313794e-05,99.98335439561747,256,,18.298695,2.847510041566339e-17,43.983131,42.09179,54.157758,3,,,,
X+0_Y-10_Z50,mechanics_offset,128,2.8125,-278.7438904217378,0.0023205337793406,True,True,1.726590505342344e-05,99.95771697080538,256,Xp0_Ym10_Z50__Q0128,18.298695,2.847510041566339e-17,23.471974,22.2014395,28.7024495,3,0.0022726351079886725,True,1.735693236840911e-05,256.0
X+0_Y-10_Z50,fixed_nearest,2048,0.17578125,-278.79791665237457,0.0007822354872560027,True,True,1.7273155824252978e-05,99.99969394775252,1,,18.298695,2.847510041566339e-17,1.665864,1.2469075,3.5097755,3,,,,
X+0_Y-10_Z50,best_offset,2048,0.17578125,-278.7979565371407,0.0009802483945983826,True,True,1.7273478435137545e-05,100.00156164292352,256,,18.298695,2.847510041566339e-17,31.393542999999998,29.449022999999997,35.767807999999995,3,,,,
X+0_Y-10_Z50,mechanics_offset,2048,0.17578125,-278.79795393720894,0.00014470153438313747,True,True,1.7273132110819204e-05,99.99955666327806,256,Xp0_Ym10_Z50__Q2048,18.298695,2.847510041566339e-17,31.815101,31.5797515,34.9020605,3,0.0001415848689202869,True,1.7363076026080382e-05,256.0
X+0_Y+0_Z55,fixed_nearest,4,90.0,-217.77831349505612,0.15911923889375124,True,True,1.2973788525430856e-05,83.53466266383926,1,,4.302976,5.477144429908235e-21,0.862011,0.811438,2.767976,3,,,,
X+0_Y+0_Z55,best_offset,4,90.0,-220.0858430571906,0.849879331167154,True,True,1.2335461853805942e-05,79.42465246296405,256,,4.302976,5.477144429908235e-21,50.546737,45.210494,54.014822499999994,3,,,,
X+0_Y+0_Z55,mechanics_offset,4,90.0,-214.68510973274283,0.00029816182266554926,True,True,1.2697324714957328e-05,81.75458808489903,256,Xp0_Yp0_Z55__Q0004,4.302976,5.477144429908235e-21,24.579497999999997,21.8732865,29.375285499999997,3,0.00024353967315019127,True,1.2734792949583638e-05,256.0
X+0_Y+0_Z55,fixed_nearest,8,45.0,-250.6805470734922,0.530166814520755,True,True,1.4807668875287923e-05,95.34251478743982,1,,4.302976,5.477144429908235e-21,0.43538499999999997,0.345388,1.298616,3,,,,
X+0_Y+0_Z55,best_offset,8,45.0,-253.33447375938366,0.2065634796888302,True,True,1.5263808217988608e-05,98.27947079265894,256,,4.302976,5.477144429908235e-21,40.174642999999996,39.813470499999994,42.194379,3,,,,
X+0_Y+0_Z55,mechanics_offset,8,45.0,-250.31999988502815,0.0008140529495086669,True,True,1.452238496866301e-05,93.50565003073278,256,Xp0_Yp0_Z55__Q0008,4.302976,5.477144429908235e-21,28.215218,27.654257,32.915777,3,0.0007604312375501045,True,1.4563211023148028e-05,256.0
X+0_Y+0_Z55,fixed_nearest,10,36.0,-256.6982955544242,0.05458847662645485,True,True,1.5197850644274378e-05,97.85478808262837,1,,4.302976,5.477144429908235e-21,1.571715,0.9335955,4.912084,3,,,,
X+0_Y+0_Z55,best_offset,10,36.0,-256.95643574100535,0.0016038985803731728,True,True,1.4975694617547808e-05,96.42438641429793,256,,4.302976,5.477144429908235e-21,47.184433,43.403482499999996,50.00881,3,,,,
X+0_Y+0_Z55,mechanics_offset,10,36.0,-256.80372267024904,0.0005119597869685473,True,True,1.4968968362895069e-05,96.38107790712544,256,Xp0_Yp0_Z55__Q0010,4.302976,5.477144429908235e-21,38.50924,34.86138,45.1835695,3,0.000492949715850267,True,1.5011395911688737e-05,256.0
X+0_Y+0_Z55,fixed_nearest,16,22.5,-261.86496904658577,0.15178801168430622,True,True,1.5227329053759414e-05,98.04459146869192,1,,4.302976,5.477144429908235e-21,0.310535,0.2759,0.4691345,3,,,,
X+0_Y+0_Z55,best_offset,16,22.5,-262.3929225138376,0.02143025209751241,True,True,1.544958714861563e-05,99.47565032568873,256,,4.302976,5.477144429908235e-21,33.858602999999995,32.054340499999995,45.760422999999996,3,,,,
X+0_Y+0_Z55,mechanics_offset,16,22.5,-262.2250425864705,0.002329698137994531,True,True,1.5364871047305076e-05,98.93018660618219,256,Xp0_Yp0_Z55__Q0016,4.302976,5.477144429908235e-21,29.017754,28.9234215,29.241737,3,0.0023027125002603697,True,1.5410886367374805e-05,256.0
X+0_Y+0_Z55,fixed_nearest,32,11.25,-264.46968024348536,0.023175282129667168,True,True,1.5450319592467924e-05,99.48036633057825,1,,4.302976,5.477144429908235e-21,1.512028,1.4603245,1.802794,3,,,,
X+0_Y+0_Z55,best_offset,32,11.25,-264.50018035545344,0.03005605502721945,True,True,1.544228826850312e-05,99.42865484038178,256,,4.302976,5.477144429908235e-21,37.618731,30.977711,43.460263999999995,3,,,,
X+0_Y+0_Z55,mechanics_offset,32,11.25,-264.3973411034889,0.0004080324240034896,True,True,1.550069527668415e-05,99.80472153177597,256,Xp0_Yp0_Z55__Q0032,4.302976,5.477144429908235e-21,25.889098999999998,24.362164,38.408645,3,0.0004068515567349716,True,1.554562560385545e-05,256.0
X+0_Y+0_Z55,fixed_nearest,128,2.8125,-265.23664131300245,0.036316536097029416,True,True,1.5513078182979668e-05,99.88445166597434,1,,4.302976,5.477144429908235e-21,4.573761,2.4914355,4.778528,3,,,,
X+0_Y+0_Z55,best_offset,128,2.8125,-265.23702818844447,0.031260349763244405,True,True,1.55082694539803e-05,99.85348958007192,256,,4.302976,5.477144429908235e-21,56.163072,49.511211,58.844688,3,,,,
X+0_Y+0_Z55,mechanics_offset,128,2.8125,-265.2331183542205,0.001037132194489794,True,True,1.5525880023264317e-05,99.96687920112016,256,Xp0_Yp0_Z55__Q0128,4.302976,5.477144429908235e-21,31.386063999999998,29.331991,34.298723499999994,3,0.0010303959057046536,True,1.5569872044304192e-05,256.0
X+0_Y+0_Z55,fixed_nearest,2048,0.17578125,-265.2748954829387,0.001983202549079187,True,True,1.5531741381811984e-05,100.00461887970916,1,,4.302976,5.477144429908235e-21,1.418761,1.326585,1.5751285,3,,,,
X+0_Y+0_Z55,best_offset,2048,0.17578125,-265.274928700861,0.00029041597949694365,True,True,1.5530395827832678e-05,99.9959552270269,256,,4.302976,5.477144429908235e-21,31.234931,30.249851,37.170109,3,,,,
X+0_Y+0_Z55,mechanics_offset,2048,0.17578125,-265.2749141244653,2.8800427525877177e-06,True,True,1.5531180390715804e-05,100.00100681204789,256,Xp0_Yp0_Z55__Q2048,4.302976,5.477144429908235e-21,22.768237,20.850073,28.988795,3,2.8773176672201923e-06,True,1.5575814006712986e-05,256.0
X+10_Y+0_Z55,fixed_nearest,4,90.0,-170.48590834559798,0.24391866477496268,True,True,1.2474685977884303e-05,82.16907777964826,1,,4.3250969999999995,2.933580253309589e-17,2.3121009999999997,2.06351,3.4928169999999996,3,,,,
X+10_Y+0_Z55,best_offset,4,90.0,-172.28749930589507,0.4381491423014505,True,True,1.204070052565407e-05,79.31047400855839,256,,4.3250969999999995,2.933580253309589e-17,40.460445,38.262352,42.443470500000004,3,,,,
X+10_Y+0_Z55,mechanics_offset,4,90.0,-170.40069643603994,0.014669987725487303,True,True,1.2540891749668171e-05,82.60516628887524,256,Xp10_Yp0_Z55__Q0004,4.3250969999999995,2.933580253309589e-17,31.683833,26.20897,39.53187,3,0.012022305145675516,True,1.2591038977988612e-05,256.0
X+10_Y+0_Z55,fixed_nearest,8,45.0,-195.6155269586977,0.10173825082893911,True,True,1.4242092803281534e-05,93.81074869319349,1,,4.3250969999999995,2.933580253309589e-17,0.455155,0.393834,2.9378104999999994,3,,,,
X+10_Y+0_Z55,best_offset,8,45.0,-197.81451055623282,0.11987036471246469,True,True,1.465457919523599e-05,96.52774104744115,256,,4.3250969999999995,2.933580253309589e-17,50.172897,48.28306,52.1987045,3,,,,
X+10_Y+0_Z55,mechanics_offset,8,45.0,-196.90676237743764,0.036864478179488104,True,True,1.4420188257678414e-05,94.98383948445532,256,Xp10_Yp0_Z55__Q0008,4.3250969999999995,2.933580253309589e-17,53.257633,46.571012499999995,54.51085449999999,3,0.03554041318245922,True,1.4468790847573477e-05,256.0
X+10_Y+0_Z55,fixed_nearest,10,36.0,-200.9162410299356,0.019525004539079783,True,True,1.466170558148841e-05,96.57468159466623,1,,4.3250969999999995,2.933580253309589e-17,0.33979899999999996,0.32929699999999995,0.429905,3,,,,
X+10_Y+0_Z55,best_offset,10,36.0,-201.08484956439213,0.06540704493592646,True,True,1.4695737651397566e-05,96.79884625935802,256,,4.3250969999999995,2.933580253309589e-17,37.459554,35.3233585,38.342631,3,,,,
X+10_Y+0_Z55,mechanics_offset,10,36.0,-200.53991313455805,0.004812637941719191,True,True,1.4592895995453445e-05,96.12144211137053,256,Xp10_Yp0_Z55__Q0010,4.3250969999999995,2.933580253309589e-17,23.555581999999998,21.8707615,26.884171499999997,3,0.004657356056205495,True,1.4666021054291904e-05,256.0
X+10_Y+0_Z55,fixed_nearest,16,22.5,-204.66690627814484,0.10917811418463468,True,True,1.4919553794492617e-05,98.27309307430167,1,,4.3250969999999995,2.933580253309589e-17,2.077884,1.9941495,2.0886465000000003,3,,,,
X+10_Y+0_Z55,best_offset,16,22.5,-205.06313456838697,0.01662082302085962,True,True,1.5040786305201367e-05,99.07163530771015,256,,4.3250969999999995,2.933580253309589e-17,54.704905999999994,53.09495799999999,57.783452499999996,3,,,,
X+10_Y+0_Z55,mechanics_offset,16,22.5,-204.8630346038505,0.009578074736420585,True,True,1.5024166846828958e-05,98.96216517194249,256,Xp10_Yp0_Z55__Q0016,4.3250969999999995,2.933580253309589e-17,27.839133,27.383813,29.765104,3,0.009316956251932504,True,1.5099833007054816e-05,256.0
X+10_Y+0_Z55,fixed_nearest,32,11.25,-206.79604417585048,0.06773031074697371,True,True,1.5144031374511089e-05,99.75169668524829,1,,4.3250969999999995,2.933580253309589e-17,0.94356,0.6974229999999999,1.0796299999999999,3,,,,
X+10_Y+0_Z55,best_offset,32,11.25,-206.8279578099889,0.06343294489223805,True,True,1.5123649391244994e-05,99.6174433043404,256,,4.3250969999999995,2.933580253309589e-17,51.332896,48.7094265,51.7776365,3,,,,
X+10_Y+0_Z55,mechanics_offset,32,11.25,-206.79790997901057,0.009733530217180974,True,True,1.5131708655826282e-05,99.67052859557745,256,Xp10_Yp0_Z55__Q0032,4.3250969999999995,2.933580253309589e-17,22.855307999999997,20.786071999999997,27.725094499999997,3,0.009538690677172652,True,1.5198868373840895e-05,256.0
X+10_Y+0_Z55,fixed_nearest,128,2.8125,-207.44330615909664,0.002095436335017176,True,True,1.5175934115601835e-05,99.96183574756353,1,,4.3250969999999995,2.933580253309589e-17,0.728633,0.5615424999999999,0.7665515,3,,,,
X+10_Y+0_Z55,best_offset,128,2.8125,-207.4436131837042,0.0011375839731177944,True,True,1.5180004644990286e-05,99.98864777686165,256,,4.3250969999999995,2.933580253309589e-17,51.283848,48.598841,52.28747,3,,,,
X+10_Y+0_Z55,mechanics_offset,128,2.8125,-207.44356285046123,0.0008285749707779862,True,True,1.5178953845371917e-05,99.98172630118478,256,Xp10_Yp0_Z55__Q0128,4.3250969999999995,2.933580253309589e-17,18.927481,18.5506925,19.764888,3,0.0008328785354532136,True,1.5253336816380997e-05,256.0
X+10_Y+0_Z55,fixed_nearest,2048,0.17578125,-207.4806317903152,0.0008254128888315753,True,True,1.5181678669298817e-05,99.99967434970337,1,,4.3250969999999995,2.933580253309589e-17,1.5838409999999998,1.199519,1.7665349999999997,3,,,,
X+10_Y+0_Z55,best_offset,2048,0.17578125,-207.48067080837245,0.0011522008017015195,True,True,1.518119425251595e-05,99.99648356154407,256,,4.3250969999999995,2.933580253309589e-17,48.366278,47.999427999999995,53.610145,3,,,,
X+10_Y+0_Z55,mechanics_offset,2048,0.17578125,-207.4806623935373,6.070620749594504e-05,True,True,1.518197478869611e-05,100.00162484832366,256,Xp10_Yp0_Z55__Q2048,4.3250969999999995,2.933580253309589e-17,20.385486,19.731594,27.900336499999998,3,5.9674207142217846e-05,True,1.525600315952758e-05,256.0
X-10_Y+0_Z55,fixed_nearest,4,90.0,-205.57910988270947,0.3222780701545419,True,True,1.2244084522485599e-05,80.58628969699772,1,,3.735807,3.2672667041336594e-17,0.628351,0.572534,0.9709014999999999,3,,,,
X-10_Y+0_Z55,best_offset,4,90.0,-205.70200539840252,0.49003854233398375,True,True,1.2040700525656726e-05,79.24768723487932,256,,3.735807,3.2672667041336594e-17,29.9544,29.192867,37.135107,3,,,,
X-10_Y+0_Z55,mechanics_offset,4,90.0,-203.3082614029369,0.015532497092202842,True,True,1.2561354738225867e-05,82.6744514922647,256,Xm10_Yp0_Z55__Q0004,3.735807,3.2672667041336594e-17,28.303783,26.900422499999998,31.733019999999996,3,0.01281782833885741,True,1.2616223735574168e-05,256.0
X-10_Y+0_Z55,fixed_nearest,8,45.0,-236.0333315643517,0.12783927590371488,True,True,1.469921754807307e-05,96.74511814034254,1,,3.735807,3.2672667041336594e-17,0.752539,0.6214575,1.118271,3,,,,
X-10_Y+0_Z55,best_offset,8,45.0,-236.18343472494323,0.17271494842113075,True,True,1.451935079928552e-05,95.56129799453811,256,,3.735807,3.2672667041336594e-17,42.461552,41.3891195,43.191287,3,,,,
X-10_Y+0_Z55,mechanics_offset,8,45.0,-233.70716036927746,0.027402352149280388,True,True,1.4159003209295696e-05,93.18961596104626,256,Xm10_Yp0_Z55__Q0008,3.735807,3.2672667041336594e-17,23.353424999999998,22.153185,29.511229,3,0.02594745555278018,True,1.422740473321329e-05,256.0
X-10_Y+0_Z55,fixed_nearest,10,36.0,-239.50274243400392,0.03870555370772067,True,True,1.4682806796425325e-05,96.63710830228548,1,,3.735807,3.2672667041336594e-17,0.470545,0.4159075,1.44783,3,,,,
X-10_Y+0_Z55,best_offset,10,36.0,-240.0511643151153,0.07475602150026606,True,True,1.4719645139013215e-05,96.87956541227138,256,,3.735807,3.2672667041336594e-17,26.356223999999997,25.915465499999996,37.768610499999994,3,,,,
X-10_Y+0_Z55,mechanics_offset,10,36.0,-239.54828920434423,0.005156594313145203,True,True,1.4750126379493531e-05,97.08018229556384,256,Xm10_Yp0_Z55__Q0010,3.735807,3.2672667041336594e-17,31.545371,30.638294,34.545482,3,0.005061464714776449,True,1.4820148293575257e-05,256.0
X-10_Y+0_Z55,fixed_nearest,16,22.5,-244.53315029694863,0.0513606122672897,True,True,1.5013249352610906e-05,98.81196584366268,1,,3.735807,3.2672667041336594e-17,0.387358,0.3442925,0.5559745,3,,,,
X-10_Y+0_Z55,best_offset,16,22.5,-244.77905392823735,0.022732566777582515,True,True,1.5049304734224023e-05,99.04926977785837,256,,3.735807,3.2672667041336594e-17,52.556371999999996,51.6841325,58.1259465,3,,,,
X-10_Y+0_Z55,mechanics_offset,16,22.5,-244.60200661629065,0.0104981013015202,True,True,1.5014601306858359e-05,98.82086393452788,256,Xm10_Yp0_Z55__Q0016,3.735807,3.2672667041336594e-17,22.654645,21.507815,23.269612,3,0.010203405325559241,True,1.5084964127556428e-05,256.0
X-10_Y+0_Z55,fixed_nearest,32,11.25,-246.85632172975681,0.03439887892115093,True,True,1.5093475568907365e-05,99.33998679091174,1,,3.735807,3.2672667041336594e-17,0.43034799999999995,0.37491749999999996,0.5074945,3,,,,
X-10_Y+0_Z55,best_offset,32,11.25,-246.89021645011942,0.035392286360686746,True,True,1.5177264158845206e-05,99.89145403777971,256,,3.735807,3.2672667041336594e-17,50.072655999999995,38.118475,50.115297999999996,3,,,,
X-10_Y+0_Z55,mechanics_offset,32,11.25,-246.88947524223167,0.004065296256270773,True,True,1.5167813975290694e-05,99.82925622885286,256,Xm10_Yp0_Z55__Q0032,3.735807,3.2672667041336594e-17,20.008195999999998,19.6548825,27.016337,3,0.003981332512280876,True,1.5241354468894321e-05,256.0
X-10_Y+0_Z55,fixed_nearest,128,2.8125,-247.62546745265868,0.0032915741272354217,True,True,1.5196518449365683e-05,100.01817905596656,1,,3.735807,3.2672667041336594e-17,5.479457,2.9929675,10.307424,3,,,,
X-10_Y+0_Z55,best_offset,128,2.8125,-247.62606097142927,0.0013840893916169984,True,True,1.5193147678490664e-05,99.99599381886388,256,,3.735807,3.2672667041336594e-17,56.386019,50.825306999999995,57.886073499999995,3,,,,
X-10_Y+0_Z55,mechanics_offset,128,2.8125,-247.6249082655621,0.000926539758876141,True,True,1.519631003158881e-05,100.01680732292157,256,Xm10_Yp0_Z55__Q0128,3.735807,3.2672667041336594e-17,36.132643,31.403073,42.216136,3,0.0009105418417468277,True,1.527063379529583e-05,256.0
X-10_Y+0_Z55,fixed_nearest,2048,0.17578125,-247.67049042169526,0.0008210654833811843,True,True,1.5194310382263088e-05,100.0036463291732,1,,3.735807,3.2672667041336594e-17,0.346166,0.3035075,0.46541849999999996,3,,,,
X-10_Y+0_Z55,best_offset,2048,0.17578125,-247.6704984646516,0.0004834789791395296,True,True,1.519354311263055e-05,99.99859642831946,256,,3.735807,3.2672667041336594e-17,43.038266,34.9874955,46.095183,3,,,,
X-10_Y+0_Z55,mechanics_offset,2048,0.17578125,-247.6704933598456,4.5760184727048574e-05,True,True,1.5194268570984646e-05,100.00337114193556,256,Xm10_Yp0_Z55__Q2048,3.735807,3.2672667041336594e-17,37.154697999999996,28.146651999999996,38.226845,3,4.5661708361849106e-05,True,1.5268325952885e-05,256.0
X+0_Y+10_Z55,fixed_nearest,4,90.0,-171.37077463766164,0.2417681856027615,True,True,1.2484941325097795e-05,82.20593074243303,1,,3.8366219999999998,3.08430108820788e-17,0.412864,0.37080199999999996,0.5272945,3,,,,
X+0_Y+10_Z55,best_offset,4,90.0,-172.8716459964908,0.6133994747757989,True,True,1.2107979637111948e-05,79.72386169555487,256,,3.8366219999999998,3.08430108820788e-17,46.898880999999996,37.083028999999996,51.648749499999994,3,,,,
X+0_Y+10_Z55,mechanics_offset,4,90.0,-170.95931846565455,0.011068423841153575,True,True,1.2540891749662411e-05,82.57433109026026,256,Xp0_Yp10_Z55__Q0004,3.8366219999999998,3.08430108820788e-17,29.855269999999997,26.472012499999998,31.5528865,3,0.009172476374221203,True,1.2605293673442908e-05,256.0
X+0_Y+10_Z55,fixed_nearest,8,45.0,-198.04250726767043,0.06882423325334781,True,True,1.4456008455691713e-05,95.1842382736477,1,,3.8366219999999998,3.08430108820788e-17,0.8524309999999999,0.830435,2.374084,3,,,,
X+0_Y+10_Z55,best_offset,8,45.0,-198.4740764981004,0.09543781131456727,True,True,1.4654579195230316e-05,96.49170877246128,256,,3.8366219999999998,3.08430108820788e-17,57.010518,51.2737745,57.732795499999995,3,,,,
X+0_Y+10_Z55,mechanics_offset,8,45.0,-197.5658275263443,0.02259748273457961,True,True,1.442018825767868e-05,94.94838352348397,256,Xp0_Yp10_Z55__Q0008,3.8366219999999998,3.08430108820788e-17,39.676488,37.1738335,43.8877935,3,0.021363175080440826,True,1.4486083358929012e-05,256.0
X+0_Y+10_Z55,fixed_nearest,10,36.0,-201.32919244652936,0.11277926118975719,True,True,1.466628895123272e-05,96.56881056780648,1,,3.8366219999999998,3.08430108820788e-17,0.653674,0.507367,0.9441675,3,,,,
X+0_Y+10_Z55,best_offset,10,36.0,-201.76149911304068,0.04726719332858152,True,True,1.471964513901624e-05,96.92012940570882,256,,3.8366219999999998,3.08430108820788e-17,50.262459,48.5914065,54.076141,3,,,,
X+0_Y+10_Z55,mechanics_offset,10,36.0,-201.56770308615043,0.004156405205696722,True,True,1.4660746221285532e-05,96.53231497985793,256,Xp0_Yp10_Z55__Q0010,3.8366219999999998,3.08430108820788e-17,34.293166,31.841733499999997,36.758045499999994,3,0.003968070225788898,True,1.4735461937803901e-05,256.0
X+0_Y+10_Z55,fixed_nearest,16,22.5,-205.1682163466854,0.030809961340022524,True,True,1.4886805895913579e-05,98.02078380580049,1,,3.8366219999999998,3.08430108820788e-17,3.9982879999999996,2.3778214999999996,4.4814405,3,,,,
X+0_Y+10_Z55,best_offset,16,22.5,-205.72988514595409,0.028498545091766365,True,True,1.5051855861940608e-05,99.10753990043938,256,,3.8366219999999998,3.08430108820788e-17,27.779325999999998,26.768978499999996,38.1393745,3,,,,
X+0_Y+10_Z55,mechanics_offset,16,22.5,-205.53639177564304,0.012854387633757408,True,True,1.5007437440947347e-05,98.81507095366749,256,Xp0_Yp10_Z55__Q0016,3.8366219999999998,3.08430108820788e-17,25.875633,25.800097,28.9482865,3,0.01252136851853385,True,1.5088065453441803e-05,256.0
X+0_Y+10_Z55,fixed_nearest,32,11.25,-207.48909092273982,0.029338797087932408,True,True,1.5170994859668664e-05,99.89199950989443,1,,3.8366219999999998,3.08430108820788e-17,0.41887399999999997,0.39196549999999997,0.518018,3,,,,
X+0_Y+10_Z55,best_offset,32,11.25,-207.50294053418463,0.03241405122317084,True,True,1.5174014915779855e-05,99.91188478745002,256,,3.8366219999999998,3.08430108820788e-17,56.20128,51.86645299999999,57.4390485,3,,,,
X+0_Y+10_Z55,mechanics_offset,32,11.25,-207.475703387622,0.006114503593890632,True,True,1.5114597571262888e-05,99.5206568288178,256,Xp0_Yp10_Z55__Q0032,3.8366219999999998,3.08430108820788e-17,31.435923,30.7580545,37.910982,3,0.006039892018740946,True,1.5188626712349088e-05,256.0
X+0_Y+10_Z55,fixed_nearest,128,2.8125,-208.1161600832168,0.010206625416392286,True,True,1.5183702516234681e-05,99.97567188835124,1,,3.8366219999999998,3.08430108820788e-17,0.355131,0.314142,0.4359785,3,,,,
X+0_Y+10_Z55,best_offset,128,2.8125,-208.12247785454358,0.0017724510447436471,True,True,1.5179342532889627e-05,99.94696398500042,256,,3.8366219999999998,3.08430108820788e-17,40.853522,38.3590825,44.0250295,3,,,,
X+0_Y+10_Z55,mechanics_offset,128,2.8125,-208.12244345341676,0.0006988587639591367,True,True,1.5180544534746951e-05,99.95487845402855,256,Xp0_Yp10_Z55__Q0128,3.8366219999999998,3.08430108820788e-17,35.696066,34.192085500000005,38.286662,3,0.0006840873033914907,True,1.5254919612705538e-05,256.0
X+0_Y+10_Z55,fixed_nearest,2048,0.17578125,-208.15968526389545,0.0003754863075134083,True,True,1.5187109018899159e-05,99.99810168716391,1,,3.8366219999999998,3.08430108820788e-17,0.882428,0.6504255,0.9152205,3,,,,
X+0_Y+10_Z55,best_offset,2048,0.17578125,-208.15970537732758,0.0002800193948337729,True,True,1.5187327493263084e-05,99.99954021121958,256,,3.8366219999999998,3.08430108820788e-17,36.642990999999995,32.603970999999994,37.531352,3,,,,
X+0_Y+10_Z55,mechanics_offset,2048,0.17578125,-208.1596848756888,3.238153791698776e-05,True,True,1.5187317303880899e-05,99.99947312018374,256,Xp0_Yp10_Z55__Q2048,3.8366219999999998,3.08430108820788e-17,22.376887,21.89302,27.079033,3,3.1848238294685813e-05,True,1.5261363243927696e-05,256.0
X+0_Y-10_Z55,fixed_nearest,4,90.0,-228.10083131215885,0.33072266099498276,True,True,1.2244084522491933e-05,80.57582760382172,1,,4.07378,3.3280000480658486e-17,0.5111899999999999,0.40981949999999995,0.5504264999999999,3,,,,
X+0_Y-10_Z55,best_offset,4,90.0,-228.22850578471065,0.4985566706393409,True,True,1.2040700525652851e-05,79.23739892533798,256,,4.07378,3.3280000480658486e-17,43.76886,38.7329225,52.082825,3,,,,
X+0_Y-10_Z55,mechanics_offset,4,90.0,-225.56840001461052,0.014503868105440272,True,True,1.2561354738233929e-05,82.66371830406098,256,Xp0_Ym10_Z55__Q0004,4.07378,3.3280000480658486e-17,20.008789,19.631482,25.227976499999997,3,0.011847996969397806,True,1.262117232569374e-05,256.0
X+0_Y-10_Z55,fixed_nearest,8,45.0,-261.7923270869953,0.13430499907115917,True,True,1.4727532536191437e-05,96.91889340407144,1,,4.07378,3.3280000480658486e-17,0.38356599999999996,0.3778895,0.5139005,3,,,,
X+0_Y-10_Z55,best_offset,8,45.0,-262.0533527412476,0.16428819933473493,True,True,1.4519350799281277e-05,95.54889177489913,256,,4.07378,3.3280000480658486e-17,29.883114,27.8201885,33.2463515,3,,,,
X+0_Y-10_Z55,mechanics_offset,8,45.0,-260.73809645811053,0.02464399832106658,True,True,1.4430179572340644e-05,94.96207408379361,256,Xp0_Ym10_Z55__Q0008,4.07378,3.3280000480658486e-17,21.493906,20.407423,25.059543499999997,3,0.023635304966283723,True,1.4485619909792128e-05,256.0
X+0_Y-10_Z55,fixed_nearest,10,36.0,-265.73222207532945,0.04464021222310998,True,True,1.4682806796427881e-05,96.62456241590964,1,,4.07378,3.3280000480658486e-17,0.6577729999999999,0.48190349999999993,53.208463,3,,,,
X+0_Y-10_Z55,best_offset,10,36.0,-266.3285659101968,0.08329146427005318,True,True,1.4719645139016782e-05,96.8669880489736,256,,4.07378,3.3280000480658486e-17,47.369319999999995,46.322457,50.8796435,3,,,,
X+0_Y-10_Z55,mechanics_offset,10,36.0,-265.7738427612651,0.005069498935618783,True,True,1.4750126379494014e-05,97.06757888721327,256,Xp0_Ym10_Z55__Q0010,4.07378,3.3280000480658486e-17,20.911535999999998,20.7431755,31.99973,3,0.0047457186178453065,True,1.4826320598050444e-05,256.0
X+0_Y-10_Z55,fixed_nearest,16,22.5,-271.30283817825773,0.059832971348872215,True,True,1.5013249352609126e-05,98.79913760696746,1,,4.07378,3.3280000480658486e-17,0.316696,0.2868235,0.4342705,3,,,,
X+0_Y-10_Z55,best_offset,16,22.5,-271.5774908925534,0.03129678742547461,True,True,1.5037107108644623e-05,98.95614064249854,256,,4.07378,3.3280000480658486e-17,53.762111,49.332246999999995,57.6612475,3,,,,
X+0_Y-10_Z55,mechanics_offset,16,22.5,-271.3757253430951,0.01270531261058093,True,True,1.5027231242480913e-05,98.8911495777943,256,Xp0_Ym10_Z55__Q0016,4.07378,3.3280000480658486e-17,19.170797999999998,18.631144499999998,24.441649499999997,3,0.012341207995091872,True,1.5099598010451116e-05,256.0
X+0_Y-10_Z55,fixed_nearest,32,11.25,-273.8812149090972,0.0299387855327296,True,True,1.5091706690884305e-05,99.31544937788857,1,,4.07378,3.3280000480658486e-17,1.008467,0.6688735,1.2908374999999999,3,,,,
X+0_Y-10_Z55,best_offset,32,11.25,-273.9214686179252,0.027150483777334925,True,True,1.517726415884527e-05,99.87848565683441,256,,4.07378,3.3280000480658486e-17,46.831838,46.1417485,49.3740825,3,,,,
X+0_Y-10_Z55,mechanics_offset,32,11.25,-273.91795466653,0.004033772994226135,True,True,1.5174989622842252e-05,99.86351739844635,256,Xp0_Ym10_Z55__Q0032,4.07378,3.3280000480658486e-17,19.855113,19.1094485,20.6964825,3,0.00404213538902021,True,1.5246069768116507e-05,256.0
X+0_Y-10_Z55,fixed_nearest,128,2.8125,-274.7342177676121,0.00657963093993974,True,True,1.52001327508045e-05,100.02897920495262,1,,4.07378,3.3280000480658486e-17,0.842063,0.7175955,0.85085,3,,,,
X+0_Y-10_Z55,best_offset,128,2.8125,-274.73560420299816,0.0020756945610954985,True,True,1.5197476723615115e-05,100.01150043073068,256,,4.07378,3.3280000480658486e-17,43.70861,34.782769,48.896438,3,,,,
X+0_Y-10_Z55,mechanics_offset,128,2.8125,-274.73505571709927,0.0020953360179409735,True,True,1.5191623500758257e-05,99.97298156270305,256,Xp0_Ym10_Z55__Q0128,4.07378,3.3280000480658486e-17,20.466131999999998,19.384091499999997,26.2328755,3,0.0020662662098640547,True,1.526510354648736e-05,256.0
X+0_Y-10_Z55,fixed_nearest,2048,0.17578125,-274.7850949144402,0.000811621317753409,True,True,1.5195459339870735e-05,99.99822443900592,1,,4.07378,3.3280000480658486e-17,0.669064,0.611304,0.7791755,3,,,,
X+0_Y-10_Z55,best_offset,2048,0.17578125,-274.7851094572722,0.0004340891149929371,True,True,1.519565900206783e-05,99.99953837527796,256,,4.07378,3.3280000480658486e-17,38.516103,35.42635,43.680778000000004,3,,,,
X+0_Y-10_Z55,mechanics_offset,2048,0.17578125,-274.785065018523,4.344189390203064e-05,True,True,1.5195995606886633e-05,100.00175350306483,256,Xp0_Ym10_Z55__Q2048,4.07378,3.3280000480658486e-17,28.236376999999997,23.688385999999998,29.413070499999996,3,4.228358313132445e-05,True,1.5270079879437145e-05,256.0
